video_id,title,artist_name,video_type,has_isrc,published_at,metrics_date,year,month,week,day_of_week,days_since_publish,view_count,like_count,comment_count,est_revenue_usd,like_rate,comment_rate,engagement_rate,views_per_day,views_growth_rate,revenue_growth_rate,fetched_at
-9D2Sa43MZE,My single FOOL is out nowww! #rnb #newmusicfriday #newmusic,Raiche,Music Content,False,2022-07-23 13:00:00,2025-09-15,2025,9,38,Monday,1150,1120,101,3,2.8000000000000003,9.017857142857142,0.26785714285714285,9.285714285714285,0.9739130434782609,0.0,0.0,2025-09-15 06:33:13
-Ah8t-PyZLk,You guys fucking rock. Thanks for getting your kazoos warmed up before the show!,Corook,Music Content,False,2023-09-26 16:55:13,2025-09-15,2025,9,38,Monday,720,447,43,3,1.1175,9.619686800894854,0.6711409395973155,10.290827740492169,0.6208333333333333,0.0,0.0,2025-09-15 06:33:55
-Ia1XnE3ykI,C*NTY GANG,Flyana Boss,Music Content,False,2025-07-12 22:00:53,2025-09-12,2025,9,37,Friday,62,14691,1391,23,36.7275,9.468382002586617,0.15655843713838405,9.624940439725002,236.9516129032258,0.0,0.0,2025-09-12 08:06:09
-Ia1XnE3ykI,C*NTY GANG,Flyana Boss,Music Content,False,2025-07-12 22:00:53,2025-09-14,2025,9,37,Sunday,64,14871,1403,23,37.1775,9.43446977338444,0.15466343890794162,9.589133212292381,232.359375,1.225239942822136,1.2252399428221439,2025-09-14 03:26:22
-IlC0tEU_Oc,IK I don’t owe an explanation or anything nor do I intend on being a quantity over quality person.,Corook,Music Content,False,2025-08-25 15:13:40,2025-09-15,2025,9,38,Monday,21,6621,272,12,16.552500000000002,4.10814076423501,0.18124150430448574,4.289382268539496,315.2857142857143,0.0,0.0,2025-09-15 06:33:34
-NH7FBF755g,I GOT BLENDED UP AND NOW IM SMOOOOOOTHIE !!!!! #newmusic,Corook,Music Content,False,2022-06-17 22:43:12,2025-09-15,2025,9,38,Monday,1186,5234,562,14,13.085,10.737485670615209,0.26748184944593045,11.00496752006114,4.413153456998313,0.0,0.0,2025-09-15 06:34:25
-Pr88v9zlxI,Wait is this one for the C*NTs,Flyana Boss,Music Content,False,2025-06-14 18:47:18,2025-09-12,2025,9,37,Friday,90,18052,1300,25,45.129999999999995,7.201418125415467,0.13848881010414357,7.33990693551961,200.57777777777778,0.0,0.0,2025-09-12 08:06:09
-Pr88v9zlxI,Wait is this one for the C*NTs,Flyana Boss,Music Content,False,2025-06-14 18:47:18,2025-09-14,2025,9,37,Sunday,92,18107,1301,25,45.2675,7.185066548848512,0.1380681504390567,7.323134699287569,196.81521739130434,0.3046753822291159,0.3046753822291222,2025-09-14 03:26:22
-Q1-Ay4MB3o,"""if i were a fish"" drops tonight at midnight EST and I'm going LIVE!!",Corook,Live Performance,False,2023-04-20 23:54:06,2025-09-15,2025,9,38,Monday,879,13036,530,11,32.589999999999996,4.065664314206812,0.08438171218165082,4.150046026388463,14.830489192263936,0.0,0.0,2025-09-15 06:34:10
-XVuwmu0usI,Raiche - Girls A Gun [Official Visualizer],Raiche,Visualizer,False,2025-03-14 04:00:00,2025-09-15,2025,9,38,Monday,185,8548,391,36,21.37,4.574169396350023,0.42115114646700985,4.9953205428170335,46.20540540540541,0.0,0.0,2025-09-15 06:33:04
-ZTWW07kaIo,KISSIN AND HUGGIN AND GAY SH** 🕺🕺,Corook,Music Content,False,2024-08-07 18:15:39,2025-09-15,2025,9,38,Monday,404,1898,285,16,4.745,15.015806111696522,0.8429926238145415,15.858798735511064,4.698019801980198,0.0,0.0,2025-09-15 06:33:48
-goVrED-olQ,#BiCFizzle #TurntShit OUT NOW!!,BiC Fizzle,Music Content,False,2022-07-08 16:00:00,2025-09-12,2025,9,37,Friday,1162,7310,422,12,18.275,5.772913816689466,0.16415868673050615,5.937072503419972,6.290877796901893,0.0,0.0,2025-09-12 18:54:52
-goVrED-olQ,#BiCFizzle #TurntShit OUT NOW!!,BiC Fizzle,Music Content,False,2022-07-08 16:00:00,2025-09-14,2025,9,37,Sunday,1164,7313,423,12,18.2825,5.784219882401204,0.16409134418159443,5.948311226582798,6.2826460481099655,0.04103967168262654,0.0410396716826281,2025-09-14 03:25:50
-iRHbbNnisk,Holy carp! Tour starts on Tuesday! Is this school 🐠 bus coming to your state?,Corook,Music Content,False,2023-09-01 18:25:47,2025-09-15,2025,9,38,Monday,745,8218,501,29,20.545,6.096373813579946,0.35288391336091507,6.4492577269408615,11.030872483221476,0.0,0.0,2025-09-15 06:34:02
-qtAGkEV4a0,Black men don’t cheat!?,Flyana Boss,Music Content,False,2023-04-30 16:36:32,2025-09-12,2025,9,37,Friday,866,1098736,89839,973,2746.84,8.176577448995937,0.08855630469921802,8.265133753695155,1268.7482678983833,0.0,0.0,2025-09-12 08:06:50
-qtAGkEV4a0,Black men don’t cheat!?,Flyana Boss,Music Content,False,2023-04-30 16:36:32,2025-09-14,2025,9,37,Sunday,868,1098768,89832,973,2746.92,8.175702241055436,0.08855372562724798,8.264255966682684,1265.8617511520738,0.0029124375646197086,0.002912437564617059,2025-09-14 03:26:56
-uaWZs-ngQQ,oowee oowee!,Corook,Music Content,False,2023-12-23 23:27:46,2025-09-15,2025,9,38,Monday,632,5449,440,22,13.622499999999999,8.074876124059461,0.403743806202973,8.478619930262434,8.621835443037975,0.0,0.0,2025-09-15 06:33:48
0-HwC9SGFdg,(:,Flyana Boss,Music Content,False,2024-08-08 20:33:09,2025-09-12,2025,9,37,Friday,400,16624,1263,14,41.559999999999995,7.597449470644851,0.08421559191530317,7.681665062560154,41.56,0.0,0.0,2025-09-12 08:06:09
0-HwC9SGFdg,(:,Flyana Boss,Music Content,False,2024-08-08 20:33:09,2025-09-14,2025,9,37,Sunday,402,16661,1264,14,41.6525,7.586579437008583,0.08402856971370265,7.6706080067222855,41.4452736318408,0.22256977863330127,0.2225697786333211,2025-09-14 03:26:22
0-j4k32WqG4,FLYANA BOSS TV | Episode 1,Flyana Boss,Music Content,False,2023-09-04 18:09:31,2025-09-12,2025,9,37,Friday,739,12476,1378,112,31.19,11.045206797050337,0.8977236293683873,11.942930426418725,16.882273342354534,0.0,0.0,2025-09-12 08:06:36
0-j4k32WqG4,FLYANA BOSS TV | Episode 1,Flyana Boss,Music Content,False,2023-09-04 18:09:31,2025-09-14,2025,9,37,Sunday,741,12476,1378,112,31.19,11.045206797050337,0.8977236293683873,11.942930426418725,16.836707152496626,0.0,0.0,2025-09-14 03:26:45
00R5-_5dnDA,part 2,Corook,Music Content,False,2024-08-02 21:51:28,2025-09-15,2025,9,38,Monday,409,1188,194,5,2.9699999999999998,16.329966329966332,0.42087542087542085,16.750841750841754,2.904645476772616,0.0,0.0,2025-09-15 06:33:48
01Xe4ZL4EEA,COBRAH & Only Fire - SWEAT IT OUT (TEQUILA Remix) [Official Audio],COBRAH,Official Audio,False,2024-07-26 04:00:00,2025-09-12,2025,9,37,Friday,413,92190,1606,33,230.475,1.7420544527606032,0.03579563944028637,1.7778500922008895,223.22033898305085,0.0,0.0,2025-09-12 08:05:26
01Xe4ZL4EEA,COBRAH & Only Fire - SWEAT IT OUT (TEQUILA Remix) [Official Audio],COBRAH,Official Audio,False,2024-07-26 04:00:00,2025-09-14,2025,9,37,Sunday,415,92364,1608,33,230.91000000000003,1.7409380278030402,0.035728205794465374,1.7766662335975056,222.56385542168675,0.18874064432150991,0.18874064432152324,2025-09-14 03:25:58
0EnzEr-YtEE,"NASHVILLE! ballerina release party on Friday! 💚 Snacks, secret new music, friendship! I’ll be there",Corook,Music Content,False,2024-09-17 19:53:09,2025-09-15,2025,9,38,Monday,363,1900,158,14,4.75,8.31578947368421,0.7368421052631579,9.052631578947368,5.234159779614325,0.0,0.0,2025-09-15 06:33:48
0LiZHIMuWtw,CGI - out now :),Corook,Music Content,False,2023-04-04 20:25:10,2025-09-15,2025,9,38,Monday,895,19227,1108,34,48.0675,5.762729494981016,0.17683465959328026,5.939564154574296,21.48268156424581,0.0,0.0,2025-09-15 06:34:10
0MEUQDJv1pA,corook - realistic (music video),Corook,Music Content,False,2022-12-06 18:27:37,2025-09-15,2025,9,38,Monday,1014,330114,960,54,825.285,0.2908086297460877,0.016357985423217435,0.3071666151693051,325.5562130177515,0.0,0.0,2025-09-15 06:34:10
0Yu63kuif6M,BiC Fizzle - Reminded Myself (feat. KATO2X) [Official Audio],BiC Fizzle,Official Audio,False,2023-01-27 05:00:00,2025-09-12,2025,9,37,Friday,959,73523,1819,44,183.8075,2.4740557376603243,0.05984521850305347,2.533900956163378,76.66631908237747,0.0,0.0,2025-09-12 18:54:52
0Yu63kuif6M,BiC Fizzle - Reminded Myself (feat. KATO2X) [Official Audio],BiC Fizzle,Official Audio,False,2023-01-27 05:00:00,2025-09-14,2025,9,37,Sunday,961,73534,1820,44,183.835,2.4750455571572334,0.059836266216988065,2.5348818233742216,76.51821019771072,0.014961304625763368,0.01496130462576522,2025-09-14 03:25:50
0aj3Ko1DFhQ,corook - bad friend (music video),Corook,Music Content,False,2022-01-14 15:00:14,2025-09-15,2025,9,38,Monday,1340,374821,2333,105,937.0525,0.6224304401300887,0.02801337171609915,0.6504438118461879,279.7171641791045,0.0,0.0,2025-09-15 06:34:25
0eSwLStRaO0,does it get more serious than office supply stores?,Corook,Music Content,False,2023-07-25 22:21:53,2025-09-15,2025,9,38,Monday,783,1539,98,14,3.8474999999999997,6.367771280051981,0.9096816114359974,7.277452891487979,1.9655172413793103,0.0,0.0,2025-09-15 06:34:02
0fuHtrITKgY,corook - pepto bismol (lyric video),Corook,Lyric Video,False,2025-02-28 05:00:00,2025-09-15,2025,9,38,Monday,199,4191,139,11,10.4775,3.316630875685994,0.26246719160104987,3.5790980672870436,21.060301507537687,0.0,0.0,2025-09-15 06:33:34
0hYaXKRpAwY,Flyana Boss - Trashboi (Acoustic Performance Video),Flyana Boss,Live Performance,False,2024-08-02 18:00:00,2025-09-12,2025,9,37,Friday,406,20839,1748,112,52.0975,8.388118431786554,0.5374538125629829,8.925572244349537,51.327586206896555,0.0,0.0,2025-09-12 08:06:17
0hYaXKRpAwY,Flyana Boss - Trashboi (Acoustic Performance Video),Flyana Boss,Live Performance,False,2024-08-02 18:00:00,2025-09-14,2025,9,37,Sunday,408,20863,1750,112,52.1575,8.388055409097445,0.5368355461822365,8.924890955279682,51.134803921568626,0.11516867412063919,0.11516867412064355,2025-09-14 03:26:30
0sERfm7UIp4,Complicated (Live Performance) | Singing in the Shower 🚿 #RNBONLY #RNB #RNBSINGER #RAICHE,Raiche,Live Performance,False,2022-07-08 14:00:02,2025-09-15,2025,9,38,Monday,1165,3252,341,11,8.129999999999999,10.485854858548585,0.33825338253382536,10.82410824108241,2.7914163090128756,0.0,0.0,2025-09-15 06:33:13
0vqKQgMeEv4,we all deserved a big f**king meal. hope you all are feeding yourselves 💚,Corook,Music Content,False,2024-11-01 22:15:56,2025-09-15,2025,9,38,Monday,318,3379,370,22,8.4475,10.949985202722699,0.6510802012429713,11.60106540396567,10.625786163522013,0.0,0.0,2025-09-15 06:33:41
0yQqjBINB0Y,Candyman Choreo - Bada Pop Up Class #badalee #kirstendodgen DC: @Bada_bebe @KirstenDodgenn,Flyana Boss,Music Content,False,2024-06-05 19:23:14,2025-09-12,2025,9,37,Friday,464,16448,1032,11,41.120000000000005,6.27431906614786,0.06687743190661478,6.341196498054475,35.44827586206897,0.0,0.0,2025-09-12 08:06:26
0yQqjBINB0Y,Candyman Choreo - Bada Pop Up Class #badalee #kirstendodgen DC: @Bada_bebe @KirstenDodgenn,Flyana Boss,Music Content,False,2024-06-05 19:23:14,2025-09-14,2025,9,37,Sunday,466,16465,1032,11,41.1625,6.267840874582448,0.06680838141512299,6.3346492559975704,35.332618025751074,0.10335603112840468,0.10335603112839706,2025-09-14 03:26:36
11A01A9s-js,Flyana Boss - daddy? (Official Music Video),Flyana Boss,Official Music Video,False,2021-05-24 16:58:22,2025-09-12,2025,9,37,Friday,1572,148345,5102,153,370.8625,3.4392800566247597,0.10313795544170683,3.5424180120664666,94.36704834605598,0.0,0.0,2025-09-12 08:07:01
11A01A9s-js,Flyana Boss - daddy? (Official Music Video),Flyana Boss,Official Music Video,False,2021-05-24 16:58:22,2025-09-14,2025,9,37,Sunday,1574,148420,5104,153,371.04999999999995,3.43888963751516,0.10308583748820915,3.541975475003369,94.29479034307496,0.050557821294954335,0.050557821294939,2025-09-14 03:27:05
18OOXFkGoTU,LEAKING the new record 💦,COBRAH,Music Content,False,2023-09-28 17:31:17,2025-09-12,2025,9,37,Friday,715,13528,354,14,33.82,2.616794795978711,0.10348905972797162,2.7202838557066826,18.92027972027972,0.0,0.0,2025-09-12 08:05:26
18OOXFkGoTU,LEAKING the new record 💦,COBRAH,Music Content,False,2023-09-28 17:31:17,2025-09-14,2025,9,37,Sunday,717,13582,356,14,33.955,2.6211161831836254,0.1030776027094684,2.724193785893094,18.942817294281728,0.3991720875221762,0.3991720875221703,2025-09-14 03:25:58
1Agp-A3xrfQ,saviour - re6ce (unreleased),re6ce,Music Content,False,2025-08-14 18:40:00,2025-09-14,2025,9,37,Sunday,31,3833,384,27,9.5825,10.01826245760501,0.7044090790503522,10.722671536655362,123.64516129032258,0.0,0.0,2025-09-14 03:38:54
1HRjqdtzEIs,"It’s always been my dream to do what I am doing, I just didn’t realize how hard it would be.",Corook,Music Content,False,2023-12-30 05:00:00,2025-09-15,2025,9,38,Monday,625,3828,217,7,9.57,5.668756530825497,0.18286311389759666,5.851619644723093,6.1248,0.0,0.0,2025-09-15 06:33:48
1MQhScwfy-w,new new (:,Flyana Boss,Music Content,False,2024-08-07 02:01:53,2025-09-12,2025,9,37,Friday,401,7606,586,17,19.015,7.704443860110439,0.2235077570339206,7.92795161714436,18.967581047381547,0.0,0.0,2025-09-12 08:06:09
1MQhScwfy-w,new new (:,Flyana Boss,Music Content,False,2024-08-07 02:01:53,2025-09-14,2025,9,37,Sunday,403,7628,586,17,19.07,7.682223387519664,0.22286313581541686,7.905086523335081,18.92803970223325,0.28924533263213253,0.28924533263213104,2025-09-14 03:26:22
1P6FgxsgJz4,BiC Fizzle - Get Down Gang (feat. Li Rye) [Official Audio],BiC Fizzle,Official Audio,False,2023-01-24 17:00:01,2025-09-12,2025,9,37,Friday,962,29858,1112,41,74.645,3.724294996315895,0.1373166320584098,3.861611628374305,31.037422037422036,0.0,0.0,2025-09-12 18:54:52
1P6FgxsgJz4,BiC Fizzle - Get Down Gang (feat. Li Rye) [Official Audio],BiC Fizzle,Official Audio,False,2023-01-24 17:00:01,2025-09-14,2025,9,37,Sunday,964,29859,1112,41,74.64750000000001,3.7241702669211967,0.13731203322281388,3.8614823001440106,30.974066390041493,0.0033491861477660933,0.003349186147782085,2025-09-14 03:25:50
1QZxwgMx2KU,we love @TikTok and can’t believe we’ve hit 1 million followers 🦋✨,Flyana Boss,Music Content,False,2023-08-02 18:37:29,2025-09-12,2025,9,37,Friday,772,4337776,0,1153,10844.439999999999,0.0,0.026580441221492303,0.026580441221492303,5618.880829015544,0.0,0.0,2025-09-12 08:06:36
1QZxwgMx2KU,we love @TikTok and can’t believe we’ve hit 1 million followers 🦋✨,Flyana Boss,Music Content,False,2023-08-02 18:37:29,2025-09-14,2025,9,37,Sunday,774,4337824,0,1153,10844.56,0.0,0.02658014709679323,0.02658014709679323,5604.423772609819,0.001106557830556488,0.0011065578305638683,2025-09-14 03:26:45
1bW31oaDG_o,y'know what i mean?,Corook,Music Content,False,2023-09-25 16:32:13,2025-09-15,2025,9,38,Monday,721,1953,110,12,4.8825,5.6323604710701485,0.6144393241167435,6.246799795186892,2.70873786407767,0.0,0.0,2025-09-15 06:33:55
1el1xIBiUcE,This sound has people in a tizzy 😱😱😱😱,Flyana Boss,Music Content,False,2023-05-19 19:01:07,2025-09-12,2025,9,37,Friday,847,222794,9293,129,556.985,4.171117714121565,0.0579010206738063,4.229018734795371,263.038961038961,0.0,0.0,2025-09-12 08:06:36
1el1xIBiUcE,This sound has people in a tizzy 😱😱😱😱,Flyana Boss,Music Content,False,2023-05-19 19:01:07,2025-09-14,2025,9,37,Sunday,849,222797,9292,129,556.9925,4.1706127102250035,0.05790024102658473,4.228512951251588,262.4228504122497,0.0013465353645071233,0.0013465353644956928,2025-09-14 03:26:45
1kZFVrE9pGg,Raiche - Money Pies [Official Lyric Video],Raiche,Lyric Video,False,2018-07-26 03:59:50,2025-09-15,2025,9,38,Monday,2608,42103,841,67,105.25750000000001,1.9974823646771014,0.15913355342849678,2.156615918105598,16.14378834355828,0.0,0.0,2025-09-15 06:33:22
1m6SY_Yo7F4,IM BOUT TO SIN AGAIN #Flyanaboss VC: d_hatake8Daniel,Flyana Boss,Music Content,False,2024-08-14 23:10:38,2025-09-12,2025,9,37,Friday,394,9983,682,12,24.957500000000003,6.831613743363718,0.12020434739056396,6.951818090754282,25.33756345177665,0.0,0.0,2025-09-12 08:06:09
1m6SY_Yo7F4,IM BOUT TO SIN AGAIN #Flyanaboss VC: d_hatake8Daniel,Flyana Boss,Music Content,False,2024-08-14 23:10:38,2025-09-14,2025,9,37,Sunday,396,10027,685,12,25.0675,6.831554802034506,0.11967687244440013,6.951231674478906,25.32070707070707,0.44074927376540113,0.4407492737653846,2025-09-14 03:26:22
1q_ObaDVWCU,two things to celebrate: I’m in love with Olivia & realistic is out now 💘,Corook,Music Content,False,2022-11-23 22:47:05,2025-09-15,2025,9,38,Monday,1027,10034,612,27,25.085,6.099262507474586,0.2690851106238788,6.368347618098465,9.770204479065239,0.0,0.0,2025-09-15 06:34:25
28J4Ye4y3n0,Raiche - Big Daddy [Official Audio],Raiche,Official Audio,False,2023-09-01 04:00:03,2025-09-15,2025,9,38,Monday,745,14105,348,27,35.2625,2.467210209145693,0.1914214817440624,2.6586316908897554,18.93288590604027,0.0,0.0,2025-09-15 06:33:04
2IroixX1C28,if you see us running through the streets of LA hide your bikes 📣 #hiphop #besties #flyanaboss,Flyana Boss,Music Content,False,2023-06-11 02:02:01,2025-09-12,2025,9,37,Friday,824,857140,65972,449,2142.85,7.696758989196631,0.052383507945026477,7.749142497141658,1040.2184466019417,0.0,0.0,2025-09-12 08:06:36
2IroixX1C28,if you see us running through the streets of LA hide your bikes 📣 #hiphop #besties #flyanaboss,Flyana Boss,Music Content,False,2023-06-11 02:02:01,2025-09-14,2025,9,37,Sunday,826,857147,65970,449,2142.8675000000003,7.696462800429798,0.05238308014844595,7.748845880578244,1037.7082324455205,0.000816669388897963,0.0008166693889157891,2025-09-14 03:26:45
2TWNimPbMyM,Sheryl Temple is my Spirit animal #capricorn #astrology,Raiche,Music Content,False,2022-10-10 11:00:03,2025-09-15,2025,9,38,Monday,1071,3655,181,3,9.1375,4.952120383036935,0.08207934336525308,5.034199726402188,3.4126984126984126,0.0,0.0,2025-09-15 06:33:04
2YfeJ2GijNU,Raiche - I Hate Christmas [Official Video],Raiche,Official Music Video,False,2022-12-25 20:00:01,2025-09-15,2025,9,38,Monday,995,7792,295,24,19.48,3.785934291581109,0.3080082135523614,4.09394250513347,7.831155778894472,0.0,0.0,2025-09-15 06:33:04
2b1Ckc5gZmQ,"Is this uncanny or what? 😂 our book if I were a fish is out now, just in time for the holidays.",Corook,Music Content,False,2023-12-22 00:24:08,2025-09-15,2025,9,38,Monday,633,33642,1188,34,84.105,3.5313001605136436,0.10106414600796623,3.63236430652161,53.14691943127962,0.0,0.0,2025-09-15 06:33:48
2fawj2f8qSc,Flyana Boss - Spend It (Lyric Video),Flyana Boss,Lyric Video,False,2024-06-14 04:00:03,2025-09-12,2025,9,37,Friday,455,36466,1291,45,91.165,3.5402841002577743,0.1234026216201393,3.6636867218779137,80.14505494505495,0.0,0.0,2025-09-12 08:06:17
2fawj2f8qSc,Flyana Boss - Spend It (Lyric Video),Flyana Boss,Lyric Video,False,2024-06-14 04:00:03,2025-09-14,2025,9,37,Sunday,457,36521,1291,45,91.30250000000001,3.5349524930861693,0.12321677938720188,3.658169272473371,79.91466083150985,0.15082542642461472,0.15082542642461783,2025-09-14 03:26:30
2gGD4sIONoo,Raiche - Drive [Official Audio],Raiche,Official Audio,False,2019-03-01 05:00:01,2025-09-15,2025,9,38,Monday,2390,247625,3807,143,619.0625,1.5374053508329126,0.05774861181221605,1.5951539626451288,103.60878661087867,0.0,0.0,2025-09-15 06:33:13
2mhrce6cSAo,Who knew @NickCannon had his own candy store! 🍭🤷🏾‍♀️🤷🏿‍♀️ #drclipsstyle #flyanaboss,Flyana Boss,Music Content,False,2024-04-04 19:54:46,2025-09-12,2025,9,37,Friday,526,30584,1894,57,76.46,6.192780538843841,0.18637195919434998,6.379152498038191,58.14448669201521,0.0,0.0,2025-09-12 08:06:26
2mhrce6cSAo,Who knew @NickCannon had his own candy store! 🍭🤷🏾‍♀️🤷🏿‍♀️ #drclipsstyle #flyanaboss,Flyana Boss,Music Content,False,2024-04-04 19:54:46,2025-09-14,2025,9,37,Sunday,528,30592,1894,57,76.47999999999999,6.191161087866108,0.1863232217573222,6.377484309623431,57.93939393939394,0.02615746795710175,0.02615746795709655,2025-09-14 03:26:36
2nn41c39CtQ,Maybe we’re all 👽s together. this song's called alien & it’ll be on Serious Person Pt 2 out 9/22 🧡,Corook,Music Content,False,2023-09-17 18:39:45,2025-09-15,2025,9,38,Monday,729,4439,453,37,11.0975,10.205001126379814,0.8335210633025456,11.03852218968236,6.089163237311386,0.0,0.0,2025-09-15 06:34:02
2r4NNx0Vbbg,re6ce - psyilocibin mind,re6ce,Music Content,False,2025-04-04 16:00:04,2025-09-14,2025,9,37,Sunday,163,38276,1206,112,95.69000000000001,3.1507994565785347,0.2926115581565472,3.443411014735082,234.82208588957056,0.0,0.0,2025-09-14 03:38:54
33bfjDnZm6w,Wait what!?!!🛹 #flyanaboss #drclipsstyle,Flyana Boss,Music Content,False,2024-04-10 17:28:20,2025-09-12,2025,9,37,Friday,520,69873,3876,60,174.6825,5.547207075694474,0.0858700785711219,5.633077154265596,134.37115384615385,0.0,0.0,2025-09-12 08:06:26
33bfjDnZm6w,Wait what!?!!🛹 #flyanaboss #drclipsstyle,Flyana Boss,Music Content,False,2024-04-10 17:28:20,2025-09-14,2025,9,37,Sunday,522,69883,3875,60,174.70749999999998,5.5449823276047105,0.08585779087904069,5.630840118483751,133.87547892720306,0.014311679761853647,0.014311679761840631,2025-09-14 03:26:36
3LG-pnfezuA,SURPRISE I RELEASED THIS #cover EVERYWHERE TODAY!!! https://corook.lnk.to/StacysMom,Corook,Music Content,False,2022-12-07 17:42:44,2025-09-15,2025,9,38,Monday,1013,11291,656,23,28.2275,5.809937118058631,0.20370206359047027,6.0136391816491015,11.146100691016782,0.0,0.0,2025-09-15 06:34:10
3OmXjVpMomA,PSA online bullying isn’t cute 🙅,Corook,Music Content,False,2025-03-19 23:08:41,2025-09-15,2025,9,38,Monday,180,3441,142,44,8.6025,4.126707352513804,1.2786980528916014,5.405405405405405,19.116666666666667,0.0,0.0,2025-09-15 06:33:34
3RWOu1twB40,Raiche - Hrs & Hrs (Cover),Raiche,Music Content,False,2022-03-04 20:00:03,2025-09-15,2025,9,38,Monday,1291,5263,228,18,13.157499999999999,4.332129963898916,0.34201026030780923,4.674140224206726,4.076684740511231,0.0,0.0,2025-09-15 06:33:13
3TYgGRc37GY,"Raiche (18 yrs old) ""Rumor Has It"" Adele cover",Raiche,Music Content,False,2017-02-10 09:20:22,2025-09-15,2025,9,38,Monday,3139,4148,164,13,10.37,3.953712632594021,0.313404050144648,4.267116682738669,1.321439949028353,0.0,0.0,2025-09-15 06:33:22
3_Pd_P7pR3M,this may be my favorite song to play live 💗,Corook,Live Performance,False,2023-12-07 22:18:03,2025-09-15,2025,9,38,Monday,648,2461,118,12,6.1525,4.794798862251117,0.48760666395774077,5.282405526208858,3.7978395061728394,0.0,0.0,2025-09-15 06:33:55
3o2BY_Ezatw,Raiche -  OMG (feat. Social House) [Official Visualizer],Raiche,Visualizer,False,2025-05-09 04:00:07,2025-09-15,2025,9,38,Monday,129,57471,286,25,143.67749999999998,0.4976422891545301,0.04350020010092046,0.5411424892554506,445.51162790697674,0.0,0.0,2025-09-15 06:33:04
3wAkOZPUGuw,We made an introvert anthem 🌸 #hiphop #besties,Flyana Boss,Music Content,False,2023-03-25 15:45:17,2025-09-12,2025,9,37,Friday,902,106154,17363,157,265.385,16.35642557039772,0.14789833637922262,16.504323906776943,117.68736141906874,0.0,0.0,2025-09-12 08:06:50
3wAkOZPUGuw,We made an introvert anthem 🌸 #hiphop #besties,Flyana Boss,Music Content,False,2023-03-25 15:45:17,2025-09-14,2025,9,37,Sunday,904,106158,17361,157,265.395,16.35392528118465,0.14789276361649617,16.501818044801148,117.43141592920354,0.0037681104809993027,0.0037681104809958762,2025-09-14 03:26:56
3zTRkiHoDPI,re6ce - ISTILLLUVU,re6ce,Music Content,False,2024-12-06 05:00:02,2025-09-14,2025,9,37,Sunday,282,14166,507,42,35.415,3.5789919525624736,0.29648454044896233,3.875476493011436,50.234042553191486,0.0,0.0,2025-09-14 03:38:54
3zWHWJUS-zk,Rose knew she had room on that door!!,Flyana Boss,Music Content,False,2023-03-05 19:20:36,2025-09-12,2025,9,37,Friday,922,13802,676,18,34.504999999999995,4.897840892624258,0.1304158817562672,5.028256774380525,14.969631236442517,0.0,0.0,2025-09-12 08:06:50
3zWHWJUS-zk,Rose knew she had room on that door!!,Flyana Boss,Music Content,False,2023-03-05 19:20:36,2025-09-14,2025,9,37,Sunday,924,13803,676,18,34.5075,4.89748605375643,0.13040643338404695,5.027892487140477,14.938311688311689,0.007245326764237068,0.007245326764251071,2025-09-14 03:26:56
40r2DdP8ecE,corook - tequila (official audio),Corook,Official Audio,False,2022-04-01 04:01:43,2025-09-15,2025,9,38,Monday,1263,197988,370,17,494.97,0.18688001293007658,0.008586378972462979,0.19546639190253956,156.76009501187647,0.0,0.0,2025-09-15 06:34:25
42RRKWFRfkE,I could have really used something like this when I was a wee lad 🐸,Corook,Music Content,False,2023-12-22 05:00:03,2025-09-15,2025,9,38,Monday,633,8753,458,17,21.8825,5.232491717125557,0.19421912487147264,5.426710841997029,13.82780410742496,0.0,0.0,2025-09-15 06:33:48
43ekX9jqOE8,Candyman dance #flyanaboss,Flyana Boss,Music Content,False,2024-08-01 02:09:58,2025-09-12,2025,9,37,Friday,407,8062,768,13,20.154999999999998,9.526172165715703,0.1612503100967502,9.687422475812454,19.808353808353807,0.0,0.0,2025-09-12 08:06:17
43ekX9jqOE8,Candyman dance #flyanaboss,Flyana Boss,Music Content,False,2024-08-01 02:09:58,2025-09-14,2025,9,37,Sunday,409,8077,770,13,20.1925,9.533242540547233,0.16095084808716106,9.694193388634394,19.748166259168705,0.18605805011163482,0.18605805011164192,2025-09-14 03:26:30
44bsQ-7RI-I,corook - idk god (official audio),Corook,Official Audio,False,2022-03-08 17:00:41,2025-09-15,2025,9,38,Monday,1287,194736,415,33,486.84,0.2131090296606688,0.016946019226029084,0.2300550488866979,151.3100233100233,0.0,0.0,2025-09-15 06:34:25
45kbIjNmmVg,I have felt devastated and sad and angry and ready and powerful all in the last 48 hours.,Corook,Music Content,False,2024-11-08 23:46:01,2025-09-15,2025,9,38,Monday,311,4712,801,35,11.78,16.999151103565367,0.7427843803056027,17.74193548387097,15.15112540192926,0.0,0.0,2025-09-15 06:33:41
48V2471qxSY,CANDYMAN DANCE - Flyana boss,Flyana Boss,Music Content,False,2024-07-16 18:53:52,2025-09-12,2025,9,37,Friday,423,5768,387,5,14.42,6.709431345353675,0.08668515950069348,6.796116504854369,13.635933806146571,0.0,0.0,2025-09-12 08:06:17
48V2471qxSY,CANDYMAN DANCE - Flyana boss,Flyana Boss,Music Content,False,2024-07-16 18:53:52,2025-09-14,2025,9,37,Sunday,425,5781,387,5,14.452499999999999,6.694343539180073,0.0864902266043937,6.780833765784466,13.60235294117647,0.22538141470180303,0.22538141470179518,2025-09-14 03:26:30
4FGNJC-cXgY,"COBRAH, VTSS, & MCR-T - T*TS, LIPS, HIPS, KISS (10/10 Remix) {Official Audio}",COBRAH,Official Audio,False,2024-07-12 04:00:02,2025-09-12,2025,9,37,Friday,427,135740,3088,96,339.35,2.2749373802858406,0.07072344187417122,2.3456608221600117,317.89227166276345,0.0,0.0,2025-09-12 08:05:26
4FGNJC-cXgY,"COBRAH, VTSS, & MCR-T - T*TS, LIPS, HIPS, KISS (10/10 Remix) {Official Audio}",COBRAH,Official Audio,False,2024-07-12 04:00:02,2025-09-14,2025,9,37,Sunday,429,136253,3095,96,340.63249999999994,2.2715096181368484,0.07045716424592487,2.3419667823827734,317.6060606060606,0.3779283925151024,0.37792839251507687,2025-09-14 03:25:58
4M-1UY9x4YU,corook - natalie (audio),Corook,Music Content,False,2023-06-02 04:00:03,2025-09-15,2025,9,38,Monday,836,15310,349,31,38.275,2.279555845852384,0.20248203788373614,2.48203788373612,18.3133971291866,0.0,0.0,2025-09-15 06:34:10
4PcHRTcZ_Ls,We almost got into a fight with a meat head on this one!!! Where should we run next!!!?!,Flyana Boss,Music Content,False,2023-07-06 19:26:52,2025-09-12,2025,9,37,Friday,799,7280778,0,4650,18201.945,0.0,0.06386680104791,0.06386680104791,9112.362953692114,0.0,0.0,2025-09-12 08:06:36
4PcHRTcZ_Ls,We almost got into a fight with a meat head on this one!!! Where should we run next!!!?!,Flyana Boss,Music Content,False,2023-07-06 19:26:52,2025-09-14,2025,9,37,Sunday,801,7280842,0,4649,18202.105,0.0,0.06385250497126568,0.06385250497126568,9089.69038701623,0.00087902693915403,0.0008790269391532304,2025-09-14 03:26:45
4PzK_qweJlk,Flyana Boss - Airplane Mode (Official Visualizer￼),Flyana Boss,Visualizer,False,2025-02-11 20:00:06,2025-09-12,2025,9,37,Friday,213,22130,1492,100,55.324999999999996,6.741979213737008,0.4518752824220515,7.19385449615906,103.89671361502347,0.0,0.0,2025-09-12 08:06:09
4PzK_qweJlk,Flyana Boss - Airplane Mode (Official Visualizer￼),Flyana Boss,Visualizer,False,2025-02-11 20:00:06,2025-09-14,2025,9,37,Sunday,215,22177,1494,100,55.442499999999995,6.73670920322857,0.4509176173513099,7.18762682057988,103.14883720930233,0.2123813827383642,0.21238138273836374,2025-09-14 03:26:22
4TTX6FuQebU,"my favorite song right now. I haven’t watched today’s episode yet though, so no spoilers pls!",Corook,Music Content,False,2025-03-07 21:56:53,2025-09-15,2025,9,38,Monday,192,2401,86,16,6.0024999999999995,3.5818408996251563,0.6663890045814245,4.248229904206581,12.505208333333334,0.0,0.0,2025-09-15 06:33:34
4VxTQm_lVjM,Raiche - Big Daddy (Acoustic) [Official Audio],Raiche,Official Audio,False,2023-09-22 04:00:02,2025-09-15,2025,9,38,Monday,724,1310,90,14,3.2750000000000004,6.870229007633588,1.0687022900763359,7.9389312977099245,1.8093922651933703,0.0,0.0,2025-09-15 06:33:04
4f1XnvyeCrw,Raiche - Complicated (Remastered) [Official Audio],Raiche,Official Audio,False,2022-02-18 05:00:03,2025-09-15,2025,9,38,Monday,1305,9824,336,14,24.56,3.420195439739414,0.14250814332247558,3.5627035830618894,7.527969348659004,0.0,0.0,2025-09-15 06:33:13
4g0ByUFprDE,married to the game 💍 catch us on twitch :),Flyana Boss,Music Content,False,2025-05-30 17:42:21,2025-09-12,2025,9,37,Friday,105,18041,0,12,45.1025,0.0,0.06651515991353028,0.06651515991353028,171.8190476190476,0.0,0.0,2025-09-12 08:06:09
4g0ByUFprDE,married to the game 💍 catch us on twitch :),Flyana Boss,Music Content,False,2025-05-30 17:42:21,2025-09-14,2025,9,37,Sunday,107,18119,0,12,45.2975,0.0,0.06622882057508693,0.06622882057508693,169.33644859813083,0.43234853943794693,0.43234853943794754,2025-09-14 03:26:22
4nOfxhls8Fc,FLYANA BOSS VEGETARIAN MEXICAN FAST FOOD MUKBANG!!,Flyana Boss,Music Content,False,2020-05-22 19:00:02,2025-09-12,2025,9,37,Friday,1939,8368,390,25,20.92,4.660611854684513,0.29875717017208414,4.959369024856597,4.315626611655492,0.0,0.0,2025-09-12 08:07:01
4nOfxhls8Fc,FLYANA BOSS VEGETARIAN MEXICAN FAST FOOD MUKBANG!!,Flyana Boss,Music Content,False,2020-05-22 19:00:02,2025-09-14,2025,9,37,Sunday,1941,8369,390,25,20.9225,4.6600549647508664,0.2987214720994145,4.958776436850281,4.311695002575992,0.011950286806883365,0.011950286806872495,2025-09-14 03:27:05
4q9E5NvtggA,HIIIII GUYS #Flyanaboss #pregnancy #dance #hiphop,Flyana Boss,Music Content,False,2024-08-07 02:06:07,2025-09-12,2025,9,37,Friday,401,12070,1014,16,30.175,8.4009942004971,0.13256006628003314,8.533554266777134,30.099750623441395,0.0,0.0,2025-09-12 08:06:09
4q9E5NvtggA,HIIIII GUYS #Flyanaboss #pregnancy #dance #hiphop,Flyana Boss,Music Content,False,2024-08-07 02:06:07,2025-09-14,2025,9,37,Sunday,403,12097,1015,16,30.2425,8.390510043812515,0.1322641977349756,8.522774241547491,30.017369727047146,0.22369511184755592,0.22369511184755264,2025-09-14 03:26:22
4tXPBa1sDlM,My new project CHOSEN 1K drop 11/2 hope y’all waiting to hear from me I love all my supporters ❤️❤️,BiC Fizzle,Music Content,False,2023-10-27 20:41:17,2025-09-12,2025,9,37,Friday,686,3766,210,26,9.415,5.5762081784386615,0.6903876792352629,6.2665958576739245,5.489795918367347,0.0,0.0,2025-09-12 18:54:42
4tXPBa1sDlM,My new project CHOSEN 1K drop 11/2 hope y’all waiting to hear from me I love all my supporters ❤️❤️,BiC Fizzle,Music Content,False,2023-10-27 20:41:17,2025-09-14,2025,9,37,Sunday,688,3769,210,26,9.4225,5.571769700185725,0.689838153356328,6.261607853542053,5.478197674418604,0.07966011683483802,0.07966011683484105,2025-09-14 03:25:42
4uMfNChaO8Y,See you next Tuesday,Flyana Boss,Music Content,False,2025-07-07 17:42:08,2025-09-12,2025,9,37,Friday,67,14005,1239,21,35.0125,8.846840414137807,0.14994644769725096,8.996786861835059,209.02985074626866,0.0,0.0,2025-09-12 08:06:09
4uMfNChaO8Y,See you next Tuesday,Flyana Boss,Music Content,False,2025-07-07 17:42:08,2025-09-14,2025,9,37,Sunday,69,14104,1240,21,35.26,8.791832104367556,0.14889393079977312,8.940726035167328,204.40579710144928,0.7068903962870404,0.7068903962870265,2025-09-14 03:26:22
4zb-jPnSkZQ,"100,000 people could never love me like you 🧡",Corook,Music Content,False,2023-12-15 01:12:04,2025-09-15,2025,9,38,Monday,640,2629,232,19,6.5725,8.824648155192088,0.7227082540890073,9.547356409281095,4.1078125,0.0,0.0,2025-09-15 06:33:48
4ziaq66CbaQ,for all of us who didn’t grow up around “true love” 💘💘 pre-save: https://corook.lnk.to/realistic,Corook,Music Content,False,2022-11-09 20:12:13,2025-09-15,2025,9,38,Monday,1041,8314,660,26,20.785,7.938417127736348,0.31272552321385616,8.251142650950204,7.98655139289145,0.0,0.0,2025-09-15 06:34:25
50W61GJ-4wk,FIZZLE ‼️‼️‼️,BiC Fizzle,Music Content,False,2023-01-18 17:00:02,2025-09-12,2025,9,37,Friday,968,13237,668,19,33.0925,5.046460678401451,0.14353705522399335,5.189997733625445,13.674586776859504,0.0,0.0,2025-09-12 18:54:52
50W61GJ-4wk,FIZZLE ‼️‼️‼️,BiC Fizzle,Music Content,False,2023-01-18 17:00:02,2025-09-14,2025,9,37,Sunday,970,13245,668,19,33.1125,5.043412608531521,0.14345035862589656,5.186862967157418,13.654639175257731,0.060436654831155096,0.06043665483114307,2025-09-14 03:25:50
51uaQGb9HNc,Crumbs is out tonight ❤️,Corook,Music Content,False,2024-10-24 17:56:42,2025-09-15,2025,9,38,Monday,326,1864,210,12,4.66,11.266094420600858,0.6437768240343348,11.909871244635193,5.717791411042945,0.0,0.0,2025-09-15 06:33:41
5CsAX9nqitA,CANDYMAN DANCE CHALLENGE - flyanaboss,Flyana Boss,Music Content,False,2024-08-07 18:25:12,2025-09-12,2025,9,37,Friday,401,6370,414,5,15.925,6.4992150706436425,0.07849293563579278,6.577708006279435,15.885286783042394,0.0,0.0,2025-09-12 08:06:09
5CsAX9nqitA,CANDYMAN DANCE CHALLENGE - flyanaboss,Flyana Boss,Music Content,False,2024-08-07 18:25:12,2025-09-14,2025,9,37,Sunday,403,6391,414,5,15.9775,6.477859489907682,0.07823501799405415,6.5560945079017365,15.858560794044665,0.32967032967032966,0.32967032967031984,2025-09-14 03:26:22
5GKomPr0ZVE,buttaaaa #Flyanaboss,Flyana Boss,Music Content,False,2024-08-07 02:03:52,2025-09-12,2025,9,37,Friday,401,7132,540,7,17.83,7.571508693213685,0.0981491867638811,7.669657879977566,17.785536159600998,0.0,0.0,2025-09-12 08:06:09
5GKomPr0ZVE,buttaaaa #Flyanaboss,Flyana Boss,Music Content,False,2024-08-07 02:03:52,2025-09-14,2025,9,37,Sunday,403,7152,541,7,17.88,7.564317673378077,0.09787472035794184,7.662192393736019,17.746898263027294,0.28042624789680315,0.28042624789680715,2025-09-14 03:26:22
5JxbuCtyQPo,Keep it rolling like I’m Kelly! #hiphop #newmusic,Flyana Boss,Music Content,False,2023-04-13 19:28:04,2025-09-12,2025,9,37,Friday,883,109869,9832,68,274.6725,8.948839071985729,0.06189188943195988,9.01073096141769,124.42695356738392,0.0,0.0,2025-09-12 08:06:50
5JxbuCtyQPo,Keep it rolling like I’m Kelly! #hiphop #newmusic,Flyana Boss,Music Content,False,2023-04-13 19:28:04,2025-09-14,2025,9,37,Sunday,885,109869,9832,68,274.6725,8.948839071985729,0.06189188943195988,9.01073096141769,124.1457627118644,0.0,0.0,2025-09-14 03:26:56
5Tp8bJ59-S0,BiC Fizzle - Changes [Official Music Video],BiC Fizzle,Official Music Video,False,2022-02-18 05:00:02,2025-09-12,2025,9,37,Friday,1302,3283159,43792,537,8207.897500000001,1.3338373194840702,0.016356198405255425,1.3501935178893256,2521.627496159754,0.0,0.0,2025-09-12 18:54:52
5Tp8bJ59-S0,BiC Fizzle - Changes [Official Music Video],BiC Fizzle,Official Music Video,False,2022-02-18 05:00:02,2025-09-14,2025,9,37,Sunday,1304,3284062,43803,537,8210.154999999999,1.3338055128070054,0.016351701033658926,1.3501572138406643,2518.45245398773,0.02750399843565298,0.02750399843562727,2025-09-14 03:25:50
5Y8f7FpAF2Y,BiC Fizzle - Legend (feat. Cootie & 1KJizzle) [Official Audio],BiC Fizzle,Official Audio,False,2023-01-27 05:00:05,2025-09-12,2025,9,37,Friday,959,350557,6040,88,876.3925,1.7229722983708784,0.02510290765838366,1.7480752060292621,365.5443169968717,0.0,0.0,2025-09-12 18:54:52
5Y8f7FpAF2Y,BiC Fizzle - Legend (feat. Cootie & 1KJizzle) [Official Audio],BiC Fizzle,Official Audio,False,2023-01-27 05:00:05,2025-09-14,2025,9,37,Sunday,961,350822,6043,88,877.0550000000001,1.7225259533324593,0.025083945704659345,1.7476098990371187,365.0593132154006,0.07559398328945079,0.07559398328945338,2025-09-14 03:25:50
5cowJS7PAz8,corook - CGI (Louis La Roche Remix) [official audio],Corook,Official Audio,False,2023-07-14 06:06:31,2025-09-15,2025,9,38,Monday,794,15297,355,26,38.2425,2.320716480355625,0.16996796757534155,2.4906844479309664,19.265743073047858,0.0,0.0,2025-09-15 06:34:02
5l1q1qXxK3w,Advice from a complete stranger and totally separate person than me: get tickets for Tour!!!,Corook,Music Content,False,2025-02-11 00:12:10,2025-09-15,2025,9,38,Monday,216,2755,256,11,6.887499999999999,9.292196007259527,0.3992740471869328,9.69147005444646,12.75462962962963,0.0,0.0,2025-09-15 06:33:41
5puH_P63UO0,Raiche - Making Room [Official Audio],Raiche,Official Audio,False,2024-07-26 04:00:06,2025-09-15,2025,9,38,Monday,416,12850,471,31,32.125,3.6653696498054473,0.2412451361867704,3.906614785992218,30.889423076923077,0.0,0.0,2025-09-15 06:33:04
5rb3hnj7aso,HAIRCUT! 💇🏼,Corook,Music Content,False,2023-12-13 17:45:18,2025-09-15,2025,9,38,Monday,642,6331,285,15,15.8275,4.501658505765282,0.23692939504027802,4.73858790080556,9.861370716510903,0.0,0.0,2025-09-15 06:33:48
5x13NxXmHUY,new snippet eat up ❤️,re6ce,Music Content,False,2025-08-17 23:40:43,2025-09-14,2025,9,37,Sunday,28,3345,293,31,8.3625,8.7593423019432,0.9267563527653214,9.686098654708521,119.46428571428571,0.0,0.0,2025-09-14 03:38:54
69Zsxsq6tSE,Raiche - Floating [Official Audio],Raiche,Official Audio,False,2025-05-12 16:01:44,2025-09-15,2025,9,38,Monday,126,1649,82,14,4.1225000000000005,4.972710733778047,0.8489993935718617,5.821710127349909,13.087301587301587,0.0,0.0,2025-09-15 06:33:04
6AO1adbJrfI,Up fa ah couple hours just here to let y’all know the Tape coming out this month stay tuned 🥶,BiC Fizzle,Music Content,False,2023-01-14 01:12:41,2025-09-12,2025,9,37,Friday,972,25594,1622,83,63.985,6.337422833476595,0.32429475658357426,6.66171759006017,26.33127572016461,0.0,0.0,2025-09-12 18:54:52
6AO1adbJrfI,Up fa ah couple hours just here to let y’all know the Tape coming out this month stay tuned 🥶,BiC Fizzle,Music Content,False,2023-01-14 01:12:41,2025-09-14,2025,9,37,Sunday,974,25599,1622,83,63.9975,6.336185007226845,0.3242314152896597,6.660416422516505,26.282340862423,0.019535828709853872,0.019535828709858313,2025-09-14 03:25:50
6DgumnZsPho,candyman besties #flyanaboss #candyman,Flyana Boss,Music Content,False,2024-06-08 00:35:56,2025-09-12,2025,9,37,Friday,461,5332,541,23,13.33,10.14628657164291,0.431357839459865,10.577644411102776,11.566160520607376,0.0,0.0,2025-09-12 08:06:17
6DgumnZsPho,candyman besties #flyanaboss #candyman,Flyana Boss,Music Content,False,2024-06-08 00:35:56,2025-09-14,2025,9,37,Sunday,463,5335,541,23,13.3375,10.14058106841612,0.4311152764761012,10.57169634489222,11.522678185745141,0.05626406601650412,0.056264066016506256,2025-09-14 03:26:30
6E8e8SeTcFo,I play bonnaroo today!!!!!!! Holy crap!!!!!!! #bonnaroo #musicfestival,Corook,Music Content,False,2022-06-19 17:15:45,2025-09-15,2025,9,38,Monday,1184,10298,320,12,25.745,3.107399495047582,0.11652748106428432,3.2239269761118665,8.697635135135135,0.0,0.0,2025-09-15 06:34:25
6FlB2jQvTTA,ok here’s verse 2! Thanks so much for commenting and sharing 🥹 BLANKETS OUT NEXT WEEK! 🐸💚,Corook,Music Content,False,2024-08-09 19:25:56,2025-09-15,2025,9,38,Monday,402,2063,237,12,5.157500000000001,11.488124091129423,0.58167716917111,12.069801260300533,5.1318407960199,0.0,0.0,2025-09-15 06:33:48
6IJJVcqGeBw,I WON'T ACCEPT LESS THAN I DESERVE!! 🐸,Corook,Music Content,False,2023-08-10 22:45:29,2025-09-15,2025,9,38,Monday,767,3463,358,43,8.6575,10.33785734911926,1.241697949754548,11.579555298873807,4.514993481095176,0.0,0.0,2025-09-15 06:34:02
6IinNE5i0qc,This song just makes me wanna - 🍭#candyman #flyanaboss,Flyana Boss,Music Content,False,2024-06-08 00:24:18,2025-09-12,2025,9,37,Friday,461,12339,999,10,30.8475,8.096280087527353,0.08104384471999351,8.177323932247345,26.765726681127983,0.0,0.0,2025-09-12 08:06:26
6IinNE5i0qc,This song just makes me wanna - 🍭#candyman #flyanaboss,Flyana Boss,Music Content,False,2024-06-08 00:24:18,2025-09-14,2025,9,37,Sunday,463,12349,999,10,30.872500000000002,8.089723864280508,0.08097821685966475,8.170702081140172,26.67170626349892,0.08104384471999351,0.08104384472000042,2025-09-14 03:26:36
6NHLuq3RAh4,SUCK video premiere on Friday 10 am PT https://cobrah.lnk.to/SUCKVideo,COBRAH,Music Content,False,2023-06-14 17:23:05,2025-09-12,2025,9,37,Friday,821,74565,863,21,186.4125,1.1573794675786226,0.028163347415007044,1.1855428149936298,90.82216808769793,0.0,0.0,2025-09-12 08:05:26
6NHLuq3RAh4,SUCK video premiere on Friday 10 am PT https://cobrah.lnk.to/SUCKVideo,COBRAH,Music Content,False,2023-06-14 17:23:05,2025-09-14,2025,9,37,Sunday,823,75279,866,21,188.1975,1.1503872261852575,0.027896226039134418,1.178283452224392,91.46901579586877,0.9575538121102394,0.9575538121102376,2025-09-14 03:25:58
6NbGUuR726g,corook - party party party! (audio),Corook,Music Content,False,2023-09-22 04:00:08,2025-09-15,2025,9,38,Monday,724,4765,133,12,11.9125,2.7911857292759708,0.2518363064008394,3.04302203567681,6.581491712707182,0.0,0.0,2025-09-15 06:33:55
6QEoFth6YMY,Raiche - Pick A Side [Kelly Clarkson Show Performance],Raiche,Music Content,False,2021-05-22 04:00:13,2025-09-15,2025,9,38,Monday,1577,32823,1098,105,82.0575,3.345215245407184,0.3198976327575176,3.6651128781647015,20.813570069752696,0.0,0.0,2025-09-15 06:33:13
6SnsY2rqRXY,Didn’t plan on this being my post today but I ran into my @oliviabartonhaha  singing about me.,Corook,Music Content,False,2025-08-25 05:40:24,2025-09-15,2025,9,38,Monday,21,709,104,12,1.7725,14.66854724964739,1.692524682651622,16.361071932299012,33.76190476190476,0.0,0.0,2025-09-15 06:33:34
6TQ3QeeVcWs,KILLING IT! - CANDYMAN FLYANABOSS,Flyana Boss,Music Content,False,2024-07-16 18:54:45,2025-09-12,2025,9,37,Friday,423,4737,149,10,11.842500000000001,3.1454507071986493,0.21110407430863415,3.3565547815072834,11.198581560283689,0.0,0.0,2025-09-12 08:06:17
6TQ3QeeVcWs,KILLING IT! - CANDYMAN FLYANABOSS,Flyana Boss,Music Content,False,2024-07-16 18:54:45,2025-09-14,2025,9,37,Sunday,425,4740,149,10,11.850000000000001,3.143459915611815,0.21097046413502107,3.354430379746836,11.152941176470588,0.06333122229259025,0.06333122229259264,2025-09-14 03:26:30
6TRLwOFe7b0,⚔️FEMININE ENERGY⚔️NEXT FRIDAY ⚔️,COBRAH,Music Content,False,2023-09-01 17:34:48,2025-09-12,2025,9,37,Friday,742,9202,549,26,23.005,5.966094327320148,0.2825472723321017,6.24864159965225,12.401617250673855,0.0,0.0,2025-09-12 08:05:26
6TRLwOFe7b0,⚔️FEMININE ENERGY⚔️NEXT FRIDAY ⚔️,COBRAH,Music Content,False,2023-09-01 17:34:48,2025-09-14,2025,9,37,Sunday,744,9232,549,26,23.08,5.946707105719237,0.28162911611785096,6.228336221837088,12.408602150537634,0.32601608346011735,0.3260160834601143,2025-09-14 03:25:58
6Vtcpl1Tga8,Giggles in bestie 😭😂 #hiphop #besties,Flyana Boss,Music Content,False,2023-04-16 19:18:48,2025-09-12,2025,9,37,Friday,880,25428,1265,9,63.57,4.974830895076294,0.03539405379896178,5.010224948875256,28.895454545454545,0.0,0.0,2025-09-12 08:06:50
6Vtcpl1Tga8,Giggles in bestie 😭😂 #hiphop #besties,Flyana Boss,Music Content,False,2023-04-16 19:18:48,2025-09-14,2025,9,37,Sunday,882,25429,1265,9,63.5725,4.97463525895631,0.03539266192142829,5.0100279208777385,28.831065759637188,0.003932672644329086,0.0039326726443255095,2025-09-14 03:26:56
6WBDGTzTA6g,#tbt 2 When Gucci Signed me now we #BLOWTHEDEPOSIT 🥶🥶 #fyp #bicfizzle #1017 #guccimane,BiC Fizzle,Music Content,False,2022-07-29 14:00:04,2025-09-12,2025,9,37,Friday,1141,27706,1113,35,69.265,4.017180394138454,0.12632642748863063,4.143506821627085,24.282208588957054,0.0,0.0,2025-09-12 18:54:52
6WBDGTzTA6g,#tbt 2 When Gucci Signed me now we #BLOWTHEDEPOSIT 🥶🥶 #fyp #bicfizzle #1017 #guccimane,BiC Fizzle,Music Content,False,2022-07-29 14:00:04,2025-09-14,2025,9,37,Sunday,1143,27712,1113,35,69.28,4.016310623556582,0.12629907621247113,4.142609699769054,24.244969378827648,0.021655958998050964,0.021655958998051783,2025-09-14 03:25:50
6azlQMS4g2c,Ring Around Dance TikTok compilation Pt2,Flyana Boss,Music Content,False,2020-05-02 18:04:47,2025-09-12,2025,9,37,Friday,1959,4644,63,0,11.61,1.3565891472868217,0.0,1.3565891472868217,2.370597243491577,0.0,0.0,2025-09-12 08:07:01
6azlQMS4g2c,Ring Around Dance TikTok compilation Pt2,Flyana Boss,Music Content,False,2020-05-02 18:04:47,2025-09-14,2025,9,37,Sunday,1961,4644,63,0,11.61,1.3565891472868217,0.0,1.3565891472868217,2.368179500254972,0.0,0.0,2025-09-14 03:27:05
6bA0eiekB5A,Raiche & Ty Dolla $ign - Pick A Side (Remix) [Official Audio],Raiche,Official Audio,False,2021-03-26 04:00:01,2025-09-15,2025,9,38,Monday,1634,112440,2073,96,281.1,1.843649946638207,0.08537886872998933,1.9290288153681963,68.81272949816402,0.0,0.0,2025-09-15 06:33:13
6e-X70IVBTM,@beaulexx on Candyman 🍬 #candymandance #badalee #kirstendodgen #flyanaboss,Flyana Boss,Music Content,False,2024-06-07 20:31:40,2025-09-12,2025,9,37,Friday,462,5476,387,2,13.69,7.067202337472608,0.03652300949598247,7.103725346968591,11.852813852813853,0.0,0.0,2025-09-12 08:06:26
6e-X70IVBTM,@beaulexx on Candyman 🍬 #candymandance #badalee #kirstendodgen #flyanaboss,Flyana Boss,Music Content,False,2024-06-07 20:31:40,2025-09-14,2025,9,37,Sunday,464,5487,387,2,13.717500000000001,7.05303444505194,0.03644979041370512,7.089484235465646,11.825431034482758,0.20087655222790357,0.20087655222791553,2025-09-14 03:26:36
6kZURuZgSJc,TEAAAAAA TIME 😭 #hiphop #flyanaboss #besties,Flyana Boss,Music Content,False,2023-04-26 04:32:03,2025-09-12,2025,9,37,Friday,870,46605,2689,14,116.51249999999999,5.769767192361335,0.030039695311661837,5.799806887672997,53.56896551724138,0.0,0.0,2025-09-12 08:06:50
6kZURuZgSJc,TEAAAAAA TIME 😭 #hiphop #flyanaboss #besties,Flyana Boss,Music Content,False,2023-04-26 04:32:03,2025-09-14,2025,9,37,Sunday,872,46606,2689,14,116.515,5.769643393554478,0.030039050765995796,5.799682444320474,53.44724770642202,0.0021456925222615598,0.0021456925222718055,2025-09-14 03:26:56
6mDl2zR9KWY,LIL SWEETHEART - CANDYMAN DANCE,Flyana Boss,Music Content,False,2024-08-05 21:39:22,2025-09-12,2025,9,37,Friday,403,3018,202,2,7.545,6.693174287607687,0.06626905235255136,6.759443339960239,7.488833746898263,0.0,0.0,2025-09-12 08:06:17
6mDl2zR9KWY,LIL SWEETHEART - CANDYMAN DANCE,Flyana Boss,Music Content,False,2024-08-05 21:39:22,2025-09-14,2025,9,37,Sunday,405,3027,203,2,7.567500000000001,6.706309877766765,0.06607201850016517,6.77238189626693,7.474074074074074,0.2982107355864811,0.2982107355864924,2025-09-14 03:26:30
6rhoFqJNBAM,corook - sims (live),Corook,Live Performance,False,2022-05-10 16:00:31,2025-09-15,2025,9,38,Monday,1224,117015,924,59,292.5375,0.7896423535444173,0.05042088621116951,0.8400632397555867,95.60049019607843,0.0,0.0,2025-09-15 06:34:25
6sg8vCZEqtk,COBRAH - Good PusS feat. cupcakKe (Official Visualizer),COBRAH,Visualizer,False,2022-02-23 05:00:08,2025-09-12,2025,9,37,Friday,1297,681711,19595,608,1704.2775000000001,2.87438518668468,0.08918735358531694,2.963572540269997,525.6060138781804,0.0,0.0,2025-09-12 08:05:26
6sg8vCZEqtk,COBRAH - Good PusS feat. cupcakKe (Official Visualizer),COBRAH,Visualizer,False,2022-02-23 05:00:08,2025-09-14,2025,9,37,Sunday,1299,682143,19604,608,1705.3575,2.873884214893358,0.08913087138620494,2.963015086279563,525.1293302540415,0.06336996175798836,0.06336996175798408,2025-09-14 03:25:58
6t8muKNv2Ts,Flyana Boss - Trashboi (Lyric Video),Flyana Boss,Lyric Video,False,2023-06-16 04:00:04,2025-09-12,2025,9,37,Friday,819,202306,5440,167,505.76500000000004,2.6889958775320553,0.08254821903453186,2.771544096566587,247.015873015873,0.0,0.0,2025-09-12 08:06:36
6t8muKNv2Ts,Flyana Boss - Trashboi (Lyric Video),Flyana Boss,Lyric Video,False,2023-06-16 04:00:04,2025-09-14,2025,9,37,Sunday,821,202364,5440,167,505.91,2.6882251783914133,0.08252455970429523,2.7707497380957085,246.48477466504264,0.028669441341334412,0.028669441341330815,2025-09-14 03:26:45
7D4fVgCj8E4,I am interneting!! I am making art!!! go watch my art!!! 🎨📺🐸,Corook,Music Content,False,2024-08-02 22:13:17,2025-09-15,2025,9,38,Monday,409,1246,157,15,3.115,12.60032102728732,1.2038523274478332,13.804173354735154,3.0464547677261615,0.0,0.0,2025-09-15 06:33:48
7HUM4RmkvMI,"cats out of the bag, we exist and always have 🐸✨💚",Corook,Music Content,False,2025-01-22 16:35:51,2025-09-15,2025,9,38,Monday,236,6974,673,77,17.435000000000002,9.650129050759967,1.1041009463722398,10.754229997132207,29.550847457627118,0.0,0.0,2025-09-15 06:33:41
7IB7XCCy6qs,fwb - brakence cover,re6ce,Music Content,False,2022-10-29 16:23:12,2025-09-14,2025,9,37,Sunday,1051,9282,338,27,23.205,3.6414565826330536,0.2908855850032321,3.9323421676362855,8.831588962892484,0.0,0.0,2025-09-14 03:38:54
7KNGLjfxzak,BiC Fizzle - Both Ways (feat. No Cap) [Official Audio],BiC Fizzle,Official Audio,False,2023-01-27 05:00:02,2025-09-12,2025,9,37,Friday,959,129386,3291,48,323.465,2.543551852596108,0.03709829502419118,2.580650147620299,134.91762252346194,0.0,0.0,2025-09-12 18:54:52
7KNGLjfxzak,BiC Fizzle - Both Ways (feat. No Cap) [Official Audio],BiC Fizzle,Official Audio,False,2023-01-27 05:00:02,2025-09-14,2025,9,37,Sunday,961,129459,3291,48,323.64750000000004,2.54211758162816,0.03707737584872431,2.579194957476884,134.71279916753383,0.05642032368262409,0.056420323682643075,2025-09-14 03:25:50
7XhC3I1TlgQ,re6ce - me+u against the world,re6ce,Music Content,False,2024-05-31 04:00:05,2025-09-14,2025,9,37,Sunday,471,23748,535,24,59.370000000000005,2.2528212902139124,0.1010611419909045,2.353882432204817,50.4203821656051,0.0,0.0,2025-09-14 03:38:54
7ZlxxIn21pA,played this in my hometown about my childhood best friend who pulled away after I told her I’m gay,Corook,Music Content,False,2025-03-13 19:08:05,2025-09-15,2025,9,38,Monday,186,969,69,10,2.4225,7.120743034055728,1.0319917440660475,8.152734778121776,5.209677419354839,0.0,0.0,2025-09-15 06:33:34
7i_cWullCi4,NYC! We’re doing a fun little booking signing + meet & greet on MONDAY (Dec 11th) at P&T Knitwear.,Corook,Music Content,False,2023-12-09 00:00:03,2025-09-15,2025,9,38,Monday,646,16220,533,18,40.55,3.2860665844636254,0.11097410604192356,3.397040690505549,25.108359133126935,0.0,0.0,2025-09-15 06:33:55
7l8KtLcNu2c,Flyana Boss - Miss Me (Official Audio),Flyana Boss,Official Audio,False,2022-02-11 05:34:51,2025-09-12,2025,9,37,Friday,1309,47205,1687,33,118.01249999999999,3.573773964622392,0.06990784874483635,3.643681813367228,36.06187929717341,0.0,0.0,2025-09-12 08:07:01
7l8KtLcNu2c,Flyana Boss - Miss Me (Official Audio),Flyana Boss,Official Audio,False,2022-02-11 05:34:51,2025-09-14,2025,9,37,Sunday,1311,47221,1687,33,118.0525,3.5725630545731772,0.06988416170771479,3.642447216280892,36.01906941266209,0.033894714542950954,0.033894714542956256,2025-09-14 03:27:05
7lM7KdFuFE4,Raiche - Lucky [Official Audio],Raiche,Official Audio,False,2023-12-01 05:00:05,2025-09-15,2025,9,38,Monday,654,5893,214,16,14.7325,3.631427116918378,0.2715085694892245,3.9029356864076026,9.010703363914374,0.0,0.0,2025-09-15 06:33:04
7mozUo2_BOI,are we sold on this name or…??? tour starts TOMORROW! 😲,Corook,Music Content,False,2025-03-02 16:33:49,2025-09-15,2025,9,38,Monday,197,3576,146,27,8.94,4.082774049217002,0.7550335570469799,4.837807606263982,18.15228426395939,0.0,0.0,2025-09-15 06:33:34
7qFR47kJptE,corook - ok getting older (audio),Corook,Music Content,False,2023-06-02 04:00:02,2025-09-15,2025,9,38,Monday,836,15163,502,42,37.9075,3.3106904966035744,0.2769900415485062,3.5876805381520804,18.13755980861244,0.0,0.0,2025-09-15 06:34:10
7qYcAVzhwnY,Crumbs is out Friday ❤️‍🩹,Corook,Music Content,False,2024-10-21 19:04:12,2025-09-15,2025,9,38,Monday,329,924,113,11,2.31,12.229437229437229,1.1904761904761905,13.419913419913419,2.8085106382978724,0.0,0.0,2025-09-15 06:33:41
7yxmktWAZqs,you were so hot london 🖤,COBRAH,Music Content,False,2024-08-27 20:23:55,2025-09-12,2025,9,37,Friday,381,7333,367,13,18.3325,5.0047729442247375,0.17728078549024956,5.182053729714987,19.246719160104988,0.0,0.0,2025-09-12 08:05:26
7yxmktWAZqs,you were so hot london 🖤,COBRAH,Music Content,False,2024-08-27 20:23:55,2025-09-14,2025,9,37,Sunday,383,7397,368,13,18.4925,4.97498986075436,0.17574692442882248,5.150736785183183,19.31331592689295,0.8727669439519978,0.8727669439519987,2025-09-14 03:25:58
8-8v-DTb7Yk,BiC Fizzle - Die [Official Audio],BiC Fizzle,Official Audio,False,2023-01-27 05:00:03,2025-09-12,2025,9,37,Friday,959,24609,772,20,61.52250000000001,3.1370636758909347,0.08127107968629363,3.2183347555772284,25.661105318039624,0.0,0.0,2025-09-12 18:54:52
8-8v-DTb7Yk,BiC Fizzle - Die [Official Audio],BiC Fizzle,Official Audio,False,2023-01-27 05:00:03,2025-09-14,2025,9,37,Sunday,961,24615,772,20,61.537499999999994,3.1362990046719483,0.08125126955108673,3.217550274223035,25.613943808532778,0.02438132390588809,0.024381323905865913,2025-09-14 03:25:50
8F7bxKlY9QA,Raiche - Fool [Official Audio],Raiche,Official Audio,False,2022-07-15 04:00:04,2025-09-15,2025,9,38,Monday,1158,11481,297,15,28.7025,2.586882675725111,0.1306506401881369,2.717533315913248,9.914507772020725,0.0,0.0,2025-09-15 06:33:13
8J8jBoGlODs,NEW MUSIC https://cobrah.lnk.to/newmusic,COBRAH,Music Content,False,2022-04-30 16:36:59,2025-09-12,2025,9,37,Friday,1231,8202,623,25,20.505,7.595708363813704,0.30480370641307,7.900512070226774,6.662875710804224,0.0,0.0,2025-09-12 08:05:26
8J8jBoGlODs,NEW MUSIC https://cobrah.lnk.to/newmusic,COBRAH,Music Content,False,2022-04-30 16:36:59,2025-09-14,2025,9,37,Sunday,1233,8209,623,25,20.5225,7.589231331465466,0.30454379339749055,7.893775124862956,6.657745336577453,0.08534503779565959,0.08534503779566861,2025-09-14 03:25:58
8LfE06MDxog,flyana boss - CANDYMAN dance,Flyana Boss,Music Content,False,2024-07-16 22:01:41,2025-09-12,2025,9,37,Friday,423,19119,1636,7,47.7975,8.55693289397981,0.03661279355614833,8.59354568753596,45.198581560283685,0.0,0.0,2025-09-12 08:06:17
8LfE06MDxog,flyana boss - CANDYMAN dance,Flyana Boss,Music Content,False,2024-07-16 22:01:41,2025-09-14,2025,9,37,Sunday,425,19154,1636,7,47.885,8.541296857053357,0.036545891197661065,8.577842748251019,45.06823529411765,0.1830639677807417,0.18306396778073872,2025-09-14 03:26:30
8MCbqIufA80,Content Day With Your Favorite Duo! #besties,Flyana Boss,Music Content,False,2023-04-20 16:07:04,2025-09-12,2025,9,37,Friday,876,57221,3577,46,143.05249999999998,6.251201481973401,0.08039006658394644,6.3315915485573475,65.32077625570776,0.0,0.0,2025-09-12 08:06:50
8MCbqIufA80,Content Day With Your Favorite Duo! #besties,Flyana Boss,Music Content,False,2023-04-20 16:07:04,2025-09-14,2025,9,37,Sunday,878,57222,3575,46,143.055,6.247597078046905,0.08038866170354059,6.327985739750446,65.17312072892939,0.0017476101431292707,0.0017476101431475497,2025-09-14 03:26:56
8OQVCs1GBz8,re6ce - is suicide too much? (official video),re6ce,Official Music Video,False,2024-05-31 04:01:34,2025-09-14,2025,9,37,Sunday,471,192858,2740,139,482.145,1.4207344263655124,0.07207375374627964,1.492808180111792,409.4649681528662,0.0,0.0,2025-09-14 03:38:54
8Ps1Hw3wxww,corook - smoothie (lyric video),Corook,Lyric Video,False,2022-10-26 18:36:45,2025-09-15,2025,9,38,Monday,1055,147280,945,50,368.2,0.6416349809885932,0.03394894079304726,0.6755839217816404,139.60189573459715,0.0,0.0,2025-09-15 06:34:25
8WwtuG6e3sQ,forgot the words to this song,Corook,Music Content,False,2023-07-25 00:55:52,2025-09-15,2025,9,38,Monday,783,42661,1551,48,106.6525,3.6356391083190736,0.11251494339091911,3.7481540517099927,54.48403575989783,0.0,0.0,2025-09-15 06:34:02
8Z-0iwV940s,corook - it's ok! (music video),Corook,Music Content,False,2022-09-15 16:01:13,2025-09-15,2025,9,38,Monday,1096,1013823,23284,701,2534.5575,2.296653360596475,0.06914421945448071,2.365797580050956,925.0209854014598,0.0,0.0,2025-09-15 06:34:25
8aGYWymNU3Y,0: #flyanaboss,Flyana Boss,Music Content,False,2024-08-07 18:35:57,2025-09-12,2025,9,37,Friday,401,12761,1365,30,31.902499999999996,10.696653867251783,0.2350912937857535,10.931745161037536,31.82294264339152,0.0,0.0,2025-09-12 08:06:09
8aGYWymNU3Y,0: #flyanaboss,Flyana Boss,Music Content,False,2024-08-07 18:35:57,2025-09-14,2025,9,37,Sunday,403,12781,1366,30,31.9525,10.687739613488773,0.23472341757295986,10.922463031061733,31.714640198511166,0.1567275291905023,0.1567275291905157,2025-09-14 03:26:22
8aQk_1Iv17U,Untitled video,COBRAH,Music Content,False,2022-05-06 19:34:14,2025-09-12,2025,9,37,Friday,1225,8333,467,11,20.8325,5.604224168966758,0.13200528021120844,5.736229449177967,6.802448979591837,0.0,0.0,2025-09-12 08:05:26
8aQk_1Iv17U,Untitled video,COBRAH,Music Content,False,2022-05-06 19:34:14,2025-09-14,2025,9,37,Sunday,1227,8341,467,11,20.8525,5.598849058865843,0.13187867162210765,5.730727730487951,6.797881010594947,0.09600384015360615,0.09600384015360411,2025-09-14 03:25:58
8cZfgtW14H4,TICKETS ON SALE NOW!! also!! This tour we are doing VIP! We will all hangout before the show!,Corook,Music Content,False,2024-11-22 18:08:15,2025-09-15,2025,9,38,Monday,297,4634,247,18,11.585,5.330168321104877,0.38843331894691413,5.718601640051792,15.602693602693602,0.0,0.0,2025-09-15 06:33:41
8iPkOEEi3hw,DAY 8!!! Been wanting to say this for a while.,Corook,Music Content,False,2025-08-30 02:24:35,2025-09-15,2025,9,38,Monday,16,6148,532,15,15.37,8.653220559531555,0.24398178269355889,8.897202342225114,384.25,0.0,0.0,2025-09-15 06:33:34
8ol0L9LwPa4,I've just been made aware...,Corook,Music Content,False,2023-11-13 09:00:10,2025-09-15,2025,9,38,Monday,672,7113,342,18,17.782500000000002,4.808097849008857,0.25305778152678193,5.061155630535639,10.584821428571429,0.0,0.0,2025-09-15 06:33:55
8tem27lgr1Q,corook - it's ok! (lyric video),Corook,Lyric Video,False,2022-07-22 03:58:53,2025-09-15,2025,9,38,Monday,1151,2300941,76969,1466,5752.352499999999,3.345109674693962,0.06371306348141911,3.408822738175381,1999.0799304952216,0.0,0.0,2025-09-15 06:34:25
917WLNZulPo,just me and my buds cheering me on to go for the girl of my dreams (aka Olivia Barton) 🧦🐸,Corook,Music Content,False,2023-08-18 21:21:51,2025-09-15,2025,9,38,Monday,759,15924,743,37,39.81,4.6659130871640295,0.23235367997990453,4.898266767143934,20.9802371541502,0.0,0.0,2025-09-15 06:34:02
97Ts7ZpNAMs,a new corook era has commenced 👀🐸,Corook,Music Content,False,2024-08-01 22:59:53,2025-09-15,2025,9,38,Monday,410,3279,660,35,8.1975,20.128087831655993,1.0673985971332722,21.195486428789266,7.9975609756097565,0.0,0.0,2025-09-15 06:33:48
9B7p9FO89fg,I think this my fav love song ive ever written 💚,Corook,Music Content,False,2025-02-11 23:59:35,2025-09-15,2025,9,38,Monday,216,4221,295,25,10.5525,6.988865197820422,0.5922767116796968,7.5811419095001185,19.541666666666668,0.0,0.0,2025-09-15 06:33:41
9DqL_EFvgpE,corook - emergency contact (audio),Corook,Music Content,False,2023-08-25 04:04:59,2025-09-15,2025,9,38,Monday,752,69412,1940,159,173.53000000000003,2.794905779980407,0.22906702011179625,3.0239728000922033,92.30319148936171,0.0,0.0,2025-09-15 06:34:02
9Gq0S5B5TU8,what should I call this one??? #newmusic,Corook,Music Content,False,2022-06-01 19:21:01,2025-09-15,2025,9,38,Monday,1202,12269,1165,58,30.6725,9.495476403944902,0.47273616431657023,9.968212568261473,10.207154742096506,0.0,0.0,2025-09-15 06:34:25
9H1Zzo1WPZw,Ring Around Dance TikTok Compilation,Flyana Boss,Music Content,False,2020-04-29 15:59:11,2025-09-12,2025,9,37,Friday,1962,4425,90,8,11.0625,2.0338983050847457,0.1807909604519774,2.214689265536723,2.2553516819571864,0.0,0.0,2025-09-12 08:07:01
9H1Zzo1WPZw,Ring Around Dance TikTok Compilation,Flyana Boss,Music Content,False,2020-04-29 15:59:11,2025-09-14,2025,9,37,Sunday,1964,4425,90,8,11.0625,2.0338983050847457,0.1807909604519774,2.214689265536723,2.2530549898167007,0.0,0.0,2025-09-14 03:27:05
9UniH7H81xs,Raiche - Half & Half [Official Video],Raiche,Official Music Video,False,2023-10-27 04:00:08,2025-09-15,2025,9,38,Monday,689,22503,791,54,56.2575,3.5150868773052486,0.23996800426609785,3.7550548815713465,32.660377358490564,0.0,0.0,2025-09-15 06:33:04
9V6AcQGgvgs,if i were a fish - out now!!!,Corook,Music Content,False,2023-04-21 18:44:32,2025-09-15,2025,9,38,Monday,878,158282,9612,516,395.70500000000004,6.072705677209032,0.32600042961296927,6.398706106822001,180.2756264236902,0.0,0.0,2025-09-15 06:34:10
9WLHb3Jt_aI,when should i release this somg?,re6ce,Music Content,False,2025-08-17 08:32:34,2025-09-14,2025,9,37,Sunday,28,3098,234,28,7.744999999999999,7.553260167850226,0.9038089089735314,8.457069076823757,110.64285714285714,0.0,0.0,2025-09-14 03:38:54
9XVfgwfRfm8,corook - ok getting older (lyric video),Corook,Lyric Video,False,2025-02-28 05:00:10,2025-09-15,2025,9,38,Monday,199,2318,139,17,5.795,5.996548748921484,0.7333908541846419,6.729939603106126,11.64824120603015,0.0,0.0,2025-09-15 06:33:34
9Zb5adVxh_o,Caption this….,Flyana Boss,Music Content,False,2023-06-09 06:58:23,2025-09-12,2025,9,37,Friday,826,238108,8074,94,595.27,3.390898247853915,0.03947788398541838,3.4303761318393335,288.26634382566584,0.0,0.0,2025-09-12 08:06:36
9Zb5adVxh_o,Caption this….,Flyana Boss,Music Content,False,2023-06-09 06:58:23,2025-09-14,2025,9,37,Sunday,828,238111,8074,94,595.2774999999999,3.390855525364221,0.03947738659700728,3.4303329119612282,287.57367149758454,0.0012599324676197355,0.0012599324676090405,2025-09-14 03:26:45
9aw1YXo1QQA,BiC Fizzle - Turnt Sh*t [Official Music Video],BiC Fizzle,Official Music Video,False,2022-03-25 19:00:03,2025-09-12,2025,9,37,Friday,1267,4575424,59439,666,11438.56,1.299092717964499,0.01455602803150047,1.3136487459959996,3611.2265193370167,0.0,0.0,2025-09-12 18:54:52
9aw1YXo1QQA,BiC Fizzle - Turnt Sh*t [Official Music Video],BiC Fizzle,Official Music Video,False,2022-03-25 19:00:03,2025-09-14,2025,9,37,Sunday,1269,4577876,59453,666,11444.69,1.298702717155292,0.014548231537944671,1.3132509486932367,3607.4672970843185,0.05359066176162035,0.05359066176162925,2025-09-14 03:25:50
9bAo_jIg-ew,Walking thru the aisle of the grocery store w/ you feels like the aisle w/ the preacher & the pews 🧡,Corook,Music Content,False,2023-12-06 20:35:37,2025-09-15,2025,9,38,Monday,649,5525,525,31,13.8125,9.502262443438914,0.5610859728506787,10.063348416289593,8.513097072419106,0.0,0.0,2025-09-15 06:33:55
9d7XfXEJfQ0,re6ce - ZOMBIE,re6ce,Music Content,False,2024-09-06 04:00:12,2025-09-14,2025,9,37,Sunday,373,114415,1816,103,286.0375,1.5872044749377268,0.09002316129878075,1.6772276362365075,306.7426273458445,0.0,0.0,2025-09-14 03:38:54
9dY0wFz9_vo,"I’ll be releasing this song on Friday, May 19th…seriously 🤓🐸",Corook,Music Content,False,2023-05-16 02:45:24,2025-09-15,2025,9,38,Monday,853,4663,305,41,11.6575,6.540853527771821,0.8792622775037529,7.420115805275574,5.466588511137163,0.0,0.0,2025-09-15 06:34:10
9ih3RFDJbjg,Never trust a beanie and a smile!!! #girlrap #hiphop,Flyana Boss,Music Content,False,2023-05-03 22:41:48,2025-09-12,2025,9,37,Friday,863,1495629,98258,1659,3739.0724999999998,6.569677373198834,0.11092323029307401,6.680600603491908,1733.0579374275783,0.0,0.0,2025-09-12 08:06:50
9ih3RFDJbjg,Never trust a beanie and a smile!!! #girlrap #hiphop,Flyana Boss,Music Content,False,2023-05-03 22:41:48,2025-09-14,2025,9,37,Sunday,865,1495640,98252,1653,3739.1000000000004,6.569227889064214,0.11052124842876629,6.67974913749298,1729.063583815029,0.0007354765118889778,0.0007354765119050318,2025-09-14 03:26:56
9lkdik4i54o,Now when I’m without them my face looks kinda naked,Corook,Music Content,False,2023-09-30 01:51:00,2025-09-15,2025,9,38,Monday,716,4719,346,13,11.797500000000001,7.332061877516423,0.27548209366391185,7.607543971180334,6.590782122905028,0.0,0.0,2025-09-15 06:33:55
9vgmnV1c2rw,MAKE WAY FOR THE NEXT GEN 🫶🏿🏃🏾‍♀️💚 @sonos #GRAMMYsNextGen #SonosPartner #GRAMMYHouse,Flyana Boss,Music Content,False,2024-02-06 19:53:27,2025-09-12,2025,9,37,Friday,584,9938,995,9,24.845000000000002,10.012074864157778,0.09056148118333669,10.102636345341114,17.017123287671232,0.0,0.0,2025-09-12 08:06:26
9vgmnV1c2rw,MAKE WAY FOR THE NEXT GEN 🫶🏿🏃🏾‍♀️💚 @sonos #GRAMMYsNextGen #SonosPartner #GRAMMYHouse,Flyana Boss,Music Content,False,2024-02-06 19:53:27,2025-09-14,2025,9,37,Sunday,586,9946,995,9,24.865,10.004021717273275,0.09048863864870299,10.094510355921978,16.97269624573379,0.08049909438518817,0.08049909438517214,2025-09-14 03:26:36
9ybN8ivubB8,re6ce - köln,re6ce,Music Content,False,2024-05-10 04:00:10,2025-09-14,2025,9,37,Sunday,492,19775,665,62,49.4375,3.3628318584070795,0.3135271807838179,3.6763590391908973,40.19308943089431,0.0,0.0,2025-09-14 03:38:54
9z0SVYK49X4,Being really serious about serious person party(y) 2,Corook,Music Content,False,2023-07-24 21:17:07,2025-09-15,2025,9,38,Monday,784,28166,1645,43,70.415,5.840374920116453,0.15266633529787688,5.9930412554143295,35.92602040816327,0.0,0.0,2025-09-15 06:34:02
A1PvKxsYmcE,@ emotionally immature parents everywhere ❤️‍🩹,Corook,Music Content,False,2024-10-31 16:02:45,2025-09-15,2025,9,38,Monday,319,2256,245,18,5.64,10.859929078014185,0.7978723404255319,11.657801418439716,7.072100313479623,0.0,0.0,2025-09-15 06:33:41
A2Nh4hy4HoQ,corook - sims (sims video),Corook,Music Content,False,2021-11-19 17:00:07,2025-09-15,2025,9,38,Monday,1396,120675,154,5,301.6875,0.12761549616739176,0.004143360265175057,0.13175885643256682,86.44340974212034,0.0,0.0,2025-09-15 06:34:25
A8Ivq1EZ36M,The tea is that I’m her 💁🏾‍♀️ #hiphop #besties #femalerapper #blackgirlmagic,Flyana Boss,Music Content,False,2023-04-28 18:17:50,2025-09-12,2025,9,37,Friday,868,45157,3073,24,112.89249999999998,6.8051464889164475,0.05314790619394557,6.858294395110393,52.024193548387096,0.0,0.0,2025-09-12 08:06:50
A8Ivq1EZ36M,The tea is that I’m her 💁🏾‍♀️ #hiphop #besties #femalerapper #blackgirlmagic,Flyana Boss,Music Content,False,2023-04-28 18:17:50,2025-09-14,2025,9,37,Sunday,870,45158,3073,24,112.89500000000001,6.8049957925506,0.05314672926170336,6.8581425218123035,51.90574712643678,0.002214496091414399,0.0022144960914375605,2025-09-14 03:26:56
ADjCw_FksvM,we’re not sponsored by Dave & Buster’s but we wanna be 😉😂 #flyanaboss #evanblummadeit,Flyana Boss,Music Content,False,2023-07-11 18:05:54,2025-09-12,2025,9,37,Friday,794,1045106,0,533,2612.765,0.0,0.050999611522658944,0.050999611522658944,1316.2544080604534,0.0,0.0,2025-09-12 08:06:36
ADjCw_FksvM,we’re not sponsored by Dave & Buster’s but we wanna be 😉😂 #flyanaboss #evanblummadeit,Flyana Boss,Music Content,False,2023-07-11 18:05:54,2025-09-14,2025,9,37,Sunday,796,1045117,0,533,2612.7925,0.0,0.050999074744741496,0.050999074744741496,1312.961055276382,0.001052524815664631,0.0010525248156702006,2025-09-14 03:26:45
AH2i9g8H6zI,When Mama’s Got A Brand Nu Bag!?! #besties #flyanaboss #girlrap,Flyana Boss,Music Content,False,2023-03-14 19:49:30,2025-09-12,2025,9,37,Friday,913,365576,33576,293,913.94,9.184410355165546,0.08014749327089306,9.26455784843644,400.4118291347207,0.0,0.0,2025-09-12 08:06:50
AH2i9g8H6zI,When Mama’s Got A Brand Nu Bag!?! #besties #flyanaboss #girlrap,Flyana Boss,Music Content,False,2023-03-14 19:49:30,2025-09-14,2025,9,37,Sunday,915,365583,33573,293,913.9575000000001,9.183413889595522,0.08014595864687363,9.263559848242396,399.544262295082,0.0019147865286561483,0.001914786528660626,2025-09-14 03:26:56
AHx_qLcRo1U,friendship - carwash cover,re6ce,Music Content,False,2022-09-28 21:26:19,2025-09-14,2025,9,37,Sunday,1082,14539,507,31,36.3475,3.4871724327670406,0.21321961620469082,3.7003920489717315,13.437153419593345,0.0,0.0,2025-09-14 03:38:54
Ac6Pio1CZ78,Two besties trying to help the world love themselves! #hiphop #femalerapper,Flyana Boss,Music Content,False,2023-04-11 17:50:31,2025-09-12,2025,9,37,Friday,885,29412,2365,23,73.53,8.04093567251462,0.07819937440500477,8.119135046919624,33.23389830508474,0.0,0.0,2025-09-12 08:06:50
Ac6Pio1CZ78,Two besties trying to help the world love themselves! #hiphop #femalerapper,Flyana Boss,Music Content,False,2023-04-11 17:50:31,2025-09-14,2025,9,37,Sunday,887,29412,2365,23,73.53,8.04093567251462,0.07819937440500477,8.119135046919624,33.15896279594138,0.0,0.0,2025-09-14 03:26:56
AdgPEySA8iM,corook - messy (lyric video),Corook,Lyric Video,False,2025-02-28 05:00:10,2025-09-15,2025,9,38,Monday,199,3060,123,17,7.65,4.019607843137255,0.5555555555555556,4.57516339869281,15.376884422110553,0.0,0.0,2025-09-15 06:33:34
AhGX1SNLdr8,BiC Fizzle - Pink Tab [Official Audio],BiC Fizzle,Official Audio,False,2023-11-02 04:00:05,2025-09-12,2025,9,37,Friday,680,28415,579,7,71.0375,2.0376561675171567,0.024634875945803273,2.06229104346296,41.786764705882355,0.0,0.0,2025-09-12 18:54:42
AhGX1SNLdr8,BiC Fizzle - Pink Tab [Official Audio],BiC Fizzle,Official Audio,False,2023-11-02 04:00:05,2025-09-14,2025,9,37,Sunday,682,28435,579,7,71.08749999999999,2.0362229646562335,0.024617548795498507,2.060840513451732,41.693548387096776,0.0703853598451522,0.07038535984514821,2025-09-14 03:25:42
Aoifp8a5HdE,you my lil sweetheart - CANDY MAN,Flyana Boss,Music Content,False,2024-07-10 17:35:49,2025-09-12,2025,9,37,Friday,429,6092,518,9,15.229999999999999,8.50295469468155,0.14773473407747867,8.65068942875903,14.2004662004662,0.0,0.0,2025-09-12 08:06:17
Aoifp8a5HdE,you my lil sweetheart - CANDY MAN,Flyana Boss,Music Content,False,2024-07-10 17:35:49,2025-09-14,2025,9,37,Sunday,431,6103,519,9,15.2575,8.504014419138128,0.1474684581353433,8.651482877273471,14.160092807424594,0.18056467498358503,0.18056467498359577,2025-09-14 03:26:30
Attgs3wPBqo,Collectible cards! For tour VIP and a few lucky vinyl purchases! Read more cobrahcore.com/succubus,COBRAH,Music Content,False,2023-11-16 17:37:13,2025-09-12,2025,9,37,Friday,666,6003,312,11,15.0075,5.197401299350324,0.18324171247709478,5.380643011827419,9.013513513513514,0.0,0.0,2025-09-12 08:05:26
Attgs3wPBqo,Collectible cards! For tour VIP and a few lucky vinyl purchases! Read more cobrahcore.com/succubus,COBRAH,Music Content,False,2023-11-16 17:37:13,2025-09-14,2025,9,37,Sunday,668,6033,314,11,15.082500000000001,5.2047074424001325,0.18233051549809381,5.387037957898226,9.031437125748504,0.49975012493753124,0.4997501249375383,2025-09-14 03:25:58
AxS4bmE9sdE,"a little BTS of the making of ""emergency contact""",Corook,Music Content,False,2023-08-28 21:20:30,2025-09-15,2025,9,38,Monday,749,3116,239,15,7.79,7.670089858793324,0.4813863928112966,8.15147625160462,4.1602136181575435,0.0,0.0,2025-09-15 06:34:02
AyFULi-PkgU,Our book comes out TOMORROW!!! This is insane.,Corook,Music Content,False,2023-12-04 23:07:20,2025-09-15,2025,9,38,Monday,651,4664,200,3,11.66,4.288164665523156,0.06432246998284735,4.352487135506003,7.164362519201229,0.0,0.0,2025-09-15 06:33:55
Az-x4hMKiwA,yous my lil sweetheart #candyman #flyanaboss,Flyana Boss,Music Content,False,2024-07-11 19:09:22,2025-09-12,2025,9,37,Friday,428,4643,324,3,11.6075,6.978246823174672,0.0646133965108766,7.042860219685548,10.848130841121495,0.0,0.0,2025-09-12 08:06:17
Az-x4hMKiwA,yous my lil sweetheart #candyman #flyanaboss,Flyana Boss,Music Content,False,2024-07-11 19:09:22,2025-09-14,2025,9,37,Sunday,430,4651,324,3,11.6275,6.966243818533649,0.06450225757901526,7.030746076112664,10.816279069767441,0.1723023906956709,0.17230239069566722,2025-09-14 03:26:30
B2fbBMiImtk,BiC Fizzle - Just Got Started [Official Audio],BiC Fizzle,Official Audio,False,2023-01-27 05:00:06,2025-09-12,2025,9,37,Friday,959,77526,1811,27,193.815,2.3359905064107527,0.03482702577199907,2.370817532182752,80.84045881126173,0.0,0.0,2025-09-12 18:54:42
B2fbBMiImtk,BiC Fizzle - Just Got Started [Official Audio],BiC Fizzle,Official Audio,False,2023-01-27 05:00:06,2025-09-14,2025,9,37,Sunday,961,77558,1812,27,193.895,2.3363160473452127,0.03481265633461409,2.371128703679827,80.70551508844953,0.04127647498903594,0.04127647498904239,2025-09-14 03:25:42
B4_I75xHB0c,brown eyes* by re6ce | official lyric video,re6ce,Lyric Video,False,2024-04-08 17:12:18,2025-09-14,2025,9,37,Sunday,524,338882,6196,159,847.205,1.8283650356171175,0.046918986549890525,1.875284022167008,646.7213740458016,0.0,0.0,2025-09-14 03:38:54
B9v8tFOg21g,corook - idk god (lyric video),Corook,Lyric Video,False,2022-03-24 16:59:54,2025-09-15,2025,9,38,Monday,1271,157012,644,50,392.53,0.4101597330140372,0.03184469976817059,0.4420044327822078,123.53422501966955,0.0,0.0,2025-09-15 06:34:25
BJLa2Pq85m0,100 days of corook DAY 2!!,Corook,Music Content,False,2025-08-23 16:16:19,2025-09-15,2025,9,38,Monday,23,4852,377,24,12.13,7.769991755976917,0.49464138499587795,8.264633140972794,210.95652173913044,0.0,0.0,2025-09-15 06:33:34
Bcsa2VkDesk,Just rode bikes 🚲… where to next??? ☺️✨ #flyanaboss #evanblummadeit,Flyana Boss,Music Content,False,2023-07-03 17:57:12,2025-09-12,2025,9,37,Friday,802,5378749,0,3304,13446.8725,0.0,0.06142692287742001,0.06142692287742001,6706.66957605985,0.0,0.0,2025-09-12 08:06:36
Bcsa2VkDesk,Just rode bikes 🚲… where to next??? ☺️✨ #flyanaboss #evanblummadeit,Flyana Boss,Music Content,False,2023-07-03 17:57:12,2025-09-14,2025,9,37,Sunday,804,5378776,0,3304,13446.939999999999,0.0,0.06142661453088956,0.06142661453088956,6690.019900497512,0.0005019754593493766,0.0005019754593434246,2025-09-14 03:26:45
Bt5MFJozK7k,Behind the SUCCUBUS lore part 1 🖤,COBRAH,Music Content,False,2023-11-20 19:42:31,2025-09-12,2025,9,37,Friday,662,13273,680,18,33.1825,5.123182400361637,0.13561365177427862,5.258796052135915,20.04984894259819,0.0,0.0,2025-09-12 08:05:26
Bt5MFJozK7k,Behind the SUCCUBUS lore part 1 🖤,COBRAH,Music Content,False,2023-11-20 19:42:31,2025-09-14,2025,9,37,Sunday,664,13312,682,18,33.28,5.123197115384615,0.13521634615384615,5.258413461538461,20.048192771084338,0.2938295788442703,0.2938295788442815,2025-09-14 03:25:58
Bucv1OP03k8,"loved my grandma so much, died when I was 12. If she knew I kiss girls, would she love me still?",Corook,Music Content,False,2023-08-15 23:46:43,2025-09-15,2025,9,38,Monday,762,2714,201,31,6.785,7.406042741341194,1.142225497420781,8.548268238761976,3.561679790026247,0.0,0.0,2025-09-15 06:34:02
C0knKIXUCDg,THEY! is reaching people in a way I never thought it would. Thank you to everyone who’s had my back,Corook,Music Content,False,2025-02-08 00:47:38,2025-09-15,2025,9,38,Monday,219,4249,491,35,10.622499999999999,11.555660155330665,0.8237232289950577,12.379383384325722,19.401826484018265,0.0,0.0,2025-09-15 06:33:41
C20JEjCG_hQ,"Flyana Boss ""Bakes Cookies""",Flyana Boss,Music Content,False,2020-05-29 19:00:06,2025-09-12,2025,9,37,Friday,1932,7914,254,9,19.785,3.209502148091989,0.11372251705837756,3.3232246651503665,4.096273291925466,0.0,0.0,2025-09-12 08:07:01
C20JEjCG_hQ,"Flyana Boss ""Bakes Cookies""",Flyana Boss,Music Content,False,2020-05-29 19:00:06,2025-09-14,2025,9,37,Sunday,1934,7916,254,9,19.79,3.208691258211218,0.11369378473976757,3.3223850429509856,4.093071354705274,0.025271670457417232,0.02527167045741221,2025-09-14 03:27:05
C3z7cV8vwY4,I got bills paid @ 17 like josh Allen🗣️,BiC Fizzle,Music Content,False,2024-06-30 03:54:27,2025-09-12,2025,9,37,Friday,439,3969,197,14,9.9225,4.963466868228774,0.3527336860670194,5.3162005542957935,9.041002277904328,0.0,0.0,2025-09-12 18:54:42
C3z7cV8vwY4,I got bills paid @ 17 like josh Allen🗣️,BiC Fizzle,Music Content,False,2024-06-30 03:54:27,2025-09-14,2025,9,37,Sunday,441,3972,197,14,9.93,4.959718026183283,0.35246727089627394,5.312185297079557,9.006802721088436,0.07558578987150416,0.07558578987150702,2025-09-14 03:25:42
C4M_xpDpMsc,soundcheck with me 🤗 full documentary-style video will be out on Sunday 🎤,Corook,Music Content,False,2023-12-28 17:00:06,2025-09-15,2025,9,38,Monday,627,1643,84,1,4.1075,5.112598904443092,0.06086427267194157,5.173463177115034,2.620414673046252,0.0,0.0,2025-09-15 06:33:48
C5wZOKHPmyQ,"ballerina is the 2nd single from MY DEBUT ALBUM, baby!Committed to a Bit will be here February 7th.",Corook,Music Content,False,2024-09-27 17:23:03,2025-09-15,2025,9,38,Monday,353,5183,660,19,12.9575,12.733937873818252,0.36658306000385876,13.10052093382211,14.68271954674221,0.0,0.0,2025-09-15 06:33:41
C6fEN6xBdp4,corook - sims (lyric video),Corook,Lyric Video,False,2021-12-02 17:30:02,2025-09-15,2025,9,38,Monday,1383,99716,173,9,249.29,0.17349271932287696,0.00902563279714389,0.18251835212002085,72.10122921185828,0.0,0.0,2025-09-15 06:34:25
C7wdFvZdr8w,They’ve come to take me…             Feminine energy out Friday 👽,COBRAH,Music Content,False,2023-09-05 17:53:06,2025-09-12,2025,9,37,Friday,738,7417,360,10,18.5425,4.853714439800458,0.1348254011055683,4.988539840906027,10.050135501355014,0.0,0.0,2025-09-12 08:05:26
C7wdFvZdr8w,They’ve come to take me…             Feminine energy out Friday 👽,COBRAH,Music Content,False,2023-09-05 17:53:06,2025-09-14,2025,9,37,Sunday,740,7431,361,10,18.5775,4.858027183420805,0.13457139012245997,4.9925985735432645,10.041891891891892,0.1887555615477956,0.18875556154779638,2025-09-14 03:25:58
CFQH9nDMcMQ,I haven’t seen Olivia in 10 whole days bc she went to FRANCE!!! Without ME! It was so rude.,Corook,Music Content,False,2025-08-26 05:14:38,2025-09-15,2025,9,38,Monday,20,8572,424,25,21.43,4.946336910872608,0.2916472235184321,5.2379841343910405,428.6,0.0,0.0,2025-09-15 06:33:34
CKGn6HGegBg,COBRAH - FEMININE ENERGY (Zorza Adrenaline Mix) [Visualizer],COBRAH,Visualizer,False,2024-08-01 17:05:02,2025-09-12,2025,9,37,Friday,407,46592,1555,54,116.47999999999999,3.3374828296703294,0.11589972527472528,3.4533825549450547,114.47665847665847,0.0,0.0,2025-09-12 08:05:26
CKGn6HGegBg,COBRAH - FEMININE ENERGY (Zorza Adrenaline Mix) [Visualizer],COBRAH,Visualizer,False,2024-08-01 17:05:02,2025-09-14,2025,9,37,Sunday,409,46744,1560,54,116.86,3.337326715728222,0.11552284785213075,3.4528495635803527,114.2885085574572,0.32623626373626374,0.32623626373627207,2025-09-14 03:25:58
CP_YZdD7jxc,BiC Fizzle - Coke Flow (feat. Cootie) [Official Music Video],BiC Fizzle,Official Music Video,False,2024-08-08 22:00:07,2025-09-12,2025,9,37,Friday,400,153583,4686,105,383.9575,3.0511189389450655,0.06836694165369865,3.119485880598764,383.9575,0.0,0.0,2025-09-12 18:54:42
CP_YZdD7jxc,BiC Fizzle - Coke Flow (feat. Cootie) [Official Music Video],BiC Fizzle,Official Music Video,False,2024-08-08 22:00:07,2025-09-14,2025,9,37,Sunday,402,153799,4690,105,384.4975,3.0494346517207527,0.06827092503852432,3.117705576759277,382.5845771144279,0.14064056568760866,0.140640565687614,2025-09-14 03:25:42
CRKwwH4wOTU,Remember when?,Corook,Music Content,False,2025-03-22 22:17:50,2025-09-15,2025,9,38,Monday,177,10351,282,65,25.8775,2.724374456574244,0.627958651338035,3.352333107912279,58.48022598870057,0.0,0.0,2025-09-15 06:33:34
CY3pxKCgRcY,Raiche - Money Pies [Songkick Live],Raiche,Live Performance,False,2019-08-20 16:11:27,2025-09-15,2025,9,38,Monday,2218,8162,163,23,20.405,1.9970595442293557,0.28179367802009314,2.278853222249449,3.679891794409378,0.0,0.0,2025-09-15 06:33:13
CbvClh1LsQM,nah you wish #youwish #flyanaboss Credit: @zekecieslak,Flyana Boss,Music Content,False,2024-06-12 01:26:24,2025-09-12,2025,9,37,Friday,457,23784,666,32,59.459999999999994,2.800201816347124,0.13454423141607805,2.934746047763202,52.0437636761488,0.0,0.0,2025-09-12 08:06:17
CbvClh1LsQM,nah you wish #youwish #flyanaboss Credit: @zekecieslak,Flyana Boss,Music Content,False,2024-06-12 01:26:24,2025-09-14,2025,9,37,Sunday,459,23792,666,32,59.480000000000004,2.7992602555480834,0.13449899125756556,2.933759246805649,51.83442265795207,0.03363605785401951,0.03363605785403672,2025-09-14 03:26:30
CxiHffozSJQ,This was one of my favorite shows ever!!,Corook,Music Content,False,2025-03-25 06:56:59,2025-09-15,2025,9,38,Monday,174,1026,50,6,2.565,4.8732943469785575,0.5847953216374269,5.458089668615984,5.896551724137931,0.0,0.0,2025-09-15 06:33:34
DEoxiLr7lgQ,I’m so soft and sensitive!!!! 😊,Corook,Music Content,False,2024-12-18 16:49:15,2025-09-15,2025,9,38,Monday,271,1768,216,40,4.42,12.217194570135746,2.262443438914027,14.479638009049772,6.523985239852398,0.0,0.0,2025-09-15 06:33:41
DMXg0QuIF-A,I paid my rent on time let’s get the party started 🤑,Corook,Music Content,False,2023-07-28 14:29:40,2025-09-15,2025,9,38,Monday,780,70502,2905,83,176.255,4.120450483674222,0.11772715667640633,4.238177640350629,90.38717948717948,0.0,0.0,2025-09-15 06:34:02
DN6xGGE2AnQ,she don’t eat 🐱 but she ate this verse up,COBRAH,Music Content,False,2024-07-29 17:00:16,2025-09-12,2025,9,37,Friday,410,7423,338,13,18.5575,4.553415061295972,0.17513134851138354,4.728546409807356,18.10487804878049,0.0,0.0,2025-09-12 08:05:26
DN6xGGE2AnQ,she don’t eat 🐱 but she ate this verse up,COBRAH,Music Content,False,2024-07-29 17:00:16,2025-09-14,2025,9,37,Sunday,412,7464,339,13,18.66,4.541800643086816,0.17416934619506969,4.715969989281886,18.116504854368934,0.5523373299205173,0.5523373299205127,2025-09-14 03:25:58
DRciIfokxPc,Raiche - Shine [Official Audio],Raiche,Official Audio,False,2019-02-08 05:46:09,2025-09-15,2025,9,38,Monday,2411,142463,1724,153,356.15749999999997,1.2101387728743604,0.10739630640938348,1.317535079283744,59.08875985068436,0.0,0.0,2025-09-15 06:33:13
DaFrOHJkCDg,#ThrowBackThursday 1017 4 A Reason🏆 “BLOW THE DEPOSIT” w/ Gucci Mane,BiC Fizzle,Music Content,False,2022-08-04 15:00:10,2025-09-12,2025,9,37,Friday,1135,870511,38598,828,2176.2775,4.4339474170918,0.0951165464882121,4.529063963580012,766.9700440528634,0.0,0.0,2025-09-12 18:54:52
DaFrOHJkCDg,#ThrowBackThursday 1017 4 A Reason🏆 “BLOW THE DEPOSIT” w/ Gucci Mane,BiC Fizzle,Music Content,False,2022-08-04 15:00:10,2025-09-14,2025,9,37,Sunday,1137,870527,38598,828,2176.3175,4.433865922596312,0.09511479827736533,4.528980720873678,765.6350043975374,0.001838000898322939,0.0018380008983212672,2025-09-14 03:25:50
Dbp1iMhFQ04,"I have the most talented, creative fans ever!! 🤩💁🏼🫶🏻",Corook,Music Content,False,2025-03-24 20:51:12,2025-09-15,2025,9,38,Monday,175,1218,76,6,3.045,6.239737274220033,0.49261083743842365,6.732348111658457,6.96,0.0,0.0,2025-09-15 06:33:34
Drxn6eYRg4Y,BiC Fizzle - Ride Fa Mine (feat. Lg Malique) [Official Music Video],BiC Fizzle,Official Music Video,False,2023-04-17 16:00:12,2025-09-12,2025,9,37,Friday,879,220626,6003,130,551.565,2.720894182915885,0.058923245673674,2.779817428589559,250.9965870307167,0.0,0.0,2025-09-12 18:54:42
Drxn6eYRg4Y,BiC Fizzle - Ride Fa Mine (feat. Lg Malique) [Official Music Video],BiC Fizzle,Official Music Video,False,2023-04-17 16:00:12,2025-09-14,2025,9,37,Sunday,881,220754,6005,130,551.885,2.7202225101243918,0.05888908015256802,2.7791115902769596,250.57207718501704,0.05801673420177132,0.058016734201759776,2025-09-14 03:25:42
DtkrxlA1HA0,WHAT IS GOING ON 🐠🐟🐡🐸,Corook,Music Content,False,2023-05-03 20:53:02,2025-09-15,2025,9,38,Monday,866,6512,411,45,16.279999999999998,6.311425061425062,0.691031941031941,7.002457002457003,7.519630484988452,0.0,0.0,2025-09-15 06:34:10
E0qyT8cgO7Y,FLYANA BOSS TV Episode 3 (tour vlog),Flyana Boss,Music Content,False,2023-09-30 17:00:06,2025-09-12,2025,9,37,Friday,713,8673,517,49,21.6825,5.961028479188286,0.5649717514124294,6.526000230600715,12.164095371669005,0.0,0.0,2025-09-12 08:06:26
E0qyT8cgO7Y,FLYANA BOSS TV Episode 3 (tour vlog),Flyana Boss,Music Content,False,2023-09-30 17:00:06,2025-09-14,2025,9,37,Sunday,715,8673,517,49,21.6825,5.961028479188286,0.5649717514124294,6.526000230600715,12.13006993006993,0.0,0.0,2025-09-14 03:26:36
E2m8YnHDsIY,More new music cominggggg 🌱 👀 #flyanaboss #evanblummadeit,Flyana Boss,Music Content,False,2024-02-13 23:31:26,2025-09-12,2025,9,37,Friday,577,46623,4061,59,116.55749999999999,8.710293202925595,0.1265469832486112,8.836840186174205,80.80242634315425,0.0,0.0,2025-09-12 08:06:26
E2m8YnHDsIY,More new music cominggggg 🌱 👀 #flyanaboss #evanblummadeit,Flyana Boss,Music Content,False,2024-02-13 23:31:26,2025-09-14,2025,9,37,Sunday,579,46634,4060,59,116.58500000000001,8.70609426598619,0.1265171334219668,8.832611399408156,80.54231433506045,0.02359350535143599,0.02359350535145111,2025-09-14 03:26:36
E65HlKTQdis,PORTLAND!!! biggest show of tour!!!,Corook,Music Content,False,2023-10-04 22:07:59,2025-09-15,2025,9,38,Monday,712,1440,135,9,3.5999999999999996,9.375,0.625,10.0,2.0224719101123596,0.0,0.0,2025-09-15 06:33:55
E67TUYEVH3g,CANDYMAN DANCE CHALLENGE - Flyanaboss VC: @ twincity,Flyana Boss,Music Content,False,2024-08-08 20:31:44,2025-09-12,2025,9,37,Friday,400,5141,357,4,12.8525,6.944174285158529,0.07780587434351294,7.021980159502042,12.8525,0.0,0.0,2025-09-12 08:06:09
E67TUYEVH3g,CANDYMAN DANCE CHALLENGE - Flyanaboss VC: @ twincity,Flyana Boss,Music Content,False,2024-08-08 20:31:44,2025-09-14,2025,9,37,Sunday,402,5153,358,4,12.882499999999999,6.947409276149815,0.07762468464971861,7.025033960799534,12.818407960199005,0.23341762303053878,0.23341762303053384,2025-09-14 03:26:22
E9cTpTLlf58,ooweeoowee my emergency contact 🚨🧦 full version coming to the Internet on August 25th!!! 🐸,Corook,Music Content,False,2023-08-16 20:11:52,2025-09-15,2025,9,38,Monday,761,4526,300,29,11.315,6.628369421122404,0.6407423773751657,7.269111798497569,5.947437582128778,0.0,0.0,2025-09-15 06:34:02
ECBCWUM8a6I,Laffy taffy 🍬 #candymandance #badalee #kirstendodgen #flyanaboss Credit: @jadebug98,Flyana Boss,Music Content,False,2024-06-10 23:41:00,2025-09-12,2025,9,37,Friday,459,4553,240,9,11.3825,5.2712497254557436,0.1976718647045904,5.468921590160334,9.919389978213507,0.0,0.0,2025-09-12 08:06:17
ECBCWUM8a6I,Laffy taffy 🍬 #candymandance #badalee #kirstendodgen #flyanaboss Credit: @jadebug98,Flyana Boss,Music Content,False,2024-06-10 23:41:00,2025-09-14,2025,9,37,Sunday,461,4555,240,9,11.3875,5.26893523600439,0.19758507135016465,5.466520307354555,9.880694143167029,0.04392708104546453,0.043927081045455785,2025-09-14 03:26:30
EDEG7QA18Nc,BiC Fizzle - Stable [Official Audio],BiC Fizzle,Official Audio,False,2023-11-02 04:00:09,2025-09-12,2025,9,37,Friday,680,91302,1713,33,228.25500000000002,1.8761911020569102,0.036143786554511406,1.9123348886114215,134.26764705882354,0.0,0.0,2025-09-12 18:54:42
EDEG7QA18Nc,BiC Fizzle - Stable [Official Audio],BiC Fizzle,Official Audio,False,2023-11-02 04:00:09,2025-09-14,2025,9,37,Sunday,682,91396,1713,33,228.49,1.8742614556435728,0.03610661298087444,1.9103680686244473,134.01173020527858,0.10295502836739612,0.10295502836738962,2025-09-14 03:25:42
EG3UJUia6DU,B a a a a d Position ⛓️ Out on Friday on the SUCCUBUS Ep 🖤 #shorts,COBRAH,Music Content,False,2023-10-10 19:02:20,2025-09-12,2025,9,37,Friday,703,13397,475,13,33.4925,3.545569903709786,0.09703664999626782,3.642606553706054,19.056899004267425,0.0,0.0,2025-09-12 08:05:26
EG3UJUia6DU,B a a a a d Position ⛓️ Out on Friday on the SUCCUBUS Ep 🖤 #shorts,COBRAH,Music Content,False,2023-10-10 19:02:20,2025-09-14,2025,9,37,Sunday,705,13461,477,13,33.6525,3.543570314241141,0.0965752915830919,3.640145605824233,19.093617021276597,0.4777188922893185,0.47771889228932957,2025-09-14 03:25:58
EIzvA1MGc5s,IM NOT FEELIN HIM #flyanaboss #besties #youwish,Flyana Boss,Music Content,False,2023-06-28 20:49:11,2025-09-12,2025,9,37,Friday,807,3194511,128420,1657,7986.2775,4.020020591570979,0.051870223642992624,4.071890815213971,3958.5018587360596,0.0,0.0,2025-09-12 08:06:36
EIzvA1MGc5s,IM NOT FEELIN HIM #flyanaboss #besties #youwish,Flyana Boss,Music Content,False,2023-06-28 20:49:11,2025-09-14,2025,9,37,Sunday,809,3194537,128406,1657,7986.3425,4.019549624875217,0.05186980147670852,4.071419426351926,3948.7478368355996,0.0008138960861302404,0.0008138960861252295,2025-09-14 03:26:45
ENCpxXzmmyc,New music OTW #Clarkstbaby#1K4L#klanbussiness,BiC Fizzle,Music Content,False,2023-01-16 23:07:45,2025-09-12,2025,9,37,Friday,970,9757,336,14,24.3925,3.443681459464999,0.1434867274777083,3.5871681869427077,10.058762886597938,0.0,0.0,2025-09-12 18:54:52
ENCpxXzmmyc,New music OTW #Clarkstbaby#1K4L#klanbussiness,BiC Fizzle,Music Content,False,2023-01-16 23:07:45,2025-09-14,2025,9,37,Sunday,972,9769,336,14,24.4225,3.439451325621865,0.14331047190091104,3.582761797522776,10.050411522633745,0.12298862355232142,0.12298862355232608,2025-09-14 03:25:50
ERJp8cuOfFc,Raiche - Burn Your Clothes [Official Audio],Raiche,Official Audio,False,2021-10-15 04:00:04,2025-09-15,2025,9,38,Monday,1431,10011,370,31,25.027499999999996,3.6959344720807112,0.3096593746878434,4.005593846768555,6.9958071278826,0.0,0.0,2025-09-15 06:33:13
ES0WsYNbCLw,Flyana Boss - yeaaa (Official Music Video),Flyana Boss,Official Music Video,False,2024-03-08 18:00:06,2025-09-12,2025,9,37,Friday,553,246298,4697,155,615.745,1.9070394400279336,0.06293189550869271,1.9699713355366262,445.38517179023506,0.0,0.0,2025-09-12 08:06:26
ES0WsYNbCLw,Flyana Boss - yeaaa (Official Music Video),Flyana Boss,Official Music Video,False,2024-03-08 18:00:06,2025-09-14,2025,9,37,Sunday,555,246420,4698,156,616.05,1.9065010956902848,0.06330654979303628,1.969807645483321,444.0,0.04953349194877749,0.049533491948769375,2025-09-14 03:26:36
ET7geO5qhtI,Check out my full @uproxxmusicvideos session now,Raiche,Music Content,False,2022-10-06 08:00:04,2025-09-15,2025,9,38,Monday,1075,1485,143,12,3.7125000000000004,9.62962962962963,0.8080808080808081,10.437710437710438,1.3813953488372093,0.0,0.0,2025-09-15 06:33:13
EZ1LD0B0ynw,Is this the cutest dog you’ve ever seen?!?! #flyanaboss #airplanemode,Flyana Boss,Music Content,False,2025-02-07 21:19:39,2025-09-12,2025,9,37,Friday,217,16048,2595,28,40.12,16.17023928215354,0.1744765702891326,16.344715852442672,73.95391705069125,0.0,0.0,2025-09-12 08:06:09
EZ1LD0B0ynw,Is this the cutest dog you’ve ever seen?!?! #flyanaboss #airplanemode,Flyana Boss,Music Content,False,2025-02-07 21:19:39,2025-09-14,2025,9,37,Sunday,219,16072,2597,28,40.18,16.158536585365855,0.17421602787456447,16.33275261324042,73.38812785388127,0.14955134596211367,0.14955134596211933,2025-09-14 03:26:22
EaYWt45o86Y,Watch This Short!! #flyanaboss,Flyana Boss,Music Content,False,2023-05-11 18:53:37,2025-09-12,2025,9,37,Friday,855,76477,5520,22,191.1925,7.217856348967663,0.0287668187821175,7.246623167749781,89.446783625731,0.0,0.0,2025-09-12 08:06:50
EaYWt45o86Y,Watch This Short!! #flyanaboss,Flyana Boss,Music Content,False,2023-05-11 18:53:37,2025-09-14,2025,9,37,Sunday,857,76477,5519,22,191.1925,7.21654876629575,0.0287668187821175,7.245315585077868,89.23803967327888,0.0,0.0,2025-09-14 03:26:56
Ed0b9Zg5qYg,Raiche - Feelings [Official Music Video],Raiche,Official Music Video,False,2022-08-26 16:00:11,2025-09-15,2025,9,38,Monday,1116,40000,1354,95,100.0,3.385,0.2375,3.6224999999999996,35.842293906810035,0.0,0.0,2025-09-15 06:33:13
EoWoBhe8LnU,We signed only 250 copies of our book!! Go get ‘em before they’re gone!! 📣,Corook,Music Content,False,2023-11-25 16:02:32,2025-09-15,2025,9,38,Monday,660,2656,163,4,6.640000000000001,6.1370481927710845,0.15060240963855423,6.287650602409639,4.024242424242424,0.0,0.0,2025-09-15 06:33:55
Et65N0boNWQ,“making room” coming soon 💋,Raiche,Music Content,False,2024-07-01 19:08:06,2025-09-15,2025,9,38,Monday,441,2468,192,10,6.17,7.779578606158834,0.4051863857374392,8.184764991896273,5.596371882086168,0.0,0.0,2025-09-15 06:33:04
EuPS3lEXwf0,"inspiration behind ""if i were a fish""",Corook,Music Content,False,2023-04-20 01:36:47,2025-09-15,2025,9,38,Monday,879,31868,1712,143,79.67,5.372160160662734,0.44872599472825403,5.820886155390988,36.254835039817976,0.0,0.0,2025-09-15 06:34:10
F1-eP2GrmWU,BiC Fizzle - Story [Official Audio],BiC Fizzle,Official Audio,False,2023-01-27 05:00:06,2025-09-12,2025,9,37,Friday,959,37865,1067,29,94.66250000000001,2.817905717681236,0.07658787798758748,2.8944935956688234,39.48383733055266,0.0,0.0,2025-09-12 18:54:52
F1-eP2GrmWU,BiC Fizzle - Story [Official Audio],BiC Fizzle,Official Audio,False,2023-01-27 05:00:06,2025-09-14,2025,9,37,Sunday,961,37878,1067,29,94.695,2.8169385923227206,0.0765615924811236,2.893500184803844,39.41519250780437,0.034332497028918524,0.034332497028902315,2025-09-14 03:25:50
F5828hmVUjc,ispy Big Ellie 🐘🗽 @NewYorkLiberty,Flyana Boss,Music Content,False,2023-08-22 18:31:33,2025-09-12,2025,9,37,Friday,752,1396199,82164,1362,3490.4975000000004,5.884834468438955,0.09755056406715662,5.982385032506111,1856.6476063829787,0.0,0.0,2025-09-12 08:06:36
F5828hmVUjc,ispy Big Ellie 🐘🗽 @NewYorkLiberty,Flyana Boss,Music Content,False,2023-08-22 18:31:33,2025-09-14,2025,9,37,Sunday,754,1396220,82159,1361,3490.55,5.884387847187407,0.09747747489650628,5.981865322083913,1851.7506631299734,0.0015040835869385382,0.0015040835869322843,2025-09-14 03:26:45
F5Wr_WeN82g,UNIDENTIFIED FLYAASSHOOEE 👽💜👽💚 #flyanaboss #evanblummadeit,Flyana Boss,Music Content,False,2024-01-15 20:04:45,2025-09-12,2025,9,37,Friday,606,43796,3399,41,109.49,7.760982738149602,0.09361585532925382,7.854598593478856,72.27062706270627,0.0,0.0,2025-09-12 08:06:26
F5Wr_WeN82g,UNIDENTIFIED FLYAASSHOOEE 👽💜👽💚 #flyanaboss #evanblummadeit,Flyana Boss,Music Content,False,2024-01-15 20:04:45,2025-09-14,2025,9,37,Sunday,608,43802,3398,41,109.505,7.757636637596457,0.09360303182503082,7.851239669421488,72.04276315789474,0.01369988126769568,0.013699881267696199,2025-09-14 03:26:36
FDG_aVJBZ8o,I’m reclaiming this song!!,Corook,Music Content,False,2025-03-24 06:23:52,2025-09-15,2025,9,38,Monday,175,6996,183,60,17.490000000000002,2.615780445969125,0.8576329331046313,3.4734133790737562,39.97714285714286,0.0,0.0,2025-09-15 06:33:34
FEacgFzDlRM,BiC Fizzle - Hustle Music [Official Audio],BiC Fizzle,Official Audio,False,2025-07-02 19:00:24,2025-09-12,2025,9,37,Friday,72,43038,1389,47,107.595,3.227380454482086,0.10920581811422463,3.3365862725963105,597.75,0.0,0.0,2025-09-12 18:54:42
FEacgFzDlRM,BiC Fizzle - Hustle Music [Official Audio],BiC Fizzle,Official Audio,False,2025-07-02 19:00:24,2025-09-14,2025,9,37,Sunday,74,43609,1391,47,109.02250000000001,3.1897085464009725,0.1077759178151299,3.2974844642161023,589.3108108108108,1.3267345136855802,1.3267345136855886,2025-09-14 03:25:42
FQ7oPG8aKIU,Himiah northern 🥶#hourpost#projectcominsoon🥶#CHOSEN1k,BiC Fizzle,Music Content,False,2022-11-14 18:18:09,2025-09-12,2025,9,37,Friday,1033,48173,2660,64,120.4325,5.521765304216054,0.13285450356008552,5.65461980777614,46.63407550822846,0.0,0.0,2025-09-12 18:54:52
FQ7oPG8aKIU,Himiah northern 🥶#hourpost#projectcominsoon🥶#CHOSEN1k,BiC Fizzle,Music Content,False,2022-11-14 18:18:09,2025-09-14,2025,9,37,Sunday,1035,48181,2660,64,120.45249999999999,5.520848467238123,0.13283244432452626,5.653680911562649,46.55169082125604,0.01660681294501069,0.016606812944995587,2025-09-14 03:25:50
FT39yYiCUPY,Black girls 🆙☝🏾☝🏿,Flyana Boss,Music Content,False,2023-10-25 21:27:45,2025-09-12,2025,9,37,Friday,688,466069,47350,383,1165.1725000000001,10.159439911257776,0.08217667341101854,10.241616584668794,677.4258720930233,0.0,0.0,2025-09-12 08:06:26
FT39yYiCUPY,Black girls 🆙☝🏾☝🏿,Flyana Boss,Music Content,False,2023-10-25 21:27:45,2025-09-14,2025,9,37,Sunday,690,466086,47349,383,1165.2150000000001,10.158854803619931,0.0821736761026935,10.241028479722624,675.4869565217391,0.003647528584823277,0.0036475285848248376,2025-09-14 03:26:36
FTevCOruqcE,You’re Nu Fav Duo! 🦋🦋 #hiphop #blackgirlmagic,Flyana Boss,Music Content,False,2023-03-27 00:41:13,2025-09-12,2025,9,37,Friday,900,201382,15968,104,503.45500000000004,7.929209164672116,0.05164314586209293,7.980852310534209,223.7577777777778,0.0,0.0,2025-09-12 08:06:50
FTevCOruqcE,You’re Nu Fav Duo! 🦋🦋 #hiphop #blackgirlmagic,Flyana Boss,Music Content,False,2023-03-27 00:41:13,2025-09-14,2025,9,37,Sunday,902,201390,15968,104,503.47499999999997,7.928894185411391,0.051641094393961966,7.980535279805353,223.27050997782706,0.003972549681699457,0.003972549681684552,2025-09-14 03:26:56
FX8dRtx-V3U,Candyman is out!!! 🍫🍭🍬 #flyanaboss #candyman,Flyana Boss,Music Content,False,2024-01-30 00:59:41,2025-09-12,2025,9,37,Friday,591,32908,2959,34,82.27000000000001,8.99173453263644,0.10331834204448766,9.09505287468093,55.68189509306261,0.0,0.0,2025-09-12 08:06:26
FX8dRtx-V3U,Candyman is out!!! 🍫🍭🍬 #flyanaboss #candyman,Flyana Boss,Music Content,False,2024-01-30 00:59:41,2025-09-14,2025,9,37,Sunday,593,32914,2958,34,82.285,8.987057179315793,0.10329950780822751,9.09035668712402,55.50421585160203,0.018232648596086056,0.018232648596069476,2025-09-14 03:26:36
Faqew_04C_g,committed to a bit (episode 1),Corook,Music Content,False,2024-07-31 18:02:09,2025-09-15,2025,9,38,Monday,411,4675,604,72,11.6875,12.919786096256686,1.540106951871658,14.459893048128345,11.37469586374696,0.0,0.0,2025-09-15 06:33:48
Fd2T4u9GJ2k,I’m playing shows in Denver and NYC with @SammyRae 🐸,Corook,Music Content,False,2024-08-22 23:55:40,2025-09-15,2025,9,38,Monday,389,1699,106,9,4.2475000000000005,6.238964096527369,0.5297233666862861,6.768687463213656,4.367609254498714,0.0,0.0,2025-09-15 06:33:48
FjzVtPozZrs,Flyana Boss - Hot Butter Summertime (Lyric Video),Flyana Boss,Lyric Video,False,2024-07-19 04:08:04,2025-09-12,2025,9,37,Friday,420,17496,715,33,43.739999999999995,4.086648376771834,0.1886145404663923,4.2752629172382255,41.65714285714286,0.0,0.0,2025-09-12 08:06:17
FjzVtPozZrs,Flyana Boss - Hot Butter Summertime (Lyric Video),Flyana Boss,Lyric Video,False,2024-07-19 04:08:04,2025-09-14,2025,9,37,Sunday,422,17524,715,33,43.81,4.080118694362018,0.18831317050901622,4.268431864871035,41.5260663507109,0.1600365797896662,0.1600365797896831,2025-09-14 03:26:30
Fki6RXXlyqY,collision course - re6ce (official visualiser),re6ce,Visualizer,False,2022-03-02 05:00:10,2025-09-14,2025,9,37,Sunday,1292,15644,466,28,39.11,2.9787778061876757,0.17898235745333674,3.1577601636410124,12.108359133126935,0.0,0.0,2025-09-14 03:38:54
FvTSOI9X_vE,re6ce - tonguetied,re6ce,Music Content,False,2024-05-31 04:00:11,2025-09-14,2025,9,37,Sunday,471,46610,741,33,116.525,1.5897875992276336,0.07080025745548166,1.6605878566831151,98.95966029723992,0.0,0.0,2025-09-14 03:38:54
FyjS7C_WCAA,This song means so much to me.,Corook,Music Content,False,2024-10-17 17:54:08,2025-09-15,2025,9,38,Monday,333,1458,190,17,3.645,13.031550068587105,1.1659807956104253,14.19753086419753,4.378378378378378,0.0,0.0,2025-09-15 06:33:41
FzkIJeHNreo,Flyana Boss - You Wish (Lyric Video),Flyana Boss,Lyric Video,False,2023-06-16 04:00:08,2025-09-12,2025,9,37,Friday,819,3881573,92879,4608,9703.932499999999,2.3928185815389793,0.11871475816634133,2.5115333397053208,4739.405372405372,0.0,0.0,2025-09-12 08:06:36
FzkIJeHNreo,Flyana Boss - You Wish (Lyric Video),Flyana Boss,Lyric Video,False,2023-06-16 04:00:08,2025-09-14,2025,9,37,Sunday,821,3882396,92877,4608,9705.99,2.392259831300053,0.11868959271542626,2.5109494240154793,4728.862362971985,0.02120274435132355,0.021202744351331796,2025-09-14 03:26:45
G2Cjadt0pxg,this one’s called pepto bismol!!! 😅😅😅,Corook,Music Content,False,2024-12-13 02:41:03,2025-09-15,2025,9,38,Monday,276,4083,520,35,10.2075,12.735733529267696,0.8572128337007103,13.592946362968407,14.793478260869565,0.0,0.0,2025-09-15 06:33:41
G8UlTTVEvfY,JENNY FROM THE BLOCK,Flyana Boss,Music Content,False,2020-10-21 00:45:01,2025-09-12,2025,9,37,Friday,1787,33185,1479,0,82.9625,4.45683290643363,0.0,4.45683290643363,18.57022943480694,0.0,0.0,2025-09-12 08:07:01
G8UlTTVEvfY,JENNY FROM THE BLOCK,Flyana Boss,Music Content,False,2020-10-21 00:45:01,2025-09-14,2025,9,37,Sunday,1789,33191,1480,0,82.9775,4.459040101232262,0.0,4.459040101232262,18.552822806036893,0.018080458038270304,0.018080458038270988,2025-09-14 03:27:05
GHvYmZRsTys,A cute little video to remember the cutest day meeting you guys! I wanna do this everyday!!! 🧡,Corook,Music Content,False,2023-10-11 17:43:52,2025-09-15,2025,9,38,Monday,705,2414,223,12,6.035,9.237779618889808,0.4971002485501243,9.734879867439933,3.424113475177305,0.0,0.0,2025-09-15 06:33:55
GOzj9WmBmRM,Dipping and dripping,COBRAH,Music Content,False,2022-06-21 02:28:28,2025-09-12,2025,9,37,Friday,1179,6075,297,8,15.1875,4.888888888888889,0.13168724279835392,5.0205761316872435,5.152671755725191,0.0,0.0,2025-09-12 08:05:26
GOzj9WmBmRM,Dipping and dripping,COBRAH,Music Content,False,2022-06-21 02:28:28,2025-09-14,2025,9,37,Sunday,1181,6085,297,8,15.2125,4.880854560394413,0.13147082990961378,5.012325390304027,5.152413209144792,0.1646090534979424,0.16460905349794472,2025-09-14 03:25:58
GQ8-raZZ3J4,Yall remember Tootsie pops,Flyana Boss,Music Content,False,2025-07-18 18:54:21,2025-09-12,2025,9,37,Friday,56,7087,646,25,17.7175,9.115281501340483,0.3527585720333004,9.468040073373784,126.55357142857143,0.0,0.0,2025-09-12 08:06:09
GQ8-raZZ3J4,Yall remember Tootsie pops,Flyana Boss,Music Content,False,2025-07-18 18:54:21,2025-09-14,2025,9,37,Sunday,58,7247,652,25,18.1175,8.996826272940526,0.3449703325514006,9.341796605491925,124.94827586206897,2.2576548610131226,2.2576548610131146,2025-09-14 03:26:22
GV6OzTR39ak,I’m throwing a virtual listening party for ballerina on Monday! + another song 👀 Who’s coming? 🩰,Corook,Music Content,False,2024-09-12 17:08:01,2025-09-15,2025,9,38,Monday,368,1930,168,18,4.825,8.704663212435234,0.932642487046632,9.637305699481866,5.244565217391305,0.0,0.0,2025-09-15 06:33:48
GZjfaKKJU8s,POV: ur my shitty ass computer #newmusic,Corook,Music Content,False,2022-06-07 21:46:29,2025-09-15,2025,9,38,Monday,1196,4979,295,13,12.4475,5.9248845149628435,0.26109660574412535,6.185981120706969,4.163043478260869,0.0,0.0,2025-09-15 06:34:25
Ge5Ab3WKs8M,emergency contact ft. YOU!!? Show me what you got 💁🏼,Corook,Music Content,False,2023-08-28 20:49:23,2025-09-15,2025,9,38,Monday,749,6053,360,19,15.1325,5.947464067404592,0.313893936890798,6.26135800429539,8.081441922563418,0.0,0.0,2025-09-15 06:34:02
GeUuNXdxK7E,I heard this song comes out this Friday? 🤔 https://corook.lnk.to/hellyeah,Corook,Music Content,False,2022-09-05 21:38:01,2025-09-15,2025,9,38,Monday,1106,53982,3929,73,134.95499999999998,7.278352043273683,0.1352302619391649,7.413582305212848,48.80831826401447,0.0,0.0,2025-09-15 06:34:25
GfKKbtp078U,Hello Christ? #flyanaboss #anime,Flyana Boss,Music Content,False,2024-08-14 23:08:48,2025-09-12,2025,9,37,Friday,394,11812,748,15,29.529999999999998,6.332543176430748,0.12698950220115138,6.459532678631899,29.97969543147208,0.0,0.0,2025-09-12 08:06:09
GfKKbtp078U,Hello Christ? #flyanaboss #anime,Flyana Boss,Music Content,False,2024-08-14 23:08:48,2025-09-14,2025,9,37,Sunday,396,11828,748,15,29.57,6.323977003719987,0.12681772066283395,6.450794724382821,29.86868686868687,0.13545546901456146,0.13545546901457062,2025-09-14 03:26:22
GiswkFnpkU0,re6ce - B0YSD0NT6RY,re6ce,Music Content,False,2024-12-06 05:00:18,2025-09-14,2025,9,37,Sunday,282,12117,282,22,30.292500000000004,2.327308739787076,0.18156309317487826,2.508871832961954,42.96808510638298,0.0,0.0,2025-09-14 03:38:54
GkRQxQgZYfM,Flyana Boss - Skateboard,Flyana Boss,Music Content,False,2024-04-26 22:33:00,2025-09-12,2025,9,37,Friday,504,61678,3059,117,154.195,4.959629041149194,0.18969486688932843,5.1493239080385225,122.37698412698413,0.0,0.0,2025-09-12 08:06:26
GkRQxQgZYfM,Flyana Boss - Skateboard,Flyana Boss,Music Content,False,2024-04-26 22:33:00,2025-09-14,2025,9,37,Sunday,506,61735,3061,117,154.3375,4.958289463027456,0.1895197213898113,5.147809184417268,122.00592885375494,0.09241544797172412,0.09241544797173223,2025-09-14 03:26:36
GotQGCUQ4kY,#feelings man feelings,Raiche,Music Content,False,2022-10-13 08:00:08,2025-09-15,2025,9,38,Monday,1068,10048,575,28,25.12,5.722531847133758,0.2786624203821656,6.001194267515923,9.408239700374532,0.0,0.0,2025-09-15 06:33:04
GpH9lLeYIR4,Raiche - Busy [Official Audio],Raiche,Official Audio,False,2019-03-01 05:00:02,2025-09-15,2025,9,38,Monday,2390,45646,726,30,114.11500000000001,1.5905008105858127,0.06572317399114928,1.656223984576962,19.098744769874475,0.0,0.0,2025-09-15 06:33:13
H4di3bVu16s,thank you all for making this tour exceed any expectations I had for my first ever headline run 🐸,Corook,Music Content,False,2023-10-12 23:00:18,2025-09-15,2025,9,38,Monday,704,4945,324,15,12.3625,6.552072800808897,0.3033367037411527,6.85540950455005,7.0241477272727275,0.0,0.0,2025-09-15 06:33:55
H8ZL0PrVLJQ,festival season is over….. or is it?? dates and tix at cobrahcore.com,COBRAH,Music Content,False,2024-08-30 17:07:17,2025-09-12,2025,9,37,Friday,378,7341,301,12,18.3525,4.100258820324207,0.1634654679199019,4.263724288244109,19.42063492063492,0.0,0.0,2025-09-12 08:05:26
H8ZL0PrVLJQ,festival season is over….. or is it?? dates and tix at cobrahcore.com,COBRAH,Music Content,False,2024-08-30 17:07:17,2025-09-14,2025,9,37,Sunday,380,7402,302,12,18.505,4.079978384220481,0.1621183463928668,4.242096730613348,19.478947368421053,0.830949461926168,0.8309494619261674,2025-09-14 03:25:58
H9mxcexSkBA,COBRAH -  IDFKA (Official Video),COBRAH,Official Music Video,False,2018-11-02 06:59:38,2025-09-12,2025,9,37,Friday,2506,607312,12167,256,1518.28,2.003418341807835,0.042152962562900124,2.045571304370735,242.34317637669594,0.0,0.0,2025-09-12 08:05:35
H9mxcexSkBA,COBRAH -  IDFKA (Official Video),COBRAH,Official Music Video,False,2018-11-02 06:59:38,2025-09-14,2025,9,37,Sunday,2508,608236,12175,256,1520.59,2.0016901334350483,0.042088926008983354,2.0437790594440317,242.51834130781498,0.15214584925046765,0.15214584925046404,2025-09-14 03:26:07
HBQb-ZCTVVk,"""if i were a fish"" ft. Olivia Barton - out April 21st!",Corook,Music Content,False,2023-04-15 17:20:34,2025-09-15,2025,9,38,Monday,884,228643,10543,210,571.6075,4.611118643474762,0.09184624064589776,4.70296488412066,258.64592760180994,0.0,0.0,2025-09-15 06:34:10
HNn7m9HXFSA,hello christ #flyanaboss,Flyana Boss,Music Content,False,2024-08-14 23:32:03,2025-09-12,2025,9,37,Friday,394,29482,1540,17,73.705,5.223526219388101,0.057662302421816705,5.281188521809918,74.8274111675127,0.0,0.0,2025-09-12 08:06:09
HNn7m9HXFSA,hello christ #flyanaboss,Flyana Boss,Music Content,False,2024-08-14 23:32:03,2025-09-14,2025,9,37,Sunday,396,29525,1543,17,73.8125,5.226079593564776,0.05757832345469941,5.283657917019476,74.5580808080808,0.14585170612577167,0.14585170612577397,2025-09-14 03:26:22
HOuPxTEVnWk,corook - crumbs (lyric video),Corook,Lyric Video,False,2025-02-28 05:00:20,2025-09-15,2025,9,38,Monday,199,3162,136,17,7.904999999999999,4.301075268817205,0.5376344086021506,4.838709677419356,15.889447236180905,0.0,0.0,2025-09-15 06:33:34
HTD0zq2YFws,I put out  SIGNED tour posters for you babes 🖤 link in comments,COBRAH,Music Content,False,2023-07-31 18:33:58,2025-09-12,2025,9,37,Friday,774,8564,540,18,21.41,6.305464736104624,0.21018215787015412,6.515646893974778,11.064599483204134,0.0,0.0,2025-09-12 08:05:26
HTD0zq2YFws,I put out  SIGNED tour posters for you babes 🖤 link in comments,COBRAH,Music Content,False,2023-07-31 18:33:58,2025-09-14,2025,9,37,Sunday,776,8587,541,18,21.4675,6.300221264702458,0.20961919180156047,6.509840456504018,11.065721649484535,0.2685660906118636,0.26856609061186826,2025-09-14 03:25:58
HTTSsH3Zbwc,Raiche - Photoshoot BTS (Quarantine Vlog Edition),Raiche,Music Content,False,2020-05-21 16:00:06,2025-09-15,2025,9,38,Monday,1943,1165,70,2,2.9125,6.008583690987124,0.17167381974248927,6.180257510729613,0.5995882655687081,0.0,0.0,2025-09-15 06:33:13
HVMc1ANfeMw,corook - if i were a fish ft. olivia barton (lyric video),Corook,Lyric Video,False,2023-05-15 18:05:30,2025-09-15,2025,9,38,Monday,854,582824,13693,610,1457.06,2.349422810316665,0.10466281416002088,2.454085624476686,682.4637002341921,0.0,0.0,2025-09-15 06:34:10
HWZL6fLEQM8,🍬🍭🍫 #candymandance #flyanaboss,Flyana Boss,Music Content,False,2024-06-06 23:56:28,2025-09-12,2025,9,37,Friday,463,5177,496,10,12.942499999999999,9.580838323353294,0.19316206297083252,9.774000386324127,11.181425485961123,0.0,0.0,2025-09-12 08:06:26
HWZL6fLEQM8,🍬🍭🍫 #candymandance #flyanaboss,Flyana Boss,Music Content,False,2024-06-06 23:56:28,2025-09-14,2025,9,37,Sunday,465,5181,496,10,12.9525,9.573441420575177,0.19301293186643506,9.766454352441611,11.141935483870968,0.07726482518833301,0.0772648251883451,2025-09-14 03:26:36
HXWOuidvk6g,bangers coming tomorrow June 2nd,Corook,Music Content,False,2023-06-01 22:21:29,2025-09-15,2025,9,38,Monday,837,19122,893,31,47.805,4.67001359690409,0.16211693337516997,4.83213053027926,22.845878136200717,0.0,0.0,2025-09-15 06:34:10
Hg5D3M3xORM,The camera man going crazy #hiphop #besties,Flyana Boss,Music Content,False,2023-03-11 19:05:38,2025-09-12,2025,9,37,Friday,916,79921,8501,109,199.8025,10.636753794371941,0.13638467987137298,10.773138474243314,87.25,0.0,0.0,2025-09-12 08:06:50
Hg5D3M3xORM,The camera man going crazy #hiphop #besties,Flyana Boss,Music Content,False,2023-03-11 19:05:38,2025-09-14,2025,9,37,Sunday,918,79924,8499,109,199.81,10.633852159551575,0.1363795605825534,10.770231720134127,87.06318082788671,0.0037537067854506324,0.003753706785447219,2025-09-14 03:26:56
HgAvVd6ABtA,BiC Fizzle - Blow the Deposit (feat. Gucci Mane) [Official Music Video],BiC Fizzle,Official Music Video,False,2022-06-17 04:00:09,2025-09-12,2025,9,37,Friday,1183,1729221,36652,603,4323.0525,2.1195671345652176,0.03487119344490959,2.1544383280101274,1461.7252747252746,0.0,0.0,2025-09-12 18:54:52
HgAvVd6ABtA,BiC Fizzle - Blow the Deposit (feat. Gucci Mane) [Official Music Video],BiC Fizzle,Official Music Video,False,2022-06-17 04:00:09,2025-09-14,2025,9,37,Sunday,1185,1729673,36654,603,4324.1825,2.119128875804849,0.034862080867308444,2.1539909566721573,1459.6396624472575,0.02613893770663206,0.026138937706634585,2025-09-14 03:25:50
HgoxTymA-_Y,where is she? #flyanaboss #newmusic,Flyana Boss,Music Content,False,2024-08-14 23:05:17,2025-09-12,2025,9,37,Friday,394,14823,1142,13,37.057500000000005,7.704243405518452,0.08770154489644472,7.791944950414896,37.621827411167516,0.0,0.0,2025-09-12 08:06:09
HgoxTymA-_Y,where is she? #flyanaboss #newmusic,Flyana Boss,Music Content,False,2024-08-14 23:05:17,2025-09-14,2025,9,37,Sunday,396,14846,1143,13,37.115,7.699043513404284,0.08756567425569177,7.786609187659976,37.48989898989899,0.15516427173986372,0.1551642717398568,2025-09-14 03:26:22
HlcJItwWpXc,"if ur reading this, give yourself a hug. “smoothie” out now 🎶: ￼https://corook.lnk.to/smoothie",Corook,Music Content,False,2022-11-07 22:54:03,2025-09-15,2025,9,38,Monday,1043,6236,716,21,15.59,11.481719050673508,0.3367543296985247,11.818473380372033,5.978906999041227,0.0,0.0,2025-09-15 06:34:25
HvrRUADDUlk,CRAZIEST thing I Ever did in High School….,BiC Fizzle,Music Content,False,2022-08-09 14:00:16,2025-09-12,2025,9,37,Friday,1130,50613,1737,64,126.5325,3.4319246043506606,0.12644972635488907,3.5583743307055498,44.790265486725666,0.0,0.0,2025-09-12 18:54:52
HvrRUADDUlk,CRAZIEST thing I Ever did in High School….,BiC Fizzle,Music Content,False,2022-08-09 14:00:16,2025-09-14,2025,9,37,Sunday,1132,50615,1738,64,126.53750000000001,3.4337646942605944,0.12644472982317495,3.5602094240837694,44.71289752650177,0.003951553948590284,0.00395155394859792,2025-09-14 03:25:50
Hx32KsmzKIA,thanks for all the love on blankets everyone 💚🐸 More songs soon 👀,Corook,Music Content,False,2024-08-28 17:19:02,2025-09-15,2025,9,38,Monday,383,2325,251,14,5.8125,10.795698924731182,0.6021505376344086,11.39784946236559,6.070496083550914,0.0,0.0,2025-09-15 06:33:48
HxHX3WMqREI,🚨 ooweeooweee 🚨 tour starts in 2 weeks,Corook,Music Content,False,2023-08-25 01:29:47,2025-09-15,2025,9,38,Monday,752,7267,364,26,18.1675,5.008944543828265,0.35778175313059035,5.366726296958855,9.663563829787234,0.0,0.0,2025-09-15 06:34:02
I-vocLNxNqI,BiC Fizzle - Fish Scale (feat.Sett) [Official Audio],BiC Fizzle,Official Audio,False,2023-11-02 04:00:07,2025-09-12,2025,9,37,Friday,680,64940,1288,32,162.35,1.9833692639359408,0.04927625500461965,2.0326455189405603,95.5,0.0,0.0,2025-09-12 18:54:42
I-vocLNxNqI,BiC Fizzle - Fish Scale (feat.Sett) [Official Audio],BiC Fizzle,Official Audio,False,2023-11-02 04:00:07,2025-09-14,2025,9,37,Sunday,682,64970,1288,32,162.425,1.9824534400492537,0.04925350161613053,2.031706941665384,95.26392961876833,0.04619648906683092,0.04619648906684143,2025-09-14 03:25:42
IEvpLvHKEz0,BiC Fizzle - Mo Money [Official Audio],BiC Fizzle,Official Audio,False,2021-10-15 04:00:06,2025-09-12,2025,9,37,Friday,1428,424531,7503,164,1061.3275,1.7673621007653153,0.03863086559049869,1.805992966355814,297.2906162464986,0.0,0.0,2025-09-12 18:54:52
IEvpLvHKEz0,BiC Fizzle - Mo Money [Official Audio],BiC Fizzle,Official Audio,False,2021-10-15 04:00:06,2025-09-14,2025,9,37,Sunday,1430,424610,7504,164,1061.525,1.7672687878288313,0.038623678198817735,1.805892466027649,296.9300699300699,0.018608770619813395,0.018608770619812535,2025-09-14 03:25:50
II3tY5MXwRo,CANDYMAN DANCE CHALLENGE -Flyanaboss VC: badalinglee #dancechallenge,Flyana Boss,Music Content,False,2024-08-08 20:35:22,2025-09-12,2025,9,37,Friday,400,14674,1126,7,36.685,7.6734360092680935,0.04770342101676435,7.7211394302848575,36.685,0.0,0.0,2025-09-12 08:06:09
II3tY5MXwRo,CANDYMAN DANCE CHALLENGE -Flyanaboss VC: badalinglee #dancechallenge,Flyana Boss,Music Content,False,2024-08-08 20:35:22,2025-09-14,2025,9,37,Sunday,402,14691,1126,7,36.7275,7.664556531209583,0.04764821999863862,7.712204751208222,36.54477611940298,0.1158511653264277,0.11585116532641918,2025-09-14 03:26:22
IJ9DIt9c-kM,...,COBRAH,Music Content,False,2023-06-02 17:55:08,2025-09-12,2025,9,37,Friday,833,11094,340,13,27.735,3.0647196682891655,0.11718045790517398,3.1819001261943396,13.31812725090036,0.0,0.0,2025-09-12 08:05:26
IJ9DIt9c-kM,...,COBRAH,Music Content,False,2023-06-02 17:55:08,2025-09-14,2025,9,37,Sunday,835,11160,340,13,27.9,3.046594982078853,0.11648745519713263,3.163082437275986,13.365269461077844,0.5949161709031909,0.5949161709031879,2025-09-14 03:25:58
IRSnlajWOpY,All the plugs skedd to front me so I gotta hit my cousinnn 🥶🥶🥶 #1Klan #1017,BiC Fizzle,Music Content,False,2022-10-03 17:30:03,2025-09-12,2025,9,37,Friday,1075,72868,4141,208,182.17,5.682878629851238,0.2854476587802602,5.9683262886314985,67.78418604651162,0.0,0.0,2025-09-12 18:54:52
IRSnlajWOpY,All the plugs skedd to front me so I gotta hit my cousinnn 🥶🥶🥶 #1Klan #1017,BiC Fizzle,Music Content,False,2022-10-03 17:30:03,2025-09-14,2025,9,37,Sunday,1077,72895,4141,208,182.23749999999998,5.680773715618355,0.28534193017353726,5.966115645791892,67.68337975858867,0.03705330186089916,0.03705330186089667,2025-09-14 03:25:50
Ia5AXLzhPmQ,Save a kiss a for later 💋🫧,Raiche,Music Content,False,2024-06-12 19:00:14,2025-09-15,2025,9,38,Monday,460,2870,150,8,7.175000000000001,5.2264808362369335,0.2787456445993031,5.505226480836237,6.239130434782608,0.0,0.0,2025-09-15 06:33:04
IgjqGdVAJx8,OUR BOOK IS OUT TODAY!!,Corook,Music Content,False,2023-12-05 21:13:43,2025-09-15,2025,9,38,Monday,650,2171,200,23,5.427499999999999,9.212344541685859,1.0594196222938737,10.271764163979732,3.34,0.0,0.0,2025-09-15 06:33:55
Ih5ldFehtus,I’ve been dying to show y’all my new hats and my new music! this one is called “blankets” 🐸💚 AHHHH!!,Corook,Music Content,False,2024-08-05 18:50:13,2025-09-15,2025,9,38,Monday,406,8337,1861,81,20.8425,22.322178241573706,0.9715725080964376,23.293750749670142,20.53448275862069,0.0,0.0,2025-09-15 06:33:48
Ihas654loC4,🎯,Raiche,Music Content,False,2024-06-15 19:00:07,2025-09-15,2025,9,38,Monday,457,1144,60,1,2.86,5.244755244755245,0.08741258741258741,5.3321678321678325,2.5032822757111597,0.0,0.0,2025-09-15 06:33:04
IltcRLPz71Y,Just two besties trying to get a lifetime supply of #chipotle 🌯 #flyanaboss,Flyana Boss,Music Content,False,2023-07-19 22:01:31,2025-09-12,2025,9,37,Friday,786,17824078,0,6037,44560.19500000001,0.0,0.03386991461774348,0.03386991461774348,22676.944020356234,0.0,0.0,2025-09-12 08:06:36
IltcRLPz71Y,Just two besties trying to get a lifetime supply of #chipotle 🌯 #flyanaboss,Flyana Boss,Music Content,False,2023-07-19 22:01:31,2025-09-14,2025,9,37,Sunday,788,17824171,0,6036,44560.4275,0.0,0.0338641275378249,0.0338641275378249,22619.506345177666,0.000521766118842164,0.0005217661188219166,2025-09-14 03:26:45
IoyA-oqCqtc,BiC Fizzle - Intro [Official Audio],BiC Fizzle,Official Audio,False,2023-11-02 04:00:08,2025-09-12,2025,9,37,Friday,680,12963,347,22,32.4075,2.6768494947157295,0.16971380081771195,2.8465632955334415,19.063235294117646,0.0,0.0,2025-09-12 18:54:42
IoyA-oqCqtc,BiC Fizzle - Intro [Official Audio],BiC Fizzle,Official Audio,False,2023-11-02 04:00:08,2025-09-14,2025,9,37,Sunday,682,12972,348,22,32.43,2.682701202590194,0.16959605303731112,2.8522972556275055,19.020527859237536,0.06942837306179125,0.06942837306179388,2025-09-14 03:25:42
ItpdPsh4gZg,Flyana Boss - Airplane Mode (Official Audio),Flyana Boss,Official Audio,False,2025-02-07 05:08:53,2025-09-12,2025,9,37,Friday,217,9257,694,41,23.1425,7.497029275143135,0.4429080695689748,7.93993734471211,42.65898617511521,0.0,0.0,2025-09-12 08:06:09
ItpdPsh4gZg,Flyana Boss - Airplane Mode (Official Audio),Flyana Boss,Official Audio,False,2025-02-07 05:08:53,2025-09-14,2025,9,37,Sunday,219,9268,694,41,23.17,7.488131204143289,0.4423823910228744,7.930513595166164,42.31963470319635,0.118828994274603,0.11882899427461775,2025-09-14 03:26:22
IwaALnG4fgg,guys you can watch us on CBS Mornings tomorrow Dec 13 @ 8:15am EST to see us chat about our BOOK 😭,Corook,Music Content,False,2023-12-12 18:17:39,2025-09-15,2025,9,38,Monday,643,8811,274,18,22.0275,3.1097491771649075,0.20429009193054137,3.3140392690954488,13.702954898911353,0.0,0.0,2025-09-15 06:33:55
IzpCSNFIqrc,Flyana Boss - You Wish (Clean - Lyric Video),Flyana Boss,Lyric Video,False,2023-07-21 20:23:40,2025-09-12,2025,9,37,Friday,784,141145,2969,291,352.8625,2.1035105742321725,0.20617095894293103,2.3096815331751035,180.03188775510205,0.0,0.0,2025-09-12 08:06:36
IzpCSNFIqrc,Flyana Boss - You Wish (Clean - Lyric Video),Flyana Boss,Lyric Video,False,2023-07-21 20:23:40,2025-09-14,2025,9,37,Sunday,786,141157,2969,291,352.89250000000004,2.1033317511706824,0.2061534319941625,2.309485183164845,179.58905852417303,0.008501895214141486,0.008501895214149862,2025-09-14 03:26:45
J0oK_emT25A,#Sponsored #PressPlay Wash day to wash day! Get into this NEW Kalahari Melon & Aloe!,Flyana Boss,Music Content,False,2025-01-31 17:14:02,2025-09-12,2025,9,37,Friday,224,5364,460,15,13.41,8.575689783743474,0.2796420581655481,8.855331841909022,23.946428571428573,0.0,0.0,2025-09-12 08:06:09
J0oK_emT25A,#Sponsored #PressPlay Wash day to wash day! Get into this NEW Kalahari Melon & Aloe!,Flyana Boss,Music Content,False,2025-01-31 17:14:02,2025-09-14,2025,9,37,Sunday,226,5406,460,15,13.514999999999999,8.509064002959676,0.27746947835738067,8.786533481317056,23.920353982300885,0.7829977628635347,0.7829977628635246,2025-09-14 03:26:22
J4L1inqG0JA,WE’RE HAVING SO MUCH FUN MAKING THESE VIDEOS 😭😭 #flyanaboss #evanblummadeit,Flyana Boss,Music Content,False,2023-07-09 17:34:09,2025-09-12,2025,9,37,Friday,796,5883858,0,3907,14709.645,0.0,0.06640201038162376,0.06640201038162376,7391.781407035176,0.0,0.0,2025-09-12 08:06:36
J4L1inqG0JA,WE’RE HAVING SO MUCH FUN MAKING THESE VIDEOS 😭😭 #flyanaboss #evanblummadeit,Flyana Boss,Music Content,False,2023-07-09 17:34:09,2025-09-14,2025,9,37,Sunday,798,5883881,0,3906,14709.702500000001,0.0,0.06638475523213334,0.06638475523213334,7373.284461152883,0.0003908999843300093,0.00039089998433545033,2025-09-14 03:26:45
J8WOBOIJ1TI,SWAG NOT FOR SALE #hiphop #besties,Flyana Boss,Music Content,False,2023-03-29 22:00:13,2025-09-12,2025,9,37,Friday,898,299370,27210,354,748.425,9.089087082874036,0.1182483214750977,9.207335404349134,333.37416481069044,0.0,0.0,2025-09-12 08:06:50
J8WOBOIJ1TI,SWAG NOT FOR SALE #hiphop #besties,Flyana Boss,Music Content,False,2023-03-29 22:00:13,2025-09-14,2025,9,37,Sunday,900,299373,27210,354,748.4325,9.088996001643434,0.11824713651531701,9.20724313815875,332.63666666666666,0.001002104419280489,0.0010021044192871729,2025-09-14 03:26:56
JBB8mmicZN4,2 bosses walk in a bar,Flyana Boss,Music Content,False,2025-09-11 18:17:34,2025-09-12,2025,9,37,Friday,1,2298,211,5,5.745,9.18189730200174,0.2175805047867711,9.39947780678851,2298.0,0.0,0.0,2025-09-12 08:06:09
JBB8mmicZN4,2 bosses walk in a bar,Flyana Boss,Music Content,False,2025-09-11 18:17:34,2025-09-14,2025,9,37,Sunday,3,7152,698,18,17.88,9.759507829977629,0.25167785234899326,10.011185682326623,2384.0,211.22715404699738,211.22715404699736,2025-09-14 03:26:22
JHE5lV_UUhs,"Raiche covers ""You Don't Own Me""",Raiche,Music Content,False,2017-02-10 07:56:31,2025-09-15,2025,9,38,Monday,3139,2548,95,7,6.37,3.7284144427001573,0.27472527472527475,4.003139717425432,0.8117234788149092,0.0,0.0,2025-09-15 06:33:22
JIV6BzElq2Q,Move Back! By Flyana Boss prod. by Marky Style (Vertical Video),Flyana Boss,Music Content,False,2020-12-01 20:27:54,2025-09-12,2025,9,37,Friday,1746,28415,1050,43,71.0375,3.6952313918704913,0.15132852366707725,3.8465599155375685,16.27434135166094,0.0,0.0,2025-09-12 08:07:01
JIV6BzElq2Q,Move Back! By Flyana Boss prod. by Marky Style (Vertical Video),Flyana Boss,Music Content,False,2020-12-01 20:27:54,2025-09-14,2025,9,37,Sunday,1748,28428,1049,43,71.07000000000001,3.690023920078796,0.151259321795413,3.841283241874209,16.263157894736842,0.04575048389934894,0.045750483899367346,2025-09-14 03:27:05
JOYRsso6bDo,This is your sign to go on #AirplaneMode,Flyana Boss,Music Content,False,2025-02-12 23:00:17,2025-09-12,2025,9,37,Friday,212,6959,0,2,17.3975,0.0,0.028739761459979883,0.028739761459979883,32.825471698113205,0.0,0.0,2025-09-12 08:06:09
JOYRsso6bDo,This is your sign to go on #AirplaneMode,Flyana Boss,Music Content,False,2025-02-12 23:00:17,2025-09-14,2025,9,37,Sunday,214,6996,0,2,17.490000000000002,0.0,0.02858776443682104,0.02858776443682104,32.691588785046726,0.5316855870096279,0.5316855870096343,2025-09-14 03:26:22
JWFo_6yO3hM,Raiche - Festival Season Make - Up Tutorial,Raiche,Music Content,False,2019-06-12 19:00:02,2025-09-15,2025,9,38,Monday,2287,2349,82,25,5.8725000000000005,3.4908471690080884,1.064282673478076,4.555129842486164,1.0271097507651945,0.0,0.0,2025-09-15 06:33:13
JWxbff0yGvM,Raiche - Funeral [Official Audio],Raiche,Official Audio,False,2020-09-25 04:00:07,2025-09-15,2025,9,38,Monday,1816,112805,1966,181,282.01250000000005,1.7428305482912991,0.16045388059039936,1.9032844288816986,62.117290748898675,0.0,0.0,2025-09-15 06:33:13
JZwyd27rPgA,"AraabMuzik ft  Raiche   ""Chasing Pirates"" Official Video",Raiche,Official Music Video,False,2017-02-10 08:04:35,2025-09-15,2025,9,38,Monday,3139,1337,67,3,3.3425,5.011219147344802,0.22438294689603588,5.2356020942408374,0.42593182542210895,0.0,0.0,2025-09-15 06:33:22
JclHtV9fmZc,baby bumpin' to hot butter summertime - flyanaboss #dance #flyanaboss,Flyana Boss,Music Content,False,2024-08-01 02:02:04,2025-09-12,2025,9,37,Friday,407,5693,527,24,14.232499999999998,9.256982258914457,0.4215703495520815,9.67855260846654,13.987714987714988,0.0,0.0,2025-09-12 08:06:17
JclHtV9fmZc,baby bumpin' to hot butter summertime - flyanaboss #dance #flyanaboss,Flyana Boss,Music Content,False,2024-08-01 02:02:04,2025-09-14,2025,9,37,Sunday,409,5709,527,24,14.272499999999999,9.231038710807498,0.42038885969521805,9.651427570502715,13.95843520782396,0.2810468997013877,0.2810468997013942,2025-09-14 03:26:30
JgoRJiv8ujs,maybe once I’m perfect I’ll be happy I’ll be lovable,Corook,Music Content,False,2023-07-31 19:51:09,2025-09-15,2025,9,38,Monday,777,72570,2709,151,181.42499999999998,3.732947498966515,0.20807496210555326,3.9410224610720683,93.3976833976834,0.0,0.0,2025-09-15 06:34:02
Jq0thl2S2po,"I paid my rent on time, let’s get the party started 🎉",Corook,Music Content,False,2023-11-01 19:05:36,2025-09-15,2025,9,38,Monday,684,2950,256,20,7.375,8.677966101694915,0.6779661016949152,9.35593220338983,4.312865497076023,0.0,0.0,2025-09-15 06:33:55
JsKakEp560g,I seriously love this little family,Corook,Music Content,False,2023-05-26 20:36:02,2025-09-15,2025,9,38,Monday,843,18350,1066,17,45.875,5.809264305177112,0.09264305177111717,5.901907356948229,21.76749703440095,0.0,0.0,2025-09-15 06:34:10
JuVTOVfCK5Y,RUN FLYANA BOSS RUN #besties #hiphopmusic #flyanaboss,Flyana Boss,Music Content,False,2023-05-27 18:40:19,2025-09-12,2025,9,37,Friday,839,290662,19674,107,726.655,6.7686866532260845,0.03681251763216382,6.805499170858249,346.43861740166864,0.0,0.0,2025-09-12 08:06:36
JuVTOVfCK5Y,RUN FLYANA BOSS RUN #besties #hiphopmusic #flyanaboss,Flyana Boss,Music Content,False,2023-05-27 18:40:19,2025-09-14,2025,9,37,Sunday,841,290668,19673,107,726.6700000000001,6.768202898151843,0.03681175774423053,6.805014655896073,345.6218787158145,0.0020642533251680646,0.0020642533251818327,2025-09-14 03:26:45
JzkFtoG5qxU,Raiche -  Suga (Live In Studio),Raiche,Live Performance,False,2025-06-27 14:00:34,2025-09-15,2025,9,38,Monday,80,2386,160,18,5.965,6.705783738474434,0.7544006705783739,7.4601844090528076,29.825,0.0,0.0,2025-09-15 06:33:04
K0lYzo_3fAU,First runner on our last first tour!!!😱,Flyana Boss,Music Content,False,2023-10-13 05:13:16,2025-09-12,2025,9,37,Friday,700,306108,19655,191,765.27,6.420936401531485,0.06239627843767559,6.48333267996916,437.29714285714283,0.0,0.0,2025-09-12 08:06:26
K0lYzo_3fAU,First runner on our last first tour!!!😱,Flyana Boss,Music Content,False,2023-10-13 05:13:16,2025-09-14,2025,9,37,Sunday,702,306114,19654,191,765.285,6.420483872021535,0.062395055436863384,6.482878927458398,436.05982905982904,0.0019600925163667728,0.00196009251636499,2025-09-14 03:26:36
K0zh2bXRuj4,2/23 🥰🥰🌼🦋🌱🦋💜🌼 #evanblummadeit #flyanaboss,Flyana Boss,Music Content,False,2024-02-16 20:07:19,2025-09-12,2025,9,37,Friday,574,49352,3682,40,123.38,7.460690549521802,0.08105041335710812,7.54174096287891,85.97909407665506,0.0,0.0,2025-09-12 08:06:26
K0zh2bXRuj4,2/23 🥰🥰🌼🦋🌱🦋💜🌼 #evanblummadeit #flyanaboss,Flyana Boss,Music Content,False,2024-02-16 20:07:19,2025-09-14,2025,9,37,Sunday,576,49360,3683,40,123.4,7.461507293354944,0.08103727714748785,7.542544570502431,85.69444444444444,0.016210082671421624,0.01621008267142992,2025-09-14 03:26:36
K2txaqXNO34,Chosen 1K two days away..Long Live Big Scarr 🖤,BiC Fizzle,Live Performance,False,2023-10-31 19:05:14,2025-09-12,2025,9,37,Friday,682,18418,1063,25,46.045,5.7715278531870995,0.13573677923770225,5.907264632424802,27.005865102639298,0.0,0.0,2025-09-12 18:54:42
K2txaqXNO34,Chosen 1K two days away..Long Live Big Scarr 🖤,BiC Fizzle,Live Performance,False,2023-10-31 19:05:14,2025-09-14,2025,9,37,Sunday,684,18430,1063,25,46.075,5.767769940314704,0.13564839934888767,5.903418339663592,26.944444444444443,0.06515365403409708,0.06515365403409955,2025-09-14 03:25:42
K4T3-pmiCwQ,Do you Phuck with yourself!?,Flyana Boss,Music Content,False,2023-02-25 00:36:40,2025-09-12,2025,9,37,Friday,930,11592,737,7,28.98,6.357832988267771,0.06038647342995169,6.418219461697722,12.464516129032258,0.0,0.0,2025-09-12 08:07:01
K4T3-pmiCwQ,Do you Phuck with yourself!?,Flyana Boss,Music Content,False,2023-02-25 00:36:40,2025-09-14,2025,9,37,Sunday,932,11593,737,7,28.9825,6.357284568273959,0.0603812645561977,6.417665832830157,12.438841201716738,0.00862663906142167,0.008626639061426083,2025-09-14 03:27:05
K908hUhWcXQ,BiC Fizzle - Voices [Official Music Video],BiC Fizzle,Official Music Video,False,2023-10-30 22:00:10,2025-09-12,2025,9,37,Friday,683,126009,3338,74,315.0225,2.6490171336967996,0.058725964018443134,2.707743097715243,184.49341142020498,0.0,0.0,2025-09-12 18:54:42
K908hUhWcXQ,BiC Fizzle - Voices [Official Music Video],BiC Fizzle,Official Music Video,False,2023-10-30 22:00:10,2025-09-14,2025,9,37,Sunday,685,126129,3338,75,315.3225,2.646496840536276,0.05946293080893371,2.70595977134521,184.12992700729927,0.09523129300288075,0.09523129300288437,2025-09-14 03:25:42
KGCHS7XYyGM,cabin fever - re6ce (official visualiser),re6ce,Visualizer,False,2022-03-29 23:00:12,2025-09-14,2025,9,37,Sunday,1265,51671,1584,84,129.1775,3.065549341023011,0.16256701050879604,3.228116351531807,40.84664031620554,0.0,0.0,2025-09-14 03:38:54
KLrYESHM5S8,Raiche - Burn Your Clothes [Acoustic Performance],Raiche,Live Performance,False,2021-11-29 19:00:06,2025-09-15,2025,9,38,Monday,1386,81704,291,25,204.26,0.35616371291491233,0.03059825712327426,0.3867619700381866,58.94949494949495,0.0,0.0,2025-09-15 06:33:13
KMEk5Aonqyk,Runs inside of me 🖤,COBRAH,Music Content,False,2024-07-29 17:30:06,2025-09-12,2025,9,37,Friday,410,10752,754,26,26.880000000000003,7.012648809523809,0.2418154761904762,7.254464285714286,26.224390243902437,0.0,0.0,2025-09-12 08:05:26
KMEk5Aonqyk,Runs inside of me 🖤,COBRAH,Music Content,False,2024-07-29 17:30:06,2025-09-14,2025,9,37,Sunday,412,10811,754,26,27.0275,6.974377948385903,0.24049579132365181,7.214873739709555,26.240291262135923,0.548735119047619,0.548735119047609,2025-09-14 03:25:58
KUq0RNa0z4U,Raiche - Drive (Quarantine Edition Vlog),Raiche,Music Content,False,2020-04-22 16:06:21,2025-09-15,2025,9,38,Monday,1972,4203,189,25,10.5075,4.496788008565311,0.5948132286462051,5.091601237211516,2.1313387423935093,0.0,0.0,2025-09-15 06:33:13
KW5Y583jGQ4,Have you heard!?,Flyana Boss,Music Content,False,2023-04-05 19:55:11,2025-09-12,2025,9,37,Friday,891,222948,15629,150,557.37,7.01015483431114,0.06728026266214543,7.077435096973286,250.22222222222223,0.0,0.0,2025-09-12 08:06:50
KW5Y583jGQ4,Have you heard!?,Flyana Boss,Music Content,False,2023-04-05 19:55:11,2025-09-14,2025,9,37,Sunday,893,222951,15629,150,557.3774999999999,7.010060506568708,0.06727935734757862,7.077339863916286,249.66517357222844,0.0013456052532429086,0.0013456052532314863,2025-09-14 03:26:56
KYdy5bENRo8,Feeling so grateful for such a fun group of people to hang out with on this tour.,Corook,Music Content,False,2023-09-10 18:50:52,2025-09-15,2025,9,38,Monday,736,2128,216,9,5.32,10.150375939849624,0.42293233082706766,10.573308270676693,2.891304347826087,0.0,0.0,2025-09-15 06:34:02
Kto4u2rZ5o8,Be my little sweetheart 🖤🍬🍭#flyanaboss #candyman,Flyana Boss,Music Content,False,2024-01-30 21:35:31,2025-09-12,2025,9,37,Friday,591,37550,3159,42,93.875,8.412782956058589,0.1118508655126498,8.52463382157124,63.53637901861252,0.0,0.0,2025-09-12 08:06:26
Kto4u2rZ5o8,Be my little sweetheart 🖤🍬🍭#flyanaboss #candyman,Flyana Boss,Music Content,False,2024-01-30 21:35:31,2025-09-14,2025,9,37,Sunday,593,37561,3158,42,93.9025,8.407656878144884,0.11181810920902001,8.519474987353904,63.34064080944351,0.029294274300932094,0.029294274300935726,2025-09-14 03:26:36
Kuj0fDH38W0,My Biggest Turnoff is….,BiC Fizzle,Music Content,False,2022-07-22 16:00:22,2025-09-12,2025,9,37,Friday,1148,26350,969,29,65.875,3.6774193548387095,0.11005692599620492,3.7874762808349143,22.95296167247387,0.0,0.0,2025-09-12 18:54:52
Kuj0fDH38W0,My Biggest Turnoff is….,BiC Fizzle,Music Content,False,2022-07-22 16:00:22,2025-09-14,2025,9,37,Sunday,1150,26355,969,29,65.8875,3.676721684689812,0.11003604629102635,3.7867577309808382,22.917391304347827,0.018975332068311195,0.01897533206831551,2025-09-14 03:25:50
KuvjOjw_d6o,HUNGRY RAPPER 😂 #hiphop,Flyana Boss,Music Content,False,2023-03-21 18:33:15,2025-09-12,2025,9,37,Friday,906,137222,18798,142,343.055,13.698969552987132,0.10348194895862178,13.802451501945754,151.45916114790288,0.0,0.0,2025-09-12 08:06:50
KuvjOjw_d6o,HUNGRY RAPPER 😂 #hiphop,Flyana Boss,Music Content,False,2023-03-21 18:33:15,2025-09-14,2025,9,37,Sunday,908,137223,18798,142,343.0575,13.698869723005618,0.10348119484343003,13.802350917849049,151.12665198237886,0.0007287461194269141,0.0007287461194262512,2025-09-14 03:26:56
L6e9RAgcrdA,OUR SONG “IF I WERE A FISH” IS BEING MADE INTO A PICTURE BOOK🐠🐸,Corook,Music Content,False,2023-08-29 16:38:06,2025-09-15,2025,9,38,Monday,748,14381,1106,62,35.9525,7.690703010917183,0.4311244002503303,8.121827411167512,19.225935828877006,0.0,0.0,2025-09-15 06:34:02
LA7kbZ9kt04,"""if i were a fish"" ft. olivia barton premiered on BBC Radio 1!!",Corook,Music Content,False,2023-04-20 22:57:08,2025-09-15,2025,9,38,Monday,879,9286,485,56,23.215,5.222916217962524,0.6030583674348482,5.825974585397372,10.564277588168373,0.0,0.0,2025-09-15 06:34:10
LGaj-Uc77GM,"Raiche show rehearsal ""Crazy"" Gnarls Barkley cover",Raiche,Music Content,False,2017-02-10 09:25:18,2025-09-15,2025,9,38,Monday,3139,1030,21,3,2.575,2.0388349514563107,0.2912621359223301,2.3300970873786406,0.32812997769990443,0.0,0.0,2025-09-15 06:33:22
LHw_8IR3cjw,corook - alien (audio),Corook,Music Content,False,2023-09-22 04:00:11,2025-09-15,2025,9,38,Monday,724,10802,329,38,27.005,3.0457322718015183,0.35178670616552493,3.397518977967043,14.91988950276243,0.0,0.0,2025-09-15 06:33:55
LLqY6JlHUs8,Raiche - Yebba's Heartbreak (Cover),Raiche,Music Content,False,2022-01-20 20:00:11,2025-09-15,2025,9,38,Monday,1334,284498,1585,53,711.245,0.5571216669361472,0.01862930495117716,0.5757509718873244,213.26686656671663,0.0,0.0,2025-09-15 06:33:13
LSKtPRDw-No,"like, are you kidding me!? 😭🐸",Corook,Music Content,False,2023-10-18 19:42:40,2025-09-15,2025,9,38,Monday,698,8005,654,25,20.012500000000003,8.169893816364771,0.3123048094940662,8.482198625858837,11.468481375358166,0.0,0.0,2025-09-15 06:33:55
LUZNgon1FqE,blankets (episode 2),Corook,Music Content,False,2024-08-16 15:00:23,2025-09-15,2025,9,38,Monday,395,5128,499,54,12.82,9.730889235569423,1.0530421216848673,10.783931357254291,12.982278481012658,0.0,0.0,2025-09-15 06:33:48
LZgI9hdqS9o,can we change the subject?* - re6ce official video,re6ce,Official Music Video,False,2023-04-18 23:00:07,2025-09-14,2025,9,37,Sunday,880,155158,3131,160,387.895,2.01794300003867,0.10312068987741528,2.1210636899160855,176.3159090909091,0.0,0.0,2025-09-14 03:38:54
LeVSY9YgkO8,a niche pop song i wrote is now a hot topic in the US. Thanks to anyone celebrating they/them energy,Corook,Music Content,False,2025-02-05 17:22:26,2025-09-15,2025,9,38,Monday,222,211686,1781,750,529.215,0.84134047598802,0.354298347552507,1.195638823540527,953.5405405405405,0.0,0.0,2025-09-15 06:33:41
LhRjDSyz3NM,WE RAN THROUGH OUR FAVORITE SEARCH ENGINE @Google ‼️ 🦋💜#evanblummadeit #flyanaboss,Flyana Boss,Music Content,False,2023-07-08 02:58:32,2025-09-12,2025,9,37,Friday,797,6313871,0,4646,15784.6775,0.0,0.07358401842546355,0.07358401842546355,7922.046424090338,0.0,0.0,2025-09-12 08:06:36
LhRjDSyz3NM,WE RAN THROUGH OUR FAVORITE SEARCH ENGINE @Google ‼️ 🦋💜#evanblummadeit #flyanaboss,Flyana Boss,Music Content,False,2023-07-08 02:58:32,2025-09-14,2025,9,37,Sunday,799,6314122,0,4645,15785.305,0.0,0.07356525578694868,0.07356525578694868,7902.530663329161,0.003975374219714023,0.00397537421971725,2025-09-14 03:26:45
LiiZPhTVRcY,Candyman dance - Flyanaboss VC: @jaedengomezz,Flyana Boss,Music Content,False,2024-08-01 02:06:45,2025-09-12,2025,9,37,Friday,407,3839,250,2,9.5975,6.512112529304506,0.052096900234436055,6.564209429538942,9.432432432432432,0.0,0.0,2025-09-12 08:06:17
LiiZPhTVRcY,Candyman dance - Flyanaboss VC: @jaedengomezz,Flyana Boss,Music Content,False,2024-08-01 02:06:45,2025-09-14,2025,9,37,Sunday,409,3846,250,2,9.615,6.500260010400416,0.05200208008320333,6.552262090483619,9.403422982885086,0.18233915082052618,0.18233915082052693,2025-09-14 03:26:30
LkkZqh7S7co,I’m not feeling him #youwish #flyanaboss Credit: @nebulagirlvibes,Flyana Boss,Music Content,False,2024-06-17 22:41:15,2025-09-12,2025,9,37,Friday,452,25030,1268,57,62.575,5.065920894926089,0.2277267279264882,5.2936476228525775,55.376106194690266,0.0,0.0,2025-09-12 08:06:17
LkkZqh7S7co,I’m not feeling him #youwish #flyanaboss Credit: @nebulagirlvibes,Flyana Boss,Music Content,False,2024-06-17 22:41:15,2025-09-14,2025,9,37,Sunday,454,25049,1269,57,62.6225,5.06607050181644,0.227553994171424,5.2936244959878636,55.17400881057269,0.0759089093088294,0.07590890930882849,2025-09-14 03:26:30
LlkeT3X87-s,https://m.twitch.tv/iamcobrah,COBRAH,Music Content,False,2023-03-22 16:01:38,2025-09-12,2025,9,37,Friday,905,20892,1534,62,52.23,7.3425234539536675,0.29676431169825773,7.639287765651925,23.085082872928176,0.0,0.0,2025-09-12 08:05:26
LlkeT3X87-s,https://m.twitch.tv/iamcobrah,COBRAH,Music Content,False,2023-03-22 16:01:38,2025-09-14,2025,9,37,Sunday,907,20932,1536,62,52.33,7.338047009363653,0.2961972100133767,7.63424421937703,23.078280044101433,0.19146084625694046,0.19146084625694318,2025-09-14 03:25:58
Lm_9_klZqgY,She’s alive ..,COBRAH,Live Performance,False,2022-09-06 18:39:33,2025-09-12,2025,9,37,Friday,1102,12437,553,18,31.092499999999998,4.446409905925866,0.14472943635925062,4.591139342285117,11.28584392014519,0.0,0.0,2025-09-12 08:05:26
Lm_9_klZqgY,She’s alive ..,COBRAH,Live Performance,False,2022-09-06 18:39:33,2025-09-14,2025,9,37,Sunday,1104,12446,553,18,31.115,4.443194600674916,0.14462477904547646,4.5878193797203926,11.273550724637682,0.07236471817962531,0.07236471817962806,2025-09-14 03:25:58
Lr_vx_haI_g,Haircut is one of my favs on serious person part 2 ✂️,Corook,Music Content,False,2023-09-25 17:12:19,2025-09-15,2025,9,38,Monday,721,4753,304,15,11.8825,6.395960446034084,0.31559015358720804,6.711550599621292,6.592233009708738,0.0,0.0,2025-09-15 06:33:55
LvWYkR-J1XQ,COBRAH - BAD POSITION (Official Audio),COBRAH,Official Audio,False,2023-10-13 04:00:12,2025-09-12,2025,9,37,Friday,700,359100,5276,131,897.75,1.469228627123364,0.03648008911166806,1.5057087162350322,513.0,0.0,0.0,2025-09-12 08:05:26
LvWYkR-J1XQ,COBRAH - BAD POSITION (Official Audio),COBRAH,Official Audio,False,2023-10-13 04:00:12,2025-09-14,2025,9,37,Sunday,702,360337,5280,131,900.8425,1.4652949877475807,0.03635485670358581,1.5016498444511666,513.3005698005697,0.3444722918407129,0.3444722918407099,2025-09-14 03:25:58
M02lg0i3VLQ,This is how we turn bones into bread!,Flyana Boss,Music Content,False,2023-01-05 18:09:02,2025-09-12,2025,9,37,Friday,981,493194,35477,389,1232.9850000000001,7.193315409352101,0.07887362782191186,7.272189037174012,502.7461773700306,0.0,0.0,2025-09-12 08:07:01
M02lg0i3VLQ,This is how we turn bones into bread!,Flyana Boss,Music Content,False,2023-01-05 18:09:02,2025-09-14,2025,9,37,Sunday,983,493196,35476,389,1232.99,7.193083479995782,0.07887330797492276,7.271956787970705,501.72533062054936,0.00040551993738772166,0.00040551993737813233,2025-09-14 03:27:05
M5zGPyIrzmQ,seeing in person how these songs resonate in y’all’s lives is the absolute best part of touring🧡🥰,Corook,Live Performance,False,2023-10-03 04:39:59,2025-09-15,2025,9,38,Monday,713,1811,129,9,4.5275,7.123136388735506,0.4969630038652678,7.620099392600774,2.539971949509116,0.0,0.0,2025-09-15 06:33:55
M6LBiyyqNAo,corook - i'm not doing well (official audio),Corook,Official Audio,False,2023-03-10 05:00:21,2025-09-15,2025,9,38,Monday,920,169047,2533,155,422.6175,1.4983998532952376,0.09169047661301294,1.5900903299082505,183.74673913043478,0.0,0.0,2025-09-15 06:34:10
M6SMz7lyV0o,re6ce - I DONT WANNA DO THIS ANYMORE,re6ce,Music Content,False,2024-09-27 04:00:16,2025-09-14,2025,9,37,Sunday,352,68153,1094,93,170.38250000000002,1.6052118028553404,0.13645767611110296,1.7416694789664433,193.61647727272728,0.0,0.0,2025-09-14 03:38:54
M6V78kMwmbU,BiC Fizzle - Voices [Official Audio],BiC Fizzle,Official Audio,False,2023-10-18 22:00:23,2025-09-12,2025,9,37,Friday,695,26593,1260,37,66.4825,4.738088970781785,0.1391343586658143,4.8772233294476,38.263309352517986,0.0,0.0,2025-09-12 18:54:42
M6V78kMwmbU,BiC Fizzle - Voices [Official Audio],BiC Fizzle,Official Audio,False,2023-10-18 22:00:23,2025-09-14,2025,9,37,Sunday,697,26598,1260,37,66.495,4.737198285585382,0.13910820362433265,4.876306489209715,38.16068866571019,0.018801940360245177,0.01880194036024945,2025-09-14 03:25:42
M9Z5Vne_YDM,My new friends Shifra and Riley saw me singing to the fish so we made this up on the spot 🕺💃🐸,Corook,Music Content,False,2023-05-10 22:18:47,2025-09-15,2025,9,38,Monday,859,288188,11780,458,720.47,4.087609477146863,0.15892403569891875,4.246533512845781,335.49243306169967,0.0,0.0,2025-09-15 06:34:10
MFh7Jc2D9x4,i did a genius interview!!,Corook,Music Content,False,2023-05-28 06:07:27,2025-09-15,2025,9,38,Monday,841,16444,986,22,41.11,5.996108002918998,0.13378739965945025,6.129895402578448,19.552913198573126,0.0,0.0,2025-09-15 06:34:10
MJaL7hO6KYQ,We ran through Pizzana Kitchen!! Where to next?!? #flyanaboss,Flyana Boss,Music Content,False,2023-07-07 17:58:35,2025-09-12,2025,9,37,Friday,798,25737909,0,10405,64344.7725,0.0,0.04042674950789515,0.04042674950789515,32253.01879699248,0.0,0.0,2025-09-12 08:06:36
MJaL7hO6KYQ,We ran through Pizzana Kitchen!! Where to next?!? #flyanaboss,Flyana Boss,Music Content,False,2023-07-07 17:58:35,2025-09-14,2025,9,37,Sunday,800,25738133,0,10405,64345.332500000004,0.0,0.040426397672278715,0.040426397672278715,32172.66625,0.0008703115703765991,0.0008703115703842882,2025-09-14 03:26:45
MTZxmjPl5Y0,"In the clurb, we all c*nt 😍 #flyanaboss",Flyana Boss,Music Content,False,2025-06-30 21:28:27,2025-09-12,2025,9,37,Friday,74,7658,497,9,19.145,6.489945155393053,0.11752415774353617,6.607469313136589,103.48648648648648,0.0,0.0,2025-09-12 08:06:09
MTZxmjPl5Y0,"In the clurb, we all c*nt 😍 #flyanaboss",Flyana Boss,Music Content,False,2025-06-30 21:28:27,2025-09-14,2025,9,37,Sunday,76,7764,504,9,19.41,6.491499227202473,0.11591962905718702,6.60741885625966,102.15789473684211,1.3841734134238706,1.3841734134238735,2025-09-14 03:26:22
MUoVKRW8hNs,BiC Fizzle - Where U From [Official Music Video],BiC Fizzle,Official Music Video,False,2023-01-27 05:17:55,2025-09-12,2025,9,37,Friday,959,330037,8957,232,825.0925,2.7139381342091946,0.07029514872574893,2.7842332829349434,344.1470281543274,0.0,0.0,2025-09-12 18:54:42
MUoVKRW8hNs,BiC Fizzle - Where U From [Official Music Video],BiC Fizzle,Official Music Video,False,2023-01-27 05:17:55,2025-09-14,2025,9,37,Sunday,961,330130,8958,232,825.325,2.7134765092539306,0.07027534607578832,2.7837518553297187,343.52757544224767,0.02817865875644246,0.02817865875645128,2025-09-14 03:25:42
MUrYyRN_bAU,hey Louis La Roche this remix slaps! Out now 😎,Corook,Remix,False,2023-07-26 01:41:39,2025-09-15,2025,9,38,Monday,782,53901,1760,74,134.7525,3.265245542754309,0.13728873304762435,3.402534275801933,68.92710997442455,0.0,0.0,2025-09-15 06:34:02
MVdzLLpA_gY,Aaah!,COBRAH,Music Content,False,2022-02-20 19:44:21,2025-09-12,2025,9,37,Friday,1300,14514,569,18,36.285,3.9203527628496624,0.12401818933443572,4.0443709521840985,11.164615384615384,0.0,0.0,2025-09-12 08:05:35
MVdzLLpA_gY,Aaah!,COBRAH,Music Content,False,2022-02-20 19:44:21,2025-09-14,2025,9,37,Sunday,1302,14553,571,18,36.3825,3.9235896378753523,0.12368583797155226,4.047275475846905,11.17741935483871,0.2687060768912774,0.26870607689128756,2025-09-14 03:26:07
MWd1PLgzDIU,forgot to mention me and my sweet family are moving across the country 🥹,Corook,Music Content,False,2024-12-18 04:18:46,2025-09-15,2025,9,38,Monday,271,2774,125,10,6.9350000000000005,4.506128334534967,0.3604902667627974,4.866618601297764,10.236162361623617,0.0,0.0,2025-09-15 06:33:41
MYB6xNlLvE4,"I appreciate everyone on here who is kind, loving and fun! But also I'm human & this stuff hurts me.",Corook,Music Content,False,2024-12-13 17:36:51,2025-09-15,2025,9,38,Monday,276,2032,270,86,5.08,13.287401574803152,4.23228346456693,17.51968503937008,7.36231884057971,0.0,0.0,2025-09-15 06:33:41
MZn3WKjxsXY,BiC Fizzle - Both (Freestyle),BiC Fizzle,Music Content,False,2023-01-23 23:00:19,2025-09-12,2025,9,37,Friday,963,135466,5269,152,338.665,3.889536857956978,0.11220527660077068,4.001742134557749,140.67082035306333,0.0,0.0,2025-09-12 18:54:52
MZn3WKjxsXY,BiC Fizzle - Both (Freestyle),BiC Fizzle,Music Content,False,2023-01-23 23:00:19,2025-09-14,2025,9,37,Sunday,965,135505,5269,152,338.7625,3.8884174015718975,0.1121729825467695,4.000590384118667,140.41968911917098,0.028789511759408266,0.02878951175939886,2025-09-14 03:25:50
Mh0M0-jcgDI,BiC Fizzle - Cruise Control [Official Music Video],BiC Fizzle,Official Music Video,False,2023-08-09 16:00:08,2025-09-12,2025,9,37,Friday,765,571626,11283,188,1429.065,1.9738430372306368,0.03288863697592482,2.0067316742065615,747.2235294117647,0.0,0.0,2025-09-12 18:54:42
Mh0M0-jcgDI,BiC Fizzle - Cruise Control [Official Music Video],BiC Fizzle,Official Music Video,False,2023-08-09 16:00:08,2025-09-14,2025,9,37,Sunday,767,572140,11291,188,1430.35,1.9734680322997868,0.03285909043241165,2.0063271227321984,745.9452411994785,0.08991893300864551,0.08991893300863532,2025-09-14 03:25:42
MiC7b-Solvw,Flyana Boss - Skateboard (Lyric Video),Flyana Boss,Lyric Video,False,2024-03-29 06:22:34,2025-09-12,2025,9,37,Friday,532,18285,627,24,45.7125,3.4290401968826907,0.13125512715340443,3.5602953240360953,34.3703007518797,0.0,0.0,2025-09-12 08:06:26
MiC7b-Solvw,Flyana Boss - Skateboard (Lyric Video),Flyana Boss,Lyric Video,False,2024-03-29 06:22:34,2025-09-14,2025,9,37,Sunday,534,18298,627,24,45.745,3.4266040004372065,0.1311618756148213,3.5577658760520277,34.265917602996254,0.07109652720809408,0.07109652720809158,2025-09-14 03:26:36
MiIthSrugko,#TurntShit #1017 #BiCFizzle,BiC Fizzle,Music Content,False,2022-07-20 15:00:19,2025-09-12,2025,9,37,Friday,1150,10982,474,4,27.455,4.316153706064469,0.0364232380258605,4.3525769440903295,9.549565217391304,0.0,0.0,2025-09-12 18:54:52
MiIthSrugko,#TurntShit #1017 #BiCFizzle,BiC Fizzle,Music Content,False,2022-07-20 15:00:19,2025-09-14,2025,9,37,Sunday,1152,10984,474,4,27.46,4.31536780772032,0.03641660597232338,4.351784413692643,9.534722222222221,0.01821161901293025,0.018211619012939568,2025-09-14 03:25:50
Mk-VAeXVI_M,Raiche - Simple [Official Audio],Raiche,Official Audio,False,2023-12-01 05:00:27,2025-09-15,2025,9,38,Monday,654,10932,434,19,27.330000000000002,3.9699963410171972,0.17380168313208927,4.143798024149286,16.71559633027523,0.0,0.0,2025-09-15 06:33:04
MlLx_pzaxfY,BiC Fizzle - Sno Cone (feat. Quavo & Gucci Mane [Official Audio],BiC Fizzle,Official Audio,False,2021-10-15 04:00:13,2025-09-12,2025,9,37,Friday,1428,562407,12325,255,1406.0175000000002,2.1914734347189846,0.04534082968384106,2.2368142644028257,393.8424369747899,0.0,0.0,2025-09-12 18:54:52
MlLx_pzaxfY,BiC Fizzle - Sno Cone (feat. Quavo & Gucci Mane [Official Audio],BiC Fizzle,Official Audio,False,2021-10-15 04:00:13,2025-09-14,2025,9,37,Sunday,1430,562509,12326,255,1406.2725,2.1912538288276275,0.04533260801160515,2.2365864368392327,393.3629370629371,0.018136331873536426,0.018136331873528016,2025-09-14 03:25:50
Mn-RvfVn6es,I can’t believe my debut album comes out tonight 🥹,Corook,Music Content,False,2025-02-27 18:54:58,2025-09-15,2025,9,38,Monday,200,531,84,22,1.3275000000000001,15.819209039548024,4.143126177024483,19.962335216572505,2.655,0.0,0.0,2025-09-15 06:33:34
Monlv4qWqJI,Raiche - Standards [Official Audio],Raiche,Official Audio,False,2025-02-28 05:55:12,2025-09-15,2025,9,38,Monday,199,4509,256,20,11.2725,5.677533821246396,0.4435573297848747,6.121091151031271,22.65829145728643,0.0,0.0,2025-09-15 06:33:04
Mplqsp2NJ3Q,PSA: Tour starts in a month!! Get tix!!,Corook,Music Content,False,2025-01-28 18:32:06,2025-09-15,2025,9,38,Monday,230,4675,283,19,11.6875,6.053475935828876,0.40641711229946526,6.459893048128341,20.32608695652174,0.0,0.0,2025-09-15 06:33:41
MrU3aA8gg0U,☕️🫖🫶🏾 #hiphop #besties #flyanaboss,Flyana Boss,Music Content,False,2023-05-10 22:52:45,2025-09-12,2025,9,37,Friday,856,192354,14710,102,480.88500000000005,7.64735851606933,0.053027231042764904,7.700385747112095,224.7126168224299,0.0,0.0,2025-09-12 08:06:50
MrU3aA8gg0U,☕️🫖🫶🏾 #hiphop #besties #flyanaboss,Flyana Boss,Music Content,False,2023-05-10 22:52:45,2025-09-14,2025,9,37,Sunday,858,192357,14710,102,480.8925,7.647239247856849,0.053026404030006705,7.7002656518868555,224.19230769230768,0.0015596244424342617,0.0015596244424210227,2025-09-14 03:26:56
Mt27yQjAKx8,this song has been so healing for me and I hope it’s helping you all too 🧡,Corook,Music Content,False,2023-06-12 21:36:09,2025-09-15,2025,9,38,Monday,826,43258,2753,107,108.14500000000001,6.364140736973507,0.24735309075777892,6.611493827731286,52.37046004842615,0.0,0.0,2025-09-15 06:34:02
N1dnK0HHBUk,COBRAH - BRAND NEW BITCH (Official Audio),COBRAH,Official Audio,False,2022-06-22 04:00:10,2025-09-12,2025,9,37,Friday,1178,523827,13009,375,1309.5675,2.4834535065966437,0.07158852063753872,2.5550420272341823,444.6748726655348,0.0,0.0,2025-09-12 08:05:26
N1dnK0HHBUk,COBRAH - BRAND NEW BITCH (Official Audio),COBRAH,Official Audio,False,2022-06-22 04:00:10,2025-09-14,2025,9,37,Sunday,1180,524397,13014,375,1310.9925,2.481707561256071,0.07151070658298961,2.5532182678390605,444.4042372881356,0.10881455136905888,0.10881455136905538,2025-09-14 03:25:58
N6J21tgv6m8,Life get crazy thoughts get hazy have a little patience for me now ✨,Raiche,Music Content,False,2022-07-10 15:00:09,2025-09-15,2025,9,38,Monday,1163,1415,160,7,3.5375,11.307420494699647,0.49469964664310956,11.802120141342757,1.2166809974204644,0.0,0.0,2025-09-15 06:33:13
NESZwtElTWU,BiC Fizzle - Older Times [Official Music Video],BiC Fizzle,Official Music Video,False,2024-03-20 22:00:07,2025-09-12,2025,9,37,Friday,541,680258,10416,194,1700.645,1.531183756751115,0.028518591475587204,1.5597023482267023,1257.4085027726433,0.0,0.0,2025-09-12 18:54:42
NESZwtElTWU,BiC Fizzle - Older Times [Official Music Video],BiC Fizzle,Official Music Video,False,2024-03-20 22:00:07,2025-09-14,2025,9,37,Sunday,543,681154,10420,194,1702.885,1.529756853809858,0.028481077700490635,1.5582379315103487,1254.427255985267,0.13171473176353676,0.13171473176353732,2025-09-14 03:25:42
NF2sNZwSTgk,Raiche - Be Careful [Official Audio],Raiche,Official Audio,False,2025-03-28 04:00:22,2025-09-15,2025,9,38,Monday,171,5055,258,26,12.6375,5.103857566765579,0.5143422354104847,5.618199802176064,29.56140350877193,0.0,0.0,2025-09-15 06:33:04
NWniXA1TlM8,love u Olivia 💘 https://corook.lnk.to/realistic,Corook,Music Content,False,2022-11-16 22:49:11,2025-09-15,2025,9,38,Monday,1034,25477,1441,55,63.6925,5.656081956274287,0.21588099069749186,5.871962946971778,24.63926499032882,0.0,0.0,2025-09-15 06:34:25
NWtmWPmISfQ,Raiche show rehearsal,Raiche,Music Content,False,2017-02-10 09:17:26,2025-09-15,2025,9,38,Monday,3139,333,6,1,0.8325,1.8018018018018018,0.3003003003003003,2.1021021021021022,0.10608474036317299,0.0,0.0,2025-09-15 06:33:22
NZl2XUz1LOs,Candyman Dance - Flyanaboss VC: @notnolendubuc,Flyana Boss,Music Content,False,2024-08-01 02:08:22,2025-09-12,2025,9,37,Friday,407,5631,295,4,14.0775,5.238856331024685,0.07103534008169064,5.309891671106376,13.835380835380835,0.0,0.0,2025-09-12 08:06:17
NZl2XUz1LOs,Candyman Dance - Flyanaboss VC: @notnolendubuc,Flyana Boss,Music Content,False,2024-08-01 02:08:22,2025-09-14,2025,9,37,Sunday,409,5639,296,4,14.0975,5.2491576520659695,0.07093456286575633,5.320092214931726,13.787286063569683,0.14207068016338129,0.14207068016337823,2025-09-14 03:26:30
Nr2aCiQs2Mk,"im not asking for much, just eternal love. a song by re6ce",re6ce,Music Content,False,2025-04-10 22:15:01,2025-09-14,2025,9,37,Sunday,157,44924,1838,145,112.31,4.091354287240674,0.32276734039711513,4.414121627637789,286.140127388535,0.0,0.0,2025-09-14 03:38:54
NrdtfHbb__k,"Here’s my favorite guitar tuning DAEG# BE! I wrote The Dog, Your Mom and many songs in this tuning",Corook,Music Content,False,2025-08-27 02:00:26,2025-09-15,2025,9,38,Monday,19,26837,1142,41,67.0925,4.25531914893617,0.1527741550843984,4.408093304020569,1412.4736842105262,0.0,0.0,2025-09-15 06:33:34
NuH0ZuzbKRg,And yes we will sign your….,Flyana Boss,Music Content,False,2025-06-28 19:58:58,2025-09-12,2025,9,37,Friday,76,7133,515,7,17.8325,7.219963549698584,0.09813542688910697,7.318098976587692,93.85526315789474,0.0,0.0,2025-09-12 08:06:09
NuH0ZuzbKRg,And yes we will sign your….,Flyana Boss,Music Content,False,2025-06-28 19:58:58,2025-09-14,2025,9,37,Sunday,78,7221,518,7,18.052500000000002,7.173521672898491,0.09693948206619582,7.2704611549646865,92.57692307692308,1.233702509463059,1.2337025094630727,2025-09-14 03:26:22
O3AfAX1jnYo,"""i'm not doing well"" talk",Corook,Music Content,False,2023-03-10 19:24:07,2025-09-15,2025,9,38,Monday,920,2679,147,9,6.6975,5.487122060470324,0.33594624860022393,5.823068309070548,2.9119565217391306,0.0,0.0,2025-09-15 06:34:10
O5Rpvx7WsNw,used2go - re6ce ft. @Overpade (official visualiser),re6ce,Visualizer,False,2021-11-05 00:00:08,2025-09-14,2025,9,37,Sunday,1409,32005,695,49,80.0125,2.171535697547258,0.15310107795656927,2.3246367755038273,22.714691270404543,0.0,0.0,2025-09-14 03:38:54
OID8SHnv8Rs,Is This The Silliest Christmas Song In History?? #rapxmas #cuterap,Flyana Boss,Music Content,False,2022-12-07 20:03:25,2025-09-12,2025,9,37,Friday,1010,18902,1157,20,47.255,6.121045392022008,0.10580890911014706,6.226854301132155,18.714851485148515,0.0,0.0,2025-09-12 08:07:01
OID8SHnv8Rs,Is This The Silliest Christmas Song In History?? #rapxmas #cuterap,Flyana Boss,Music Content,False,2022-12-07 20:03:25,2025-09-14,2025,9,37,Sunday,1012,18904,1157,20,47.26,6.120397799407533,0.10579771476936098,6.226195514176894,18.679841897233203,0.010580890911014709,0.010580890911005083,2025-09-14 03:27:05
OJkl5hrWGbU,corook - CGI (audio),Corook,Music Content,False,2023-03-14 23:00:12,2025-09-15,2025,9,38,Monday,916,127999,3270,140,319.9975,2.554707458652021,0.10937585449886328,2.664083313150884,139.7368995633188,0.0,0.0,2025-09-15 06:34:10
OPtM7DSuyrY,The coordination!! #flyanaboss #youwish #running Credit: @merrickhanna,Flyana Boss,Music Content,False,2024-06-14 22:37:21,2025-09-12,2025,9,37,Friday,455,28284,644,6,70.71,2.2769056710507707,0.021213406873143825,2.2981190779239147,62.16263736263736,0.0,0.0,2025-09-12 08:06:17
OPtM7DSuyrY,The coordination!! #flyanaboss #youwish #running Credit: @merrickhanna,Flyana Boss,Music Content,False,2024-06-14 22:37:21,2025-09-14,2025,9,37,Sunday,457,28290,644,6,70.725,2.2764227642276422,0.021208907741251323,2.2976316719688934,61.903719912472646,0.021213406873143825,0.02121340687314463,2025-09-14 03:26:30
ORMLd-EEU0U,Raiche - Complicated [Official Music Video],Raiche,Official Music Video,False,2019-01-09 16:05:42,2025-09-15,2025,9,38,Monday,2441,951376,8886,375,2378.44,0.9340155732328752,0.03941659238828812,0.9734321656211633,389.7484637443671,0.0,0.0,2025-09-15 06:33:13
ORYgEexeyiY,Loving you is medicine 💊🧡,Corook,Music Content,False,2023-11-19 22:50:36,2025-09-15,2025,9,38,Monday,666,1934,293,14,4.835,15.149948293691832,0.7238883143743536,15.873836608066185,2.903903903903904,0.0,0.0,2025-09-15 06:33:55
OaQZ5oL_v3g,@playgroundlastudios x @FlyanaBoss for Candyman 🍬🍭 #candymandance Credit: @beaulexx,Flyana Boss,Music Content,False,2024-06-07 20:38:00,2025-09-12,2025,9,37,Friday,462,6988,571,4,17.470000000000002,8.171150543789354,0.05724098454493417,8.228391528334289,15.125541125541126,0.0,0.0,2025-09-12 08:06:26
OaQZ5oL_v3g,@playgroundlastudios x @FlyanaBoss for Candyman 🍬🍭 #candymandance Credit: @beaulexx,Flyana Boss,Music Content,False,2024-06-07 20:38:00,2025-09-14,2025,9,37,Sunday,464,6995,571,4,17.4875,8.162973552537526,0.057183702644746245,8.220157255182272,15.075431034482758,0.10017172295363481,0.10017172295362503,2025-09-14 03:26:36
Od-psM7DLJ4,my face looks kinda naked,Corook,Music Content,False,2024-10-04 16:59:16,2025-09-15,2025,9,38,Monday,346,1046,99,3,2.615,9.464627151051626,0.28680688336520077,9.751434034416826,3.023121387283237,0.0,0.0,2025-09-15 06:33:41
OiYbmgheptQ,This is about my struggle to stay connected to my true emotions. Put ur hand up if u can relate 🙋🏼,Corook,Music Content,False,2024-09-11 17:36:55,2025-09-15,2025,9,38,Monday,369,9110,1349,53,22.775,14.807903402854006,0.5817782656421515,15.389681668496157,24.688346883468835,0.0,0.0,2025-09-15 06:33:48
OntymuFmcd0,My most emotional release yet #Shorts,Corook,Music Content,False,2022-03-14 21:58:52,2025-09-15,2025,9,38,Monday,1281,6183,364,16,15.4575,5.887109817240821,0.25877405790069546,6.145883875141517,4.826697892271663,0.0,0.0,2025-09-15 06:34:25
OrDbSJRPVsc,Dingles dropping soon! 😱,Flyana Boss,Music Content,False,2023-04-24 15:16:07,2025-09-12,2025,9,37,Friday,872,62200,2738,30,155.5,4.401929260450161,0.04823151125401929,4.45016077170418,71.3302752293578,0.0,0.0,2025-09-12 08:06:50
OrDbSJRPVsc,Dingles dropping soon! 😱,Flyana Boss,Music Content,False,2023-04-24 15:16:07,2025-09-14,2025,9,37,Sunday,874,62201,2736,30,155.5025,4.398643108631694,0.0482307358402598,4.446873844471954,71.16819221967964,0.001607717041800643,0.001607717041799181,2025-09-14 03:26:56
OrUe-hyXGwo,I don’t think Liv and I were prepared for how much time we’d be spending apart this year.,Corook,Music Content,False,2023-11-20 02:00:14,2025-09-15,2025,9,38,Monday,665,3872,436,25,9.68,11.260330578512397,0.6456611570247934,11.90599173553719,5.822556390977444,0.0,0.0,2025-09-15 06:33:55
Orv-WsJvFos,"One, two, three, ribbit! 🐸 my headline tour of the UK and Ireland starts in 1 week",Corook,Music Content,False,2023-11-25 18:23:41,2025-09-15,2025,9,38,Monday,660,2060,122,5,5.15,5.922330097087379,0.24271844660194172,6.165048543689321,3.121212121212121,0.0,0.0,2025-09-15 06:33:55
OwtStc3wUU8,9/29!!!!!!! 🥰🥰 #flyanaboss #evanblummadeit,Flyana Boss,Music Content,False,2023-09-20 22:05:07,2025-09-12,2025,9,37,Friday,723,428849,44820,320,1072.1225,10.451231085999968,0.07461833885586769,10.525849424855835,593.1521438450899,0.0,0.0,2025-09-12 08:06:36
OwtStc3wUU8,9/29!!!!!!! 🥰🥰 #flyanaboss #evanblummadeit,Flyana Boss,Music Content,False,2023-09-20 22:05:07,2025-09-14,2025,9,37,Sunday,725,428857,44818,320,1072.1425000000002,10.450569770343028,0.0746169469077105,10.525186717250739,591.5268965517241,0.001865458471396692,0.0018654584714162036,2025-09-14 03:26:45
OxfMR_f0tSM,I’m bout to sin again #flyanaboss #youwish #transition Credit: @kallmekris,Flyana Boss,Music Content,False,2024-06-17 22:36:08,2025-09-12,2025,9,37,Friday,452,29342,1961,47,73.35499999999999,6.68325267534592,0.16017994683388997,6.84343262217981,64.91592920353982,0.0,0.0,2025-09-12 08:06:17
OxfMR_f0tSM,I’m bout to sin again #flyanaboss #youwish #transition Credit: @kallmekris,Flyana Boss,Music Content,False,2024-06-17 22:36:08,2025-09-14,2025,9,37,Sunday,454,29376,1963,47,73.44,6.6823257080610015,0.15999455337690632,6.842320261437908,64.70484581497797,0.11587485515643105,0.11587485515644191,2025-09-14 03:26:30
P68Gauax9gE,can u spot my dog? song is out now btw link in bio,Corook,Music Content,False,2022-12-01 20:39:20,2025-09-15,2025,9,38,Monday,1019,4063,365,15,10.157499999999999,8.983509721880385,0.3691853310361802,9.352695052916564,3.987242394504416,0.0,0.0,2025-09-15 06:34:25
P84Z0DFqesk,things are heating up in corook tour land! happy to announce i get to have Morgen open the shows! :),Corook,Music Content,False,2023-08-29 01:44:08,2025-09-15,2025,9,38,Monday,748,3870,235,18,9.675,6.072351421188631,0.46511627906976744,6.537467700258398,5.17379679144385,0.0,0.0,2025-09-15 06:34:02
PGtamMBaaBE,"Hi guys, I’m throwing a virtual listening party to debut my new single blankets!!",Corook,Music Content,False,2024-08-13 19:15:20,2025-09-15,2025,9,38,Monday,398,1269,118,26,3.1725,9.29866036249015,2.048857368006304,11.347517730496454,3.1884422110552766,0.0,0.0,2025-09-15 06:33:48
PKPxpIfPWsg,First half of the song is here! what’s ur fav lyric? Mines kissing & huggin & gay sh** 😘💚,Corook,Lyric Video,False,2024-08-08 21:09:24,2025-09-15,2025,9,38,Monday,403,2144,279,14,5.36,13.013059701492539,0.6529850746268656,13.666044776119405,5.320099255583126,0.0,0.0,2025-09-15 06:33:48
PT3Ldj0P3Pc,Raiche -  Girls A Gun (Live In Studio),Raiche,Live Performance,False,2025-06-13 14:00:43,2025-09-15,2025,9,38,Monday,94,7258,92,10,18.145,1.267566822816203,0.13777900248002206,1.405345825296225,77.2127659574468,0.0,0.0,2025-09-15 06:33:04
PXivsillDa0,"moving forward, if you’re coming to my show, scream whenever I take my hat off, ok!!?",Corook,Music Content,False,2025-04-01 19:31:20,2025-09-15,2025,9,38,Monday,167,12414,226,23,31.035,1.8205252134686645,0.18527468986628,2.0057999033349443,74.33532934131736,0.0,0.0,2025-09-15 06:33:34
PapzJa8_e3E,Flyana Boss - yeaaa (Lyric Video),Flyana Boss,Lyric Video,False,2024-02-23 05:00:12,2025-09-12,2025,9,37,Friday,567,160214,3142,118,400.53499999999997,1.9611269926473343,0.07365149113061281,2.0347784837779472,282.56437389770724,0.0,0.0,2025-09-12 08:06:26
PapzJa8_e3E,Flyana Boss - yeaaa (Lyric Video),Flyana Boss,Lyric Video,False,2024-02-23 05:00:12,2025-09-14,2025,9,37,Sunday,569,160314,3144,118,400.78499999999997,1.9611512406901455,0.07360554910987188,2.034756789800017,281.74692442882247,0.06241651790729899,0.06241651790729899,2025-09-14 03:26:36
PehPtRAzVqM,But hey at least I woke up today 💁🏼,Corook,Music Content,False,2023-07-25 23:54:37,2025-09-15,2025,9,38,Monday,783,78875,3281,137,197.1875,4.159746434231379,0.17369255150554674,4.333438985736926,100.73435504469987,0.0,0.0,2025-09-15 06:34:02
PnHjcnUyhic,comes out on my debut album Feb 7 or sooner if you want but Feb 7 for now,Corook,Music Content,False,2025-01-14 21:49:41,2025-09-15,2025,9,38,Monday,244,1421,121,20,3.5525,8.515130190007039,1.4074595355383532,9.922589725545391,5.823770491803279,0.0,0.0,2025-09-15 06:33:41
PntQqVjfRLc,re6ce - brown eyes* (feat. riovaz),re6ce,Music Content,False,2024-12-06 17:00:06,2025-09-14,2025,9,37,Sunday,282,303568,7985,277,758.92,2.6303826490275655,0.09124808939018605,2.7216307384177516,1076.4822695035461,0.0,0.0,2025-09-14 03:38:54
PsVZec9rGyA,Raiche - Up Late (Cover),Raiche,Music Content,False,2022-01-18 20:00:08,2025-09-15,2025,9,38,Monday,1336,252172,330,44,630.43,0.13086306171977855,0.017448408229303807,0.14831146994908234,188.75149700598803,0.0,0.0,2025-09-15 06:33:13
PuEgV1Amhb8,"no sweat, cause I know you got my back 🧦🐸",Corook,Music Content,False,2023-08-14 15:59:10,2025-09-15,2025,9,38,Monday,763,3557,253,34,8.8925,7.112735451222941,0.9558616811920156,8.068597132414956,4.6618610747051115,0.0,0.0,2025-09-15 06:34:02
Pulqxah6MNA,Give me space I don’t like ppl #flyanaboss #evanblummadeit,Flyana Boss,Music Content,False,2024-03-12 19:26:48,2025-09-12,2025,9,37,Friday,549,46951,3446,41,117.3775,7.339566782390151,0.08732508359779345,7.426891865987945,85.52094717668488,0.0,0.0,2025-09-12 08:06:26
Pulqxah6MNA,Give me space I don’t like ppl #flyanaboss #evanblummadeit,Flyana Boss,Music Content,False,2024-03-12 19:26:48,2025-09-14,2025,9,37,Sunday,551,46956,3446,41,117.39000000000001,7.33878524576199,0.0873157849902036,7.426101030752194,85.21960072595282,0.0106494004387553,0.010649400438769826,2025-09-14 03:26:36
PwSzCWsFEtc,BiC Fizzle - Can't Go Broke [Official Audio],BiC Fizzle,Official Audio,False,2023-01-27 05:00:09,2025-09-12,2025,9,37,Friday,959,279045,5062,67,697.6125000000001,1.8140443297676,0.02401046426203659,1.8380547940296368,290.9749739311783,0.0,0.0,2025-09-12 18:54:42
PwSzCWsFEtc,BiC Fizzle - Can't Go Broke [Official Audio],BiC Fizzle,Official Audio,False,2023-01-27 05:00:09,2025-09-14,2025,9,37,Sunday,961,279176,5062,67,697.9399999999999,1.813193111155687,0.02399919763876551,1.8371923087944524,290.5057232049948,0.04694583310935512,0.046945833109336865,2025-09-14 03:25:42
Q0LiME4OWhY,corook - opening act (live),Corook,Live Performance,False,2022-06-14 15:58:20,2025-09-15,2025,9,38,Monday,1189,112612,1510,105,281.53,1.3408872944268817,0.09324050722835933,1.434127801655241,94.71152228763667,0.0,0.0,2025-09-15 06:34:25
Q6c-1nsVom4,corook - I FORGOT (audio),Corook,Music Content,False,2023-09-22 04:00:15,2025-09-15,2025,9,38,Monday,724,6204,247,13,15.51,3.9813023855577048,0.20954223081882656,4.190844616376531,8.569060773480663,0.0,0.0,2025-09-15 06:33:55
QOlkswtbUjg,How did we film this??,Flyana Boss,Music Content,False,2023-02-26 03:28:25,2025-09-12,2025,9,37,Friday,929,12499,629,6,31.247500000000002,5.032402592207377,0.04800384030722458,5.080406432514601,13.454251883745963,0.0,0.0,2025-09-12 08:07:01
QOlkswtbUjg,How did we film this??,Flyana Boss,Music Content,False,2023-02-26 03:28:25,2025-09-14,2025,9,37,Sunday,931,12500,629,6,31.25,5.032,0.048,5.08,13.426423200859292,0.008000640051204096,0.00800064005119682,2025-09-14 03:27:05
QPIvYHbkwI0,BiC Fizzle - Soulja Talk [Official Music Video],BiC Fizzle,Official Music Video,False,2023-10-05 22:00:15,2025-09-12,2025,9,37,Friday,708,133694,3460,69,334.23499999999996,2.5879994614567594,0.05161039388454231,2.639609855341302,188.83333333333334,0.0,0.0,2025-09-12 18:54:42
QPIvYHbkwI0,BiC Fizzle - Soulja Talk [Official Music Video],BiC Fizzle,Official Music Video,False,2023-10-05 22:00:15,2025-09-14,2025,9,37,Sunday,710,133867,3460,69,334.66749999999996,2.5846549186879515,0.05154369635533776,2.6361986150432895,188.54507042253522,0.129399973072838,0.12939997307283935,2025-09-14 03:25:42
QPZ4Xwap19s,Hello Christ? #flyanaboss #youwish #animation #art Credit: @cryptiddraws3376,Flyana Boss,Music Content,False,2024-06-12 02:02:25,2025-09-12,2025,9,37,Friday,457,68342,9358,199,170.855,13.692897486172487,0.29118258172134265,13.98408006789383,149.5448577680525,0.0,0.0,2025-09-12 08:06:17
QPZ4Xwap19s,Hello Christ? #flyanaboss #youwish #animation #art Credit: @cryptiddraws3376,Flyana Boss,Music Content,False,2024-06-12 02:02:25,2025-09-14,2025,9,37,Sunday,459,68350,9358,199,170.875,13.691294806144844,0.29114850036576445,13.982443306510609,148.91067538126362,0.011705832431008749,0.01170583243101474,2025-09-14 03:26:30
QU7Z-lzNdMc,if i were a fish - corook ft. Olivia Barton,Corook,Music Content,False,2023-04-14 20:25:12,2025-09-15,2025,9,38,Monday,885,3274180,160834,5947,8185.45,4.912191754882138,0.18163326390119053,5.0938250187833285,3699.638418079096,0.0,0.0,2025-09-15 06:34:10
QUVqquo2Ki0,Get in ma belly #flyanaboss #youwish #dance Credit: @paigetaylors,Flyana Boss,Music Content,False,2024-06-12 01:19:26,2025-09-12,2025,9,37,Friday,457,4937,280,6,12.342500000000001,5.671460401053271,0.12153129430828438,5.792991695361556,10.803063457330415,0.0,0.0,2025-09-12 08:06:17
QUVqquo2Ki0,Get in ma belly #flyanaboss #youwish #dance Credit: @paigetaylors,Flyana Boss,Music Content,False,2024-06-12 01:19:26,2025-09-14,2025,9,37,Sunday,459,4942,280,6,12.355,5.6657223796034,0.12140833670578711,5.787130716309187,10.766884531590414,0.10127607859023698,0.10127607859023122,2025-09-14 03:26:30
Qe0sGagiGNI,Raiche - Big Daddy [Official Music Video],Raiche,Official Music Video,False,2023-09-25 19:00:11,2025-09-15,2025,9,38,Monday,721,12773,647,20,31.932499999999997,5.065372269631253,0.15658028654192438,5.221952556173178,17.715672676837727,0.0,0.0,2025-09-15 06:33:04
QelqNaQmFq4,Flyana Boss - UFHO (Lyric Video),Flyana Boss,Lyric Video,False,2023-12-13 05:15:45,2025-09-12,2025,9,37,Friday,639,141582,3610,124,353.955,2.549759150174457,0.08758175474283454,2.637340904917292,221.56807511737088,0.0,0.0,2025-09-12 08:06:26
QelqNaQmFq4,Flyana Boss - UFHO (Lyric Video),Flyana Boss,Lyric Video,False,2023-12-13 05:15:45,2025-09-14,2025,9,37,Sunday,641,141665,3611,124,354.16249999999997,2.5489711643666397,0.08753044153460629,2.636501605901246,221.00624024961,0.058623271319800545,0.0586232713197954,2025-09-14 03:26:36
QfLWZtmDdhE,TEA TIME #besties,Flyana Boss,Music Content,False,2023-03-17 21:55:54,2025-09-12,2025,9,37,Friday,910,685191,65331,589,1712.9775,9.53471367837581,0.0859614326516256,9.620675111027436,752.9571428571429,0.0,0.0,2025-09-12 08:06:50
QfLWZtmDdhE,TEA TIME #besties,Flyana Boss,Music Content,False,2023-03-17 21:55:54,2025-09-14,2025,9,37,Sunday,912,685193,65330,589,1712.9825,9.534539903355697,0.08596118174003528,9.620501085095732,751.3081140350877,0.0002918894147763179,0.0002918894147826892,2025-09-14 03:26:56
Qhsd6jVMf6g,next song is out already!!! If you know the password 🤔🛏️ Here’s a hint….. b*******,Corook,Music Content,False,2024-09-10 07:00:24,2025-09-15,2025,9,38,Monday,370,3932,198,9,9.83,5.035605289928789,0.2288911495422177,5.2644964394710065,10.627027027027028,0.0,0.0,2025-09-15 06:33:48
QmdUOlH4Tbo,Is Goofy A Dog??? #flyanaboss #drclipsstyle,Flyana Boss,Music Content,False,2024-05-03 23:25:07,2025-09-12,2025,9,37,Friday,497,85569,7296,173,213.9225,8.526452336710724,0.20217602169009802,8.728628358400822,172.17102615694165,0.0,0.0,2025-09-12 08:06:26
QmdUOlH4Tbo,Is Goofy A Dog??? #flyanaboss #drclipsstyle,Flyana Boss,Music Content,False,2024-05-03 23:25:07,2025-09-14,2025,9,37,Sunday,499,85609,7297,173,214.02249999999998,8.523636533542033,0.20208155684565873,8.725718090387693,171.56112224448898,0.0467459009688088,0.04674590096879285,2025-09-14 03:26:36
QoTGRO3pMnY,corook - THEY! (lyric video),Corook,Lyric Video,False,2025-02-07 05:05:32,2025-09-15,2025,9,38,Monday,220,123703,3056,1622,309.2575,2.470433215039247,1.3112050637413806,3.781638278780628,562.2863636363636,0.0,0.0,2025-09-15 06:33:41
R3y6Ld8keo8,corook - Stacy's Mom (Live from Salt Lick Sessions) [Official Audio],Corook,Official Audio,False,2022-12-07 17:00:18,2025-09-15,2025,9,38,Monday,1013,101173,307,16,252.9325,0.3034406412778113,0.0158144959623615,0.3192551372401728,99.8746298124383,0.0,0.0,2025-09-15 06:34:10
R44f5uDmGKI,Mid work vibes  song: Candyman - Flyanaboss,Flyana Boss,Music Content,False,2024-08-05 21:37:09,2025-09-12,2025,9,37,Friday,403,3950,250,2,9.875,6.329113924050633,0.05063291139240507,6.379746835443038,9.801488833746898,0.0,0.0,2025-09-12 08:06:17
R44f5uDmGKI,Mid work vibes  song: Candyman - Flyanaboss,Flyana Boss,Music Content,False,2024-08-05 21:37:09,2025-09-14,2025,9,37,Sunday,405,3961,251,2,9.9025,6.336783640494826,0.050492299924261554,6.387275940419087,9.780246913580246,0.27848101265822783,0.27848101265822645,2025-09-14 03:26:30
R6dZrN10wgo,this is my purpose!!! the moments like these mean so much to me,Corook,Music Content,False,2025-03-05 18:09:57,2025-09-15,2025,9,38,Monday,194,865,76,5,2.1625,8.786127167630058,0.5780346820809248,9.364161849710982,4.458762886597938,0.0,0.0,2025-09-15 06:33:34
R6rjPiLpzbg,"I know it’ll end, so I’m a bad friend",Corook,Music Content,False,2023-07-27 20:26:43,2025-09-15,2025,9,38,Monday,781,5182,188,24,12.955000000000002,3.6279428791972212,0.4631416441528367,4.091084523350058,6.635083226632522,0.0,0.0,2025-09-15 06:34:02
RDw_TP96v3o,need inspiration to become a brand new new one? This is the song you need! #hiphop #girlrap,Flyana Boss,Music Content,False,2023-03-02 18:50:56,2025-09-12,2025,9,37,Friday,925,44779,3300,37,111.9475,7.369525893834164,0.08262801759753456,7.452153911431699,48.40972972972973,0.0,0.0,2025-09-12 08:06:50
RDw_TP96v3o,need inspiration to become a brand new new one? This is the song you need! #hiphop #girlrap,Flyana Boss,Music Content,False,2023-03-02 18:50:56,2025-09-14,2025,9,37,Sunday,927,44780,3300,37,111.95,7.369361322018758,0.08262617239839215,7.45198749441715,48.30636461704423,0.0022331896647982312,0.0022331896647962003,2025-09-14 03:26:56
RPBxFhegvvw,Hiii Airplane Mode Video Drops Today!! Right here on YouTube!! Go watch!! ✈️✈️ #flyanaboss #drclips,Flyana Boss,Music Content,False,2025-02-11 20:03:36,2025-09-12,2025,9,37,Friday,213,7756,980,11,19.39,12.63537906137184,0.14182568334192883,12.777204744713769,36.413145539906104,0.0,0.0,2025-09-12 08:06:09
RPBxFhegvvw,Hiii Airplane Mode Video Drops Today!! Right here on YouTube!! Go watch!! ✈️✈️ #flyanaboss #drclips,Flyana Boss,Music Content,False,2025-02-11 20:03:36,2025-09-14,2025,9,37,Sunday,215,7788,980,11,19.47,12.583461736004109,0.14124293785310735,12.724704673857216,36.223255813953486,0.4125838060856112,0.4125838060856023,2025-09-14 03:26:22
RUpqQ7Iwgi4,Turn that boy into a 😵,Flyana Boss,Music Content,False,2024-04-05 18:08:08,2025-09-12,2025,9,37,Friday,525,42645,3040,42,106.61250000000001,7.12862000234494,0.09848751319029195,7.227107515535232,81.22857142857143,0.0,0.0,2025-09-12 08:06:26
RUpqQ7Iwgi4,Turn that boy into a 😵,Flyana Boss,Music Content,False,2024-04-05 18:08:08,2025-09-14,2025,9,37,Sunday,527,42654,3041,42,106.635,7.129460308529094,0.09846673231115487,7.227927040840249,80.93738140417457,0.021104467112205417,0.02110446711219955,2025-09-14 03:26:36
RWh8ScuXgG8,BOSSI CLIP COMPILATION FULL SONG,Flyana Boss,Music Content,False,2019-10-29 20:59:57,2025-09-12,2025,9,37,Friday,2145,12152,423,16,30.38,3.48090849242923,0.13166556945358787,3.612574061882818,5.665268065268065,0.0,0.0,2025-09-12 08:07:01
RWh8ScuXgG8,BOSSI CLIP COMPILATION FULL SONG,Flyana Boss,Music Content,False,2019-10-29 20:59:57,2025-09-14,2025,9,37,Sunday,2147,12153,423,16,30.3825,3.4806220686250304,0.13165473545626594,3.6122768040812963,5.660456450861667,0.008229098090849242,0.008229098090853454,2025-09-14 03:27:05
RYn_RSdMUVs,corook - ballerina (lyric video),Corook,Lyric Video,False,2025-02-28 05:00:24,2025-09-15,2025,9,38,Monday,199,3754,140,15,9.385,3.7293553542887588,0.3995737879595098,4.128929142248269,18.8643216080402,0.0,0.0,2025-09-15 06:33:34
RZSQtCm8dyo,BiC Fizzle - CREEPIN [Official Music Video],BiC Fizzle,Official Music Video,False,2025-06-27 19:00:33,2025-09-12,2025,9,37,Friday,77,2894058,42775,581,7235.145,1.4780284292851076,0.020075617005602512,1.49810404629071,37585.168831168834,0.0,0.0,2025-09-12 18:54:42
RZSQtCm8dyo,BiC Fizzle - CREEPIN [Official Music Video],BiC Fizzle,Official Music Video,False,2025-06-27 19:00:33,2025-09-14,2025,9,37,Sunday,79,2963966,43382,586,7409.915,1.4636470188929294,0.019770807087530692,1.48341782598046,37518.556962025315,2.4155701095140456,2.415570109514039,2025-09-14 03:25:42
RafhEhS0ekg,Y'all came PREPARED for this song!!,Corook,Music Content,False,2023-09-10 18:02:22,2025-09-15,2025,9,38,Monday,736,4482,262,10,11.205,5.845604640785364,0.22311468094600626,6.06871932173137,6.0896739130434785,0.0,0.0,2025-09-15 06:34:02
Rcr1ZsW93EA,Flyana Boss - You Wish (With Missy Elliott & Kaliii) - Remix (Lyric Video),Flyana Boss,Lyric Video,False,2023-09-07 05:49:37,2025-09-12,2025,9,37,Friday,736,542357,23666,813,1355.8925,4.363546520096541,0.14990126429639516,4.513447784392937,736.898097826087,0.0,0.0,2025-09-12 08:06:36
Rcr1ZsW93EA,Flyana Boss - You Wish (With Missy Elliott & Kaliii) - Remix (Lyric Video),Flyana Boss,Lyric Video,False,2023-09-07 05:49:37,2025-09-14,2025,9,37,Sunday,738,542602,23666,813,1356.5049999999999,4.36157625663009,0.1498335796771851,4.511409836307275,735.2330623306233,0.045173197727695964,0.04517319772769261,2025-09-14 03:26:45
RdlVWrSV4OY,Made some new besties at #AcademyProud 💜 @sonos #SonosPartner #GRAMMYHouse,Flyana Boss,Music Content,False,2024-02-06 19:54:24,2025-09-12,2025,9,37,Friday,584,18456,1245,7,46.14,6.745773732119637,0.03792804508019073,6.783701777199828,31.602739726027398,0.0,0.0,2025-09-12 08:06:26
RdlVWrSV4OY,Made some new besties at #AcademyProud 💜 @sonos #SonosPartner #GRAMMYHouse,Flyana Boss,Music Content,False,2024-02-06 19:54:24,2025-09-14,2025,9,37,Sunday,586,18459,1245,7,46.1475,6.744677393141557,0.037921880925293895,6.78259927406685,31.5,0.016254876462938883,0.016254876462939497,2025-09-14 03:26:36
RjkUJsLVRmc,a maybe-overly-honest love song. “BDSM” is out tonight at midnight. https://corook.lnk.to/BDSM,Corook,Music Content,False,2022-07-07 21:02:06,2025-09-15,2025,9,38,Monday,1166,12573,557,12,31.4325,4.430128052175297,0.09544261512765449,4.525570667302952,10.783018867924529,0.0,0.0,2025-09-15 06:34:25
Rliok-wV8NQ,do you ever feel like a plastic bag drifting through the wind wanting to start again? #boffum,Flyana Boss,Music Content,False,2023-03-01 19:37:46,2025-09-12,2025,9,37,Friday,926,145711,14244,157,364.27750000000003,9.775514545916232,0.10774752764032913,9.883262073556562,157.35529157667386,0.0,0.0,2025-09-12 08:07:01
Rliok-wV8NQ,do you ever feel like a plastic bag drifting through the wind wanting to start again? #boffum,Flyana Boss,Music Content,False,2023-03-01 19:37:46,2025-09-14,2025,9,37,Sunday,928,145715,14245,157,364.2875,9.77593247091926,0.10774456987955941,9.883677040798819,157.02047413793105,0.0027451599398809973,0.0027451599398785,2025-09-14 03:27:05
RoxmMNmaalI,corook - distracted (official audio),Corook,Official Audio,False,2022-04-01 04:01:01,2025-09-15,2025,9,38,Monday,1263,207822,581,30,519.5550000000001,0.2795661672007776,0.014435430320177845,0.29400159752095545,164.54631828978623,0.0,0.0,2025-09-15 06:34:25
Rt97Jh8f6vQ,Lucky lucky me 🍀,Corook,Music Content,False,2023-11-29 18:01:09,2025-09-15,2025,9,38,Monday,656,2304,189,19,5.76,8.203125,0.8246527777777778,9.027777777777779,3.5121951219512195,0.0,0.0,2025-09-15 06:33:55
RwGxj-3VvBE,Raiche - You Made Me [Official Live Performance],Raiche,Live Performance,False,2024-11-13 05:00:16,2025-09-15,2025,9,38,Monday,306,109611,911,56,274.02750000000003,0.8311209641368111,0.051089762888761166,0.8822107270255723,358.20588235294116,0.0,0.0,2025-09-15 06:33:04
RwgCEVoZs0k,we made it on the wall 🥹 ft. Our favorite producer @markystyle #flyanaboss #evanblummadeit,Flyana Boss,Music Content,False,2023-08-04 18:14:24,2025-09-12,2025,9,37,Friday,770,3547343,0,2172,8868.3575,0.0,0.06122892542390178,0.06122892542390178,4606.938961038961,0.0,0.0,2025-09-12 08:06:36
RwgCEVoZs0k,we made it on the wall 🥹 ft. Our favorite producer @markystyle #flyanaboss #evanblummadeit,Flyana Boss,Music Content,False,2023-08-04 18:14:24,2025-09-14,2025,9,37,Sunday,772,3547390,0,2170,8868.475,0.0,0.06117173471199953,0.06117173471199953,4595.0647668393785,0.001324935310738206,0.0013249353107414878,2025-09-14 03:26:45
S2Rh3NHJA-Y,You’re Favorite Nu Duo! #hiphop #femalerapper #besties,Flyana Boss,Music Content,False,2023-03-20 18:59:54,2025-09-12,2025,9,37,Friday,907,1122605,70125,660,2806.5125,6.246631718191171,0.058791827935916904,6.305423546127088,1237.7122381477398,0.0,0.0,2025-09-12 08:06:50
S2Rh3NHJA-Y,You’re Favorite Nu Duo! #hiphop #femalerapper #besties,Flyana Boss,Music Content,False,2023-03-20 18:59:54,2025-09-14,2025,9,37,Sunday,909,1122619,70124,660,2806.5474999999997,6.246464740040922,0.058791094752538485,6.305255834793461,1235.004400440044,0.0012470993804588435,0.0012470993804536586,2025-09-14 03:26:56
SJx_gSMCx8s,"I need your love when i need it, not just when it’s convenient 💔",Raiche,Music Content,False,2022-08-09 13:00:24,2025-09-15,2025,9,38,Monday,1133,3435,340,10,8.5875,9.8981077147016,0.2911208151382824,10.189228529839882,3.031774051191527,0.0,0.0,2025-09-15 06:33:13
SVyGLjKOFKk,re6ce & ThxSoMch — LUVsick! (Official Audio),re6ce,Official Audio,False,2024-01-14 01:06:43,2025-09-14,2025,9,37,Sunday,609,126211,2533,106,315.5275,2.006956604416414,0.08398634033483611,2.09094294475125,207.24302134646962,0.0,0.0,2025-09-14 03:38:54
SXb81qdkvVg,@KirstenDodgenn and @Bada_bebe dancing to Candyman 🔥#flyanaboss #badalee #kirstendodgen,Flyana Boss,Music Content,False,2024-06-12 01:53:01,2025-09-12,2025,9,37,Friday,457,11019,739,14,27.5475,6.706597694890644,0.12705327162174426,6.833650966512388,24.111597374179432,0.0,0.0,2025-09-12 08:06:17
SXb81qdkvVg,@KirstenDodgenn and @Bada_bebe dancing to Candyman 🔥#flyanaboss #badalee #kirstendodgen,Flyana Boss,Music Content,False,2024-06-12 01:53:01,2025-09-14,2025,9,37,Sunday,459,11035,740,14,27.5875,6.705935659265972,0.12686905301314,6.832804712279112,24.04139433551198,0.14520373899627917,0.14520373899627606,2025-09-14 03:26:30
S_2kEbek-Yc,Touring can be hard and stressful...,Corook,Music Content,False,2023-12-03 15:37:17,2025-09-15,2025,9,38,Monday,652,2198,148,5,5.495,6.733393994540491,0.22747952684258416,6.960873521383076,3.371165644171779,0.0,0.0,2025-09-15 06:33:55
S_Y5a7CNRI0,Raiche - Big Daddy (Acoustic) [In-Studio Performance],Raiche,Live Performance,False,2023-10-04 21:00:11,2025-09-15,2025,9,38,Monday,712,4207,226,23,10.5175,5.371999049203708,0.5467078678393155,5.918706917043024,5.908707865168539,0.0,0.0,2025-09-15 06:33:04
Sa_hh4cuS2o,BiC Fizzle x Gwapo - We Got It [Official Video],BiC Fizzle,Official Music Video,False,2022-09-01 19:00:16,2025-09-12,2025,9,37,Friday,1107,873469,21008,230,2183.6725,2.4051225630216986,0.026331787390279447,2.431454350411978,789.0415537488708,0.0,0.0,2025-09-12 18:54:52
Sa_hh4cuS2o,BiC Fizzle x Gwapo - We Got It [Official Video],BiC Fizzle,Official Music Video,False,2022-09-01 19:00:16,2025-09-14,2025,9,37,Sunday,1109,873693,21010,230,2184.2325,2.4047348439325944,0.026325036368610024,2.4310598803012042,787.8205590622182,0.02564487119748955,0.02564487119748705,2025-09-14 03:25:50
ShBPDQOksPU,BiC Fizzle - Where U From [Official Audio],BiC Fizzle,Official Audio,False,2023-01-27 05:00:11,2025-09-12,2025,9,37,Friday,959,29632,657,17,74.08,2.2171976241900646,0.05737041036717063,2.274568034557235,30.898852971845674,0.0,0.0,2025-09-12 18:54:42
ShBPDQOksPU,BiC Fizzle - Where U From [Official Audio],BiC Fizzle,Official Audio,False,2023-01-27 05:00:11,2025-09-14,2025,9,37,Sunday,961,29645,657,17,74.1125,2.21622533310845,0.05734525215044695,2.2735705852588968,30.848074921956297,0.04387149028077754,0.043871490280776,2025-09-14 03:25:42
SioPTWhDRSk,had so much fun dancing on the internet with y’all last night! 😭💚🐸🥹 Blankets drops tomorrow!!!,Corook,Music Content,False,2024-08-15 17:52:29,2025-09-15,2025,9,38,Monday,396,1433,120,6,3.5825,8.37404047452896,0.41870202372644805,8.792742498255407,3.6186868686868685,0.0,0.0,2025-09-15 06:33:48
Suk4rrMP_94,Candyman Dance #flyanaboss #badalee #kirstendodgen Dance Credit: @Bada_bebe @KirstenDodgenn,Flyana Boss,Music Content,False,2024-06-05 19:17:24,2025-09-12,2025,9,37,Friday,464,87846,7176,34,219.615,8.168840926166245,0.03870409580402068,8.207545021970265,189.32327586206895,0.0,0.0,2025-09-12 08:06:26
Suk4rrMP_94,Candyman Dance #flyanaboss #badalee #kirstendodgen Dance Credit: @Bada_bebe @KirstenDodgenn,Flyana Boss,Music Content,False,2024-06-05 19:17:24,2025-09-14,2025,9,37,Sunday,466,88003,7182,34,220.0075,8.161085417542584,0.038635046532504574,8.199720464075089,188.84763948497854,0.17872185415386016,0.1787218541538529,2025-09-14 03:26:36
T3uICEsQ9W8,I’m an Internet person,Corook,Music Content,False,2025-02-21 01:03:30,2025-09-15,2025,9,38,Monday,206,942,84,21,2.355,8.9171974522293,2.229299363057325,11.146496815286625,4.572815533980583,0.0,0.0,2025-09-15 06:33:41
T6SsBZsJvyA,corook - BDSM (official audio),Corook,Official Audio,False,2022-07-08 04:02:26,2025-09-15,2025,9,38,Monday,1165,101887,663,38,254.7175,0.6507208966796549,0.03729622032251416,0.688017117002169,87.45665236051502,0.0,0.0,2025-09-15 06:34:25
T8XxmbvRYOs,Flyana Boss - Candyman (Lyric Video),Flyana Boss,Lyric Video,False,2024-01-26 05:01:06,2025-09-12,2025,9,37,Friday,595,1534888,18629,326,3837.22,1.2137041920974039,0.021239334726703186,1.2349435268241071,2579.6436974789917,0.0,0.0,2025-09-12 08:06:26
T8XxmbvRYOs,Flyana Boss - Candyman (Lyric Video),Flyana Boss,Lyric Video,False,2024-01-26 05:01:06,2025-09-14,2025,9,37,Sunday,597,1536087,18634,326,3840.2174999999997,1.21308233192521,0.021222756263154365,1.2343050881883644,2573.0100502512564,0.07811644888747582,0.0781164488874744,2025-09-14 03:26:36
TH2zY3E6J1M,sobbed the first time I heard this song bc it meant something sooo different to me!,Corook,Music Content,False,2024-10-30 18:17:20,2025-09-15,2025,9,38,Monday,320,3101,178,11,7.7524999999999995,5.740083843921315,0.3547242824895195,6.094808126410835,9.690625,0.0,0.0,2025-09-15 06:33:41
TIGwAzdNDXU,"This tour has been so special to me. See you soon, Phoenix & Tucson 🧡",Corook,Music Content,False,2023-10-10 21:57:23,2025-09-15,2025,9,38,Monday,706,1843,150,5,4.6075,8.138903960933261,0.27129679869777534,8.410200759631037,2.6104815864022664,0.0,0.0,2025-09-15 06:33:55
TIU5VZ8XDmM,lil GUMDROP - CANDYMAN by FlyanaBoss,Flyana Boss,Music Content,False,2024-07-11 19:17:33,2025-09-12,2025,9,37,Friday,428,21279,2080,24,53.1975,9.774895436815639,0.11278725504018047,9.887682691855819,49.717289719626166,0.0,0.0,2025-09-12 08:06:17
TIU5VZ8XDmM,lil GUMDROP - CANDYMAN by FlyanaBoss,Flyana Boss,Music Content,False,2024-07-11 19:17:33,2025-09-14,2025,9,37,Sunday,430,21293,2080,24,53.2325,9.76846851077819,0.1127130982012868,9.881181608979476,49.51860465116279,0.06579256544010527,0.06579256544011221,2025-09-14 03:26:30
TIcnnUL3EHo,Little Miss Car Rap!,Flyana Boss,Music Content,False,2022-08-06 16:55:04,2025-09-12,2025,9,37,Friday,1133,161488,22642,277,403.72,14.020856038838799,0.1715297731100763,14.192385811948876,142.53133274492498,0.0,0.0,2025-09-12 08:07:01
TIcnnUL3EHo,Little Miss Car Rap!,Flyana Boss,Music Content,False,2022-08-06 16:55:04,2025-09-14,2025,9,37,Sunday,1135,161491,22642,277,403.7275,14.020595574985602,0.17152658662092624,14.192122161606529,142.28281938325992,0.0018577231744773604,0.0018577231744756708,2025-09-14 03:27:05
TItk8FRglwY,corook - crumbs (official audio),Corook,Official Audio,False,2024-10-25 04:00:23,2025-09-15,2025,9,38,Monday,325,12917,639,45,32.2925,4.946969110474568,0.34837810637144845,5.295347216846017,39.744615384615386,0.0,0.0,2025-09-15 06:33:41
TNxtKk7nGjs,Still not a snakes fan,Corook,Music Content,False,2023-05-16 16:50:23,2025-09-15,2025,9,38,Monday,853,15616,717,26,39.04,4.591444672131147,0.16649590163934425,4.757940573770491,18.30715123094959,0.0,0.0,2025-09-15 06:34:10
TUlOtBhgnTc,👀👀 #hiphop #music #flyanaboss,Flyana Boss,Music Content,False,2025-01-18 05:32:18,2025-09-12,2025,9,37,Friday,237,13932,1635,30,34.83,11.73557278208441,0.2153316106804479,11.950904392764857,58.78481012658228,0.0,0.0,2025-09-12 08:06:09
TUlOtBhgnTc,👀👀 #hiphop #music #flyanaboss,Flyana Boss,Music Content,False,2025-01-18 05:32:18,2025-09-14,2025,9,37,Sunday,239,13991,1636,30,34.9775,11.693231363019084,0.21442355800157242,11.907654921020656,58.53974895397489,0.4234855010048808,0.42348550100488336,2025-09-14 03:26:22
TbP9fd9aOko,COBRAH - ACTIVATE (Official Audio),COBRAH,Official Audio,False,2023-10-13 04:00:12,2025-09-12,2025,9,37,Friday,700,419554,4780,138,1048.885,1.139305071576007,0.032892071104077186,1.1721971426800841,599.3628571428571,0.0,0.0,2025-09-12 08:05:26
TbP9fd9aOko,COBRAH - ACTIVATE (Official Audio),COBRAH,Official Audio,False,2023-10-13 04:00:12,2025-09-14,2025,9,37,Sunday,702,420834,4787,138,1052.085,1.1375031485098637,0.03279202726015484,1.1702951757700184,599.4786324786324,0.3050858769073826,0.3050858769073869,2025-09-14 03:25:58
Tuh2PQm8M0Y,music video for “realisitic” is out now. Thanks to @People for premiering 🥹❤️ #officialvideo,Corook,Music Content,False,2022-12-06 17:24:46,2025-09-15,2025,9,38,Monday,1014,3784,221,10,9.459999999999999,5.840380549682876,0.2642706131078224,6.104651162790698,3.7317554240631163,0.0,0.0,2025-09-15 06:34:25
Tw3kaaAVxMc,Does he exist!?!,Flyana Boss,Music Content,False,2023-04-27 01:44:33,2025-09-12,2025,9,37,Friday,869,381856,29729,836,954.64,7.7853955417749106,0.21893069638816726,8.004326238163078,439.4200230149597,0.0,0.0,2025-09-12 08:06:50
Tw3kaaAVxMc,Does he exist!?!,Flyana Boss,Music Content,False,2023-04-27 01:44:33,2025-09-14,2025,9,37,Sunday,871,381860,29727,836,954.6500000000001,7.784790237259728,0.21892840307966271,8.003718640339391,438.4156142365098,0.0010475152937232885,0.0010475152937342446,2025-09-14 03:26:56
U3H96Enx7go,BiC Fizzle - Church [Official Music Video],BiC Fizzle,Official Music Video,False,2025-07-11 14:00:49,2025-09-12,2025,9,37,Friday,63,37994,1584,66,94.985,4.169079328314997,0.17371163867979156,4.342790966994789,603.0793650793651,0.0,0.0,2025-09-12 18:54:42
U3H96Enx7go,BiC Fizzle - Church [Official Music Video],BiC Fizzle,Official Music Video,False,2025-07-11 14:00:49,2025-09-14,2025,9,37,Sunday,65,38253,1589,66,95.6325,4.153922568164589,0.17253548741275193,4.326458055577341,588.5076923076923,0.6816865820919092,0.6816865820919027,2025-09-14 03:25:42
U9gDZ7mRTME,Flyana Boss - Stupendous (Lyric Video),Flyana Boss,Lyric Video,False,2024-03-29 06:22:39,2025-09-12,2025,9,37,Friday,532,26616,1050,50,66.53999999999999,3.944995491433724,0.18785692816351068,4.132852419597235,50.03007518796993,0.0,0.0,2025-09-12 08:06:26
U9gDZ7mRTME,Flyana Boss - Stupendous (Lyric Video),Flyana Boss,Lyric Video,False,2024-03-29 06:22:39,2025-09-14,2025,9,37,Sunday,534,26652,1053,50,66.63,3.9509230076542097,0.1876031817499625,4.138526189404172,49.91011235955056,0.1352569882777277,0.13525698827773283,2025-09-14 03:26:36
UAVxznh9uQ8,Raiche - Fool [In-Studio Performance],Raiche,Music Content,False,2022-08-03 19:00:12,2025-09-15,2025,9,38,Monday,1139,10605,474,45,26.512500000000003,4.469589816124469,0.4243281471004243,4.893917963224894,9.31079894644425,0.0,0.0,2025-09-15 06:33:13
UAgsOvOQczw,"serious question, what do you guys think of the ep?",Corook,Music Content,False,2023-08-11 16:40:47,2025-09-15,2025,9,38,Monday,766,1352,147,30,3.3800000000000003,10.872781065088757,2.2189349112426036,13.091715976331361,1.7650130548302871,0.0,0.0,2025-09-15 06:34:02
UKNm0U-Yy9A,Raiche - Money Pies [Official Music Video],Raiche,Official Music Video,False,2018-08-23 16:00:02,2025-09-15,2025,9,38,Monday,2580,302512,3854,266,756.28,1.2739990479716508,0.08793039614957424,1.361929444121225,117.25271317829457,0.0,0.0,2025-09-15 06:33:13
UL5WaDQSXrY,Flyana Boss are C*NTs,Flyana Boss,Music Content,False,2025-06-09 20:45:29,2025-09-12,2025,9,37,Friday,95,17223,1866,21,43.0575,10.834349416477966,0.12192997735586135,10.956279393833828,181.29473684210527,0.0,0.0,2025-09-12 08:06:09
UL5WaDQSXrY,Flyana Boss are C*NTs,Flyana Boss,Music Content,False,2025-06-09 20:45:29,2025-09-14,2025,9,37,Sunday,97,17279,1869,21,43.1975,10.816598182765206,0.1215348110423057,10.938132993807512,178.1340206185567,0.3251466062822969,0.32514660628229825,2025-09-14 03:26:22
ULTY51P0ueM,corook - bad friend (live),Corook,Live Performance,False,2022-05-31 16:01:52,2025-09-15,2025,9,38,Monday,1203,125451,476,30,313.6275,0.3794310129054372,0.02391371930076285,0.40334473220620004,104.28179551122194,0.0,0.0,2025-09-15 06:34:25
UNIggpXg8ME,🥶🥶🥶,BiC Fizzle,Music Content,False,2022-08-22 03:46:49,2025-09-12,2025,9,37,Friday,1117,17392,490,12,43.48,2.8173873045078195,0.06899724011039558,2.886384544618215,15.570277529095792,0.0,0.0,2025-09-12 18:54:52
UNIggpXg8ME,🥶🥶🥶,BiC Fizzle,Music Content,False,2022-08-22 03:46:49,2025-09-14,2025,9,37,Sunday,1119,17401,490,12,43.5025,2.8159301189586805,0.06896155393368197,2.8848916728923624,15.550491510277032,0.051747930082796684,0.05174793008279865,2025-09-14 03:25:50
UO0snanNWvg,my mom told me she doesn’t understand the lyrics of this one,Corook,Lyric Video,False,2025-02-27 20:10:36,2025-09-15,2025,9,38,Monday,200,5467,499,44,13.667499999999999,9.127492226083774,0.8048289738430584,9.932321199926832,27.335,0.0,0.0,2025-09-15 06:33:34
UOARLm2Ctlw,Raiche - Big Girls Don't Cry (Cover),Raiche,Music Content,False,2024-06-27 19:00:06,2025-09-15,2025,9,38,Monday,445,1313,81,6,3.2824999999999998,6.169078446306169,0.456968773800457,6.626047220106626,2.950561797752809,0.0,0.0,2025-09-15 06:33:04
UW_P4q2lFnw,Raiche - I Got You [Official Audio],Raiche,Official Audio,False,2019-03-01 05:00:01,2025-09-15,2025,9,38,Monday,2390,63122,1092,53,157.805,1.7299832071227146,0.0839643864262856,1.8139475935490001,26.410878661087867,0.0,0.0,2025-09-15 06:33:13
UXeGo1GTmpY,"hey corooky friends, you can buy tickets to my tour early. use password seriousperson 🤗🐸❤️",Corook,Music Content,False,2023-06-08 19:34:14,2025-09-15,2025,9,38,Monday,830,34222,1215,90,85.555,3.550347729530711,0.2629887207059786,3.8133364502366893,41.23132530120482,0.0,0.0,2025-09-15 06:34:02
UkmB2sAHrXQ,I just want to love me the way you should’ve loved me!!!,Corook,Music Content,False,2024-10-23 18:28:24,2025-09-15,2025,9,38,Monday,327,1346,144,13,3.365,10.698365527488855,0.9658246656760773,11.664190193164933,4.116207951070336,0.0,0.0,2025-09-15 06:33:41
UodMXdT4VwQ,teeth (you) - re6ce (official music video),re6ce,Official Music Video,False,2022-09-20 22:15:10,2025-09-14,2025,9,37,Sunday,1090,636702,14273,511,1591.755,2.2417080518044545,0.0802573260332149,2.3219653778376697,584.1302752293578,0.0,0.0,2025-09-14 03:38:54
UpDoerddZ0o,Brat summer fall winter and spring!,Corook,Music Content,False,2024-08-01 22:41:55,2025-09-15,2025,9,38,Monday,410,3075,142,5,7.6875,4.617886178861789,0.16260162601626016,4.7804878048780495,7.5,0.0,0.0,2025-09-15 06:33:48
UptGtIDCBxk,this song is dedicated to my first crush,Corook,Music Content,False,2023-05-29 17:40:19,2025-09-15,2025,9,38,Monday,840,16015,803,40,40.0375,5.014049328754293,0.2497658445207618,5.263815173275055,19.06547619047619,0.0,0.0,2025-09-15 06:34:10
UrkEPUMfqx4,~*experimentation*~ 🔬,Corook,Music Content,False,2023-09-28 20:16:08,2025-09-15,2025,9,38,Monday,718,1094,52,4,2.7350000000000003,4.753199268738574,0.3656307129798903,5.118829981718465,1.5236768802228413,0.0,0.0,2025-09-15 06:33:55
UtuZhXQVeTY,"Flyana Boss, Marky Style - Jingle Dem Bells (Lyric Video)",Flyana Boss,Lyric Video,False,2023-11-22 17:46:42,2025-09-12,2025,9,37,Friday,660,16977,1045,44,42.4425,6.155386699652471,0.25917417682747246,6.4145608764799436,25.722727272727273,0.0,0.0,2025-09-12 08:06:26
UtuZhXQVeTY,"Flyana Boss, Marky Style - Jingle Dem Bells (Lyric Video)",Flyana Boss,Lyric Video,False,2023-11-22 17:46:42,2025-09-14,2025,9,37,Sunday,662,16980,1045,44,42.45,6.154299175500589,0.2591283863368669,6.413427561837456,25.649546827794563,0.017670966601873124,0.01767096660187379,2025-09-14 03:26:36
UzfCQ0jjYc0,BiC Fizzle - On God (feat. Gucci Mane & Cootie) [Official Audio],BiC Fizzle,Official Audio,False,2021-09-01 04:00:18,2025-09-12,2025,9,37,Friday,1472,188922,5264,139,472.305,2.7863351012587203,0.07357533797016758,2.859910439228888,128.34375,0.0,0.0,2025-09-12 18:54:52
UzfCQ0jjYc0,BiC Fizzle - On God (feat. Gucci Mane & Cootie) [Official Audio],BiC Fizzle,Official Audio,False,2021-09-01 04:00:18,2025-09-14,2025,9,37,Sunday,1474,188945,5264,139,472.36249999999995,2.785995924740004,0.07356638175130328,2.8595623064913074,128.18521031207598,0.012174336498660824,0.01217433649864975,2025-09-14 03:25:50
V1Ni_UdEWcE,This tour is saving my life 🫶🏻,Corook,Music Content,False,2025-03-28 23:52:49,2025-09-15,2025,9,38,Monday,171,8403,363,47,21.0075,4.319885755087468,0.5593240509341901,4.879209806021659,49.14035087719298,0.0,0.0,2025-09-15 06:33:34
V2Pr8iXE4Gk,UK friends! I'm coming back in December! Get tickets while you can! can’t wait to meet you all 🐸🤗🐠,Corook,Music Content,False,2023-07-27 20:49:53,2025-09-15,2025,9,38,Monday,781,58566,1544,90,146.41500000000002,2.6363419048594747,0.15367277942833726,2.790014684287812,74.98847631241998,0.0,0.0,2025-09-15 06:34:02
V80WwSkIX0I,The #ESSENCE Festival of Culture was a whole vibe! Pure #BlackJoy,Raiche,Music Content,False,2022-07-15 13:00:30,2025-09-15,2025,9,38,Monday,1158,3300,250,13,8.25,7.575757575757576,0.393939393939394,7.96969696969697,2.849740932642487,0.0,0.0,2025-09-15 06:33:13
VAeS-3Wtrb4,Maybe I’m just an 👽,Corook,Music Content,False,2023-09-07 17:17:41,2025-09-15,2025,9,38,Monday,739,5888,752,52,14.719999999999999,12.771739130434783,0.8831521739130435,13.654891304347826,7.967523680649526,0.0,0.0,2025-09-15 06:34:02
VI4suaeMByk,Ring Around (Audio) Flyana Boss,Flyana Boss,Music Content,False,2020-04-28 17:38:01,2025-09-12,2025,9,37,Friday,1963,23668,769,23,59.17,3.249112726043603,0.0971776237958425,3.346290349839445,12.057055527254203,0.0,0.0,2025-09-12 08:07:01
VI4suaeMByk,Ring Around (Audio) Flyana Boss,Flyana Boss,Music Content,False,2020-04-28 17:38:01,2025-09-14,2025,9,37,Sunday,1965,23679,769,23,59.1975,3.247603361628447,0.0971324802567676,3.3447358418852144,12.050381679389313,0.04647625485888119,0.046476254858874945,2025-09-14 03:27:05
VJw1-CSVJb0,Double trouble! CANDYMAN - Flyanaboss,Flyana Boss,Music Content,False,2024-07-10 17:38:00,2025-09-12,2025,9,37,Friday,429,10331,709,15,25.8275,6.862839996128158,0.14519407608169585,7.0080340722098535,24.081585081585082,0.0,0.0,2025-09-12 08:06:17
VJw1-CSVJb0,Double trouble! CANDYMAN - Flyanaboss,Flyana Boss,Music Content,False,2024-07-10 17:38:00,2025-09-14,2025,9,37,Sunday,431,10345,709,15,25.8625,6.8535524407926545,0.14499758337361043,6.998550024166265,24.00232018561485,0.1355144710095828,0.13551447100958336,2025-09-14 03:26:30
VNQgE3d7jeY,"February 6, 2025",Corook,Music Content,False,2025-02-06 21:53:04,2025-09-15,2025,9,38,Monday,221,7877,259,17,19.6925,3.2880538275993394,0.21581820490034279,3.5038720324996824,35.64253393665158,0.0,0.0,2025-09-15 06:33:41
VOzSs9T_Eeg,Yeaaaaaaaaas just like that #lyrics #flyanaboss,Flyana Boss,Lyric Video,False,2024-03-04 18:01:50,2025-09-12,2025,9,37,Friday,557,42842,3055,50,107.10499999999999,7.130852901358479,0.11670790345922226,7.247560804817701,76.91561938958708,0.0,0.0,2025-09-12 08:06:26
VOzSs9T_Eeg,Yeaaaaaaaaas just like that #lyrics #flyanaboss,Flyana Boss,Lyric Video,False,2024-03-04 18:01:50,2025-09-14,2025,9,37,Sunday,559,42851,3055,50,107.1275,7.129355207579753,0.11668339128608435,7.246038598865837,76.65652951699464,0.021007422622660008,0.02100742262266744,2025-09-14 03:26:36
VPiYgo65FxM,i hope saying it out loud makes it less scary…,Corook,Music Content,False,2023-02-21 01:21:58,2025-09-15,2025,9,38,Monday,937,29955,3145,114,74.88749999999999,10.499081956267736,0.38057085628442666,10.879652812552163,31.969050160085377,0.0,0.0,2025-09-15 06:34:10
VWoTJT-kPw4,Shout out to my little sister for the song inspiration.,Corook,Music Content,False,2025-08-28 17:09:32,2025-09-15,2025,9,38,Monday,18,42863,2019,112,107.1575,4.71035625131232,0.2612976226582367,4.971653873970557,2381.277777777778,0.0,0.0,2025-09-15 06:33:34
VaLpKd9_U3o,Raiche - Hello Darlin (Live In Studio),Raiche,Live Performance,False,2025-05-19 14:51:17,2025-09-15,2025,9,38,Monday,119,16817,118,20,42.042500000000004,0.701670928227389,0.1189272759707439,0.8205982041981329,141.31932773109244,0.0,0.0,2025-09-15 06:33:04
Vjj-hamtX10,DKB’s Harry June on the Candyman dance  #flyanaboss #badalee #kirstendodgen  Credit: @DKBOFFICIAL,Flyana Boss,Music Content,False,2024-06-07 00:16:31,2025-09-12,2025,9,37,Friday,462,31471,2793,46,78.6775,8.874837151663437,0.14616631184264878,9.021003463506085,68.11904761904762,0.0,0.0,2025-09-12 08:06:26
Vjj-hamtX10,DKB’s Harry June on the Candyman dance  #flyanaboss #badalee #kirstendodgen  Credit: @DKBOFFICIAL,Flyana Boss,Music Content,False,2024-06-07 00:16:31,2025-09-14,2025,9,37,Sunday,464,31649,2803,46,79.1225,8.856519953237068,0.14534424468387627,9.001864197920945,68.20905172413794,0.5656000762606844,0.5656000762606939,2025-09-14 03:26:36
VsKmjzDcwv4,HAIRCUT! ✂️,Corook,Music Content,False,2023-09-27 17:35:33,2025-09-15,2025,9,38,Monday,719,3396,190,8,8.49,5.5948174322732624,0.23557126030624262,5.830388692579505,4.723226703755215,0.0,0.0,2025-09-15 06:33:55
W4afJY4ygus,COBRAH - MANIC (Official Music Video),COBRAH,Official Music Video,False,2023-08-11 17:00:06,2025-09-12,2025,9,37,Friday,763,423766,10555,339,1059.415,2.49076141077859,0.07999697946508215,2.570758390243672,555.394495412844,0.0,0.0,2025-09-12 08:05:26
W4afJY4ygus,COBRAH - MANIC (Official Music Video),COBRAH,Official Music Video,False,2023-08-11 17:00:06,2025-09-14,2025,9,37,Sunday,765,424619,10568,339,1061.5475000000001,2.488819388675495,0.07983627675633921,2.568655665431834,555.0575163398693,0.20129033476022143,0.20129033476023692,2025-09-14 03:25:58
W6KxVxS1onI,Ready for the new,COBRAH,Music Content,False,2023-05-31 17:21:39,2025-09-12,2025,9,37,Friday,835,6908,317,16,17.27,4.5888824551244936,0.23161551823972204,4.8204979733642155,8.273053892215568,0.0,0.0,2025-09-12 08:05:26
W6KxVxS1onI,Ready for the new,COBRAH,Music Content,False,2023-05-31 17:21:39,2025-09-14,2025,9,37,Sunday,837,6940,317,16,17.35,4.567723342939481,0.23054755043227668,4.7982708933717575,8.291517323775388,0.4632310364794441,0.46323103647945485,2025-09-14 03:25:58
WBM6PYAeK3g,Money At Out Now!!🐀🧀! #flyanaboss #evanblummadeit #lyrics,Flyana Boss,Lyric Video,False,2024-03-25 16:40:08,2025-09-12,2025,9,37,Friday,536,32026,2468,31,80.06500000000001,7.706238681071629,0.0967963529632174,7.803035034034846,59.75,0.0,0.0,2025-09-12 08:06:26
WBM6PYAeK3g,Money At Out Now!!🐀🧀! #flyanaboss #evanblummadeit #lyrics,Flyana Boss,Lyric Video,False,2024-03-25 16:40:08,2025-09-14,2025,9,37,Sunday,538,32030,2468,31,80.075,7.705276303465501,0.09678426475179519,7.802060568217296,59.53531598513011,0.012489851995253856,0.012489851995242494,2025-09-14 03:26:36
WR_jQtC5YKE,I love making music with my friend @slimdan2694 “foreverish” out now,Corook,Music Content,False,2025-05-30 23:41:41,2025-09-15,2025,9,38,Monday,108,1240,97,23,3.1,7.822580645161291,1.8548387096774193,9.67741935483871,11.481481481481481,0.0,0.0,2025-09-15 06:33:34
W_WNothCoNI,crumbs (episode 4),Corook,Music Content,False,2024-10-25 14:00:28,2025-09-15,2025,9,38,Monday,325,3491,256,19,8.727500000000001,7.333142366084217,0.5442566599828129,7.87739902606703,10.741538461538461,0.0,0.0,2025-09-15 06:33:41
Wac3ngpEaNY,BiC Fizzle - Born Winner [Official Music Video],BiC Fizzle,Official Music Video,False,2025-02-09 17:00:20,2025-09-12,2025,9,37,Friday,215,172492,3696,131,431.22999999999996,2.1427080676205272,0.07594555109802194,2.218653618718549,802.2883720930232,0.0,0.0,2025-09-12 18:54:42
Wac3ngpEaNY,BiC Fizzle - Born Winner [Official Music Video],BiC Fizzle,Official Music Video,False,2025-02-09 17:00:20,2025-09-14,2025,9,37,Sunday,217,172672,3698,131,431.68,2.1416326908821346,0.07586638250555967,2.2174990733876943,795.7235023041475,0.10435266563086983,0.10435266563088039,2025-09-14 03:25:42
WiRwy9sn1q0,"Raiche - New York, New York [Official Video]",Raiche,Official Music Video,False,2022-12-23 20:00:08,2025-09-15,2025,9,38,Monday,997,8599,436,39,21.497500000000002,5.070357018257937,0.4535411094313292,5.523898127689266,8.624874623871614,0.0,0.0,2025-09-15 06:33:04
WqUxQBBPRi4,COBRAH - Record Deal (Official Visualizer),COBRAH,Visualizer,False,2024-10-25 14:55:26,2025-09-12,2025,9,37,Friday,322,533069,11696,354,1332.6725,2.1940874445897247,0.06640791342208982,2.2604953580118146,1655.4937888198758,0.0,0.0,2025-09-12 08:05:26
WqUxQBBPRi4,COBRAH - Record Deal (Official Visualizer),COBRAH,Visualizer,False,2024-10-25 14:55:26,2025-09-14,2025,9,37,Sunday,324,536370,11730,355,1340.925,2.186923205995861,0.06618565542442716,2.253108861420288,1655.462962962963,0.6192444130121991,0.6192444130122033,2025-09-14 03:25:58
X-iMIBo1WUY,BiC Fizzle - Stay With Me [Official Music Video],BiC Fizzle,Official Music Video,False,2024-09-09 22:00:07,2025-09-12,2025,9,37,Friday,368,109310,3160,102,273.275,2.890860854450645,0.09331259720062209,2.984173451651267,297.0380434782609,0.0,0.0,2025-09-12 18:54:42
X-iMIBo1WUY,BiC Fizzle - Stay With Me [Official Music Video],BiC Fizzle,Official Music Video,False,2024-09-09 22:00:07,2025-09-14,2025,9,37,Sunday,370,109390,3160,102,273.475,2.888746686168754,0.0932443550598775,2.9819910412286315,295.64864864864865,0.07318635074558595,0.07318635074560259,2025-09-14 03:25:42
X063GtX5veQ,"January 4, 2023",Flyana Boss,Music Content,False,2023-01-04 19:25:52,2025-09-12,2025,9,37,Friday,982,58976,3140,50,147.44,5.324199674443841,0.0847802495930548,5.408979924036896,60.057026476578415,0.0,0.0,2025-09-12 08:07:01
X063GtX5veQ,"January 4, 2023",Flyana Boss,Music Content,False,2023-01-04 19:25:52,2025-09-14,2025,9,37,Sunday,984,58980,3140,50,147.45,5.323838589352323,0.084774499830451,5.408613089182774,59.9390243902439,0.006782419967444385,0.006782419967438215,2025-09-14 03:27:05
X1fz5MGECic,Flyana Boss - Big One (Lyric Video),Flyana Boss,Lyric Video,False,2023-09-29 04:00:40,2025-09-12,2025,9,37,Friday,714,274910,7082,162,687.2750000000001,2.5761158197228182,0.05892837655960133,2.6350441962824194,385.0280112044818,0.0,0.0,2025-09-12 08:06:36
X1fz5MGECic,Flyana Boss - Big One (Lyric Video),Flyana Boss,Lyric Video,False,2023-09-29 04:00:40,2025-09-14,2025,9,37,Sunday,716,275051,7083,162,687.6274999999999,2.575158788733726,0.0588981679761208,2.6340569567098466,384.1494413407821,0.051289512931504855,0.05128951293148302,2025-09-14 03:26:45
X2InOorHFNw,🐸,Corook,Music Content,False,2025-01-06 13:55:18,2025-09-15,2025,9,38,Monday,252,3817,328,13,9.5425,8.593135970657585,0.34058160859313596,8.93371757925072,15.146825396825397,0.0,0.0,2025-09-15 06:33:41
X5d20dE3dXs,Flyana boss - Candyman,Flyana Boss,Music Content,False,2024-07-10 17:33:40,2025-09-12,2025,9,37,Friday,429,23250,2274,28,58.125,9.780645161290323,0.12043010752688173,9.901075268817205,54.19580419580419,0.0,0.0,2025-09-12 08:06:17
X5d20dE3dXs,Flyana boss - Candyman,Flyana Boss,Music Content,False,2024-07-10 17:33:40,2025-09-14,2025,9,37,Sunday,431,23279,2275,28,58.1975,9.772756561707977,0.1202800807594828,9.89303664246746,54.011600928074245,0.12473118279569893,0.1247311827956955,2025-09-14 03:26:30
XAYLco1DIM8,Candyman Dance #flyanaboss #badalee #kirstendodgen #candyman Credit: @pjosephp,Flyana Boss,Music Content,False,2024-06-12 01:35:01,2025-09-12,2025,9,37,Friday,457,5310,420,4,13.274999999999999,7.909604519774012,0.07532956685499058,7.984934086629003,11.61925601750547,0.0,0.0,2025-09-12 08:06:17
XAYLco1DIM8,Candyman Dance #flyanaboss #badalee #kirstendodgen #candyman Credit: @pjosephp,Flyana Boss,Music Content,False,2024-06-12 01:35:01,2025-09-14,2025,9,37,Sunday,459,5316,420,4,13.29,7.900677200902935,0.07524454477050413,7.975921745673439,11.581699346405228,0.11299435028248588,0.11299435028249018,2025-09-14 03:26:30
XIiaEg3OZjo,My  first “date” with @oliviabartonhaha  was incredibly awkward 🤷🐸💚,Corook,Music Content,False,2024-08-26 17:55:55,2025-09-15,2025,9,38,Monday,385,2466,271,8,6.165000000000001,10.989456609894566,0.32441200324412006,11.313868613138686,6.405194805194805,0.0,0.0,2025-09-15 06:33:48
XJOkYzG3IuU,my sugar plum - CANDYMAN DANCE #candyman,Flyana Boss,Music Content,False,2024-08-05 21:55:47,2025-09-12,2025,9,37,Friday,403,5313,275,1,13.282499999999999,5.175983436853002,0.018821757952192736,5.194805194805195,13.183622828784118,0.0,0.0,2025-09-12 08:06:17
XJOkYzG3IuU,my sugar plum - CANDYMAN DANCE #candyman,Flyana Boss,Music Content,False,2024-08-05 21:55:47,2025-09-14,2025,9,37,Sunday,405,5325,276,1,13.3125,5.183098591549296,0.018779342723004695,5.201877934272301,13.148148148148149,0.2258610954263128,0.22586109542632138,2025-09-14 03:26:30
XLDoklBI9E0,"Natalie, this one’s for you. Happy pride y’all 🏳️‍🌈",Corook,Music Content,False,2023-06-05 20:27:28,2025-09-15,2025,9,38,Monday,833,32224,1986,79,80.55999999999999,6.163108242303872,0.2451588877855015,6.408267130089373,38.68427370948379,0.0,0.0,2025-09-15 06:34:10
XOUk8cqmP14,I’m leaving for tour today! Long journey ahead!,Corook,Music Content,False,2023-11-13 06:56:35,2025-09-15,2025,9,38,Monday,672,3154,140,12,7.885,4.438807863031072,0.3804692454026633,4.819277108433735,4.693452380952381,0.0,0.0,2025-09-15 06:33:55
XaUs2rf18PM,Get rid of that man!! I have a single coming out soon called making room !,Raiche,Music Content,False,2024-06-17 19:00:18,2025-09-15,2025,9,38,Monday,455,1359,70,4,3.3975,5.15084621044886,0.29433406916850624,5.445180279617366,2.986813186813187,0.0,0.0,2025-09-15 06:33:04
XceA8E5Sgiw,BiC Fizzle - Outro [Official Audio],BiC Fizzle,Official Audio,False,2023-01-27 05:00:16,2025-09-12,2025,9,37,Friday,959,7349,67,3,18.372500000000002,0.9116886651245067,0.04082188052796299,0.9525105456524697,7.663190823774765,0.0,0.0,2025-09-12 18:54:42
XceA8E5Sgiw,BiC Fizzle - Outro [Official Audio],BiC Fizzle,Official Audio,False,2023-01-27 05:00:16,2025-09-14,2025,9,37,Sunday,961,7350,67,3,18.375,0.91156462585034,0.04081632653061225,0.9523809523809523,7.648283038501561,0.013607293509320996,0.013607293509308619,2025-09-14 03:25:42
Xfo37sh-hOY,Never thought I’d write a love song called “Death” but here we are 💚,Corook,Music Content,False,2025-02-13 01:25:43,2025-09-15,2025,9,38,Monday,214,5297,442,24,13.2425,8.344345856144987,0.4530866528223523,8.797432508967338,24.752336448598133,0.0,0.0,2025-09-15 06:33:41
XmXG4sa4oMk,Raiche - Late Show [Official Music Video],Raiche,Official Music Video,False,2023-10-10 19:00:24,2025-09-15,2025,9,38,Monday,706,9924,423,36,24.81,4.262394195888755,0.36275695284159615,4.6251511487303505,14.056657223796034,0.0,0.0,2025-09-15 06:33:04
XnFVmIUlEMI,is this marketing?!? are u entertained?!? ballerina is out friday!!!! 🩰🩰,Corook,Music Content,False,2024-09-25 23:40:17,2025-09-15,2025,9,38,Monday,355,6651,500,17,16.627499999999998,7.517666516313335,0.25560066155465344,7.7732671778679885,18.735211267605635,0.0,0.0,2025-09-15 06:33:48
XnLBynZNTR0,i call this one the cha cha slide 2 #newmusic,Corook,Music Content,False,2022-06-02 19:30:30,2025-09-15,2025,9,38,Monday,1201,37099,2002,106,92.74749999999999,5.396371869861722,0.2857219871155557,5.682093856977278,30.89009159034138,0.0,0.0,2025-09-15 06:34:25
Xw4ieUkN9Vg,My serious person part 2 ep comes out on Friday! 🐸,Corook,Music Content,False,2023-09-21 21:37:57,2025-09-15,2025,9,38,Monday,725,2089,205,7,5.2225,9.813307802776448,0.3350885591191958,10.148396361895644,2.8813793103448275,0.0,0.0,2025-09-15 06:34:02
Xw6z3CDOgfw,A little BTS of how our book came together!! we can’t wait for you guys to see it!!,Corook,Music Content,False,2023-11-10 20:27:17,2025-09-15,2025,9,38,Monday,675,702,45,7,1.755,6.41025641025641,0.9971509971509971,7.4074074074074066,1.04,0.0,0.0,2025-09-15 06:33:55
XwD9kHrZJNo,my gf has my back 💁🏼,Corook,Music Content,False,2023-08-31 19:50:53,2025-09-15,2025,9,38,Monday,746,3939,310,6,9.8475,7.87001777100787,0.15232292460015232,8.022340695608023,5.2801608579088475,0.0,0.0,2025-09-15 06:34:02
XxIuSr7ZkDQ,BiC Fizzle - Reminded Myself (feat. KATO2X) [Official Music Video],BiC Fizzle,Official Music Video,False,2023-02-02 23:00:18,2025-09-12,2025,9,37,Friday,953,291222,6159,123,728.055,2.114881430661145,0.042235820096009236,2.157117250757154,305.58447009443864,0.0,0.0,2025-09-12 18:54:42
XxIuSr7ZkDQ,BiC Fizzle - Reminded Myself (feat. KATO2X) [Official Music Video],BiC Fizzle,Official Music Video,False,2023-02-02 23:00:18,2025-09-14,2025,9,37,Sunday,955,291374,6162,123,728.4350000000001,2.1148077728280494,0.04221378709150439,2.1570215599195537,305.10366492146596,0.05219385898043417,0.05219385898044916,2025-09-14 03:25:42
XyHv5tOl3U0,You Wish 🕺#flyanaboss #youwish #dance Credit: @_purple_lee,Flyana Boss,Music Content,False,2024-06-14 22:42:03,2025-09-12,2025,9,37,Friday,455,19795,897,18,49.487500000000004,4.5314473351856535,0.09093205354887599,4.6223793887345295,43.505494505494504,0.0,0.0,2025-09-12 08:06:17
XyHv5tOl3U0,You Wish 🕺#flyanaboss #youwish #dance Credit: @_purple_lee,Flyana Boss,Music Content,False,2024-06-14 22:42:03,2025-09-14,2025,9,37,Sunday,457,19807,898,18,49.5175,4.53375069419902,0.0908769626899581,4.624627656888978,43.34135667396061,0.060621369032583985,0.06062136903257192,2025-09-14 03:26:30
Y2SVpx6Y2fc,WATCH OUT BOOTLICKERS IM COMING FOR UR FYP 💅🐸✨,Corook,Music Content,False,2025-01-26 22:50:05,2025-09-15,2025,9,38,Monday,232,4272,317,34,10.68,7.420411985018727,0.7958801498127341,8.21629213483146,18.413793103448278,0.0,0.0,2025-09-15 06:33:41
Y4IZq0SvUP4,You Wish x @MTV Live: #WomenInRap,Flyana Boss,Live Performance,False,2023-11-09 23:18:09,2025-09-12,2025,9,37,Friday,673,48476,5267,72,121.19,10.865170393596832,0.14852710619688092,11.013697499793713,72.0297176820208,0.0,0.0,2025-09-12 08:06:26
Y4IZq0SvUP4,You Wish x @MTV Live: #WomenInRap,Flyana Boss,Live Performance,False,2023-11-09 23:18:09,2025-09-14,2025,9,37,Sunday,675,48479,5266,72,121.19749999999999,10.862435281255802,0.14851791497349368,11.010953196229297,71.82074074074075,0.0061886294248700395,0.006188629424864411,2025-09-14 03:26:36
Y4vXInvK_Wc,Playing my whole album a couple days early on Wednesday 👀👀,Corook,Music Content,False,2025-02-21 19:35:43,2025-09-15,2025,9,38,Monday,206,6092,164,11,15.229999999999999,2.6920551543007223,0.18056467498358503,2.8726198292843073,29.57281553398058,0.0,0.0,2025-09-15 06:33:41
Y8C6_zFL_5Y,it’s been the friggin craziest week of my life in the best way 💚🐠 I love y’all.,Corook,Music Content,False,2023-04-27 20:52:03,2025-09-15,2025,9,38,Monday,872,307491,20831,987,768.7275,6.774507221349568,0.32098500443915434,7.095492225788722,352.6272935779817,0.0,0.0,2025-09-15 06:34:10
Y9dvapAWTMA,"Raiche ""Holiday Song""",Raiche,Music Content,False,2017-02-10 09:15:20,2025-09-15,2025,9,38,Monday,3139,996,33,4,2.49,3.313253012048193,0.4016064257028112,3.7148594377510045,0.31729850270786875,0.0,0.0,2025-09-15 06:33:22
YBu0nLFw9FY,what I look forward to the most next year: COMMITTED TO A BIT TOUR!,Corook,Music Content,False,2024-11-18 18:34:03,2025-09-15,2025,9,38,Monday,301,3071,220,18,7.6775,7.163790296320418,0.5861282969716705,7.749918593292088,10.20265780730897,0.0,0.0,2025-09-15 06:33:41
YDRSKyxMj30,Jack and the beanstalk bars #hiphop #besties,Flyana Boss,Music Content,False,2023-03-31 18:28:09,2025-09-12,2025,9,37,Friday,896,196880,18315,181,492.2,9.302620885818772,0.09193417310036571,9.394555058919138,219.73214285714286,0.0,0.0,2025-09-12 08:06:50
YDRSKyxMj30,Jack and the beanstalk bars #hiphop #besties,Flyana Boss,Music Content,False,2023-03-31 18:28:09,2025-09-14,2025,9,37,Sunday,898,196881,18314,181,492.2025,9.302065714822659,0.0919337061473682,9.393999420970028,219.24387527839644,0.0005079236082893132,0.0005079236082888513,2025-09-14 03:26:56
YQcFMtmZN0g,I’ve been wanting to get my Monroe pierced for a solid year & I finally did it😍 also new music otw!,Raiche,Music Content,False,2024-06-13 19:00:18,2025-09-15,2025,9,38,Monday,459,13845,468,11,34.612500000000004,3.3802816901408446,0.07945106536655833,3.459732755507403,30.163398692810457,0.0,0.0,2025-09-15 06:33:04
YSAbNpFarg8,"March 26, 2025",Corook,Music Content,False,2025-03-26 18:04:18,2025-09-15,2025,9,38,Monday,173,5656,145,22,14.139999999999999,2.5636492220650635,0.38896746817538896,2.9526166902404523,32.69364161849711,0.0,0.0,2025-09-15 06:33:34
YSJABarXF2Q,COBRAH - SUCK (Trailer),COBRAH,Music Content,False,2023-06-14 17:00:32,2025-09-12,2025,9,37,Friday,821,20481,549,48,51.2025,2.6805331770909624,0.2343635564669694,2.914896733557932,24.94640682095006,0.0,0.0,2025-09-12 08:05:26
YSJABarXF2Q,COBRAH - SUCK (Trailer),COBRAH,Music Content,False,2023-06-14 17:00:32,2025-09-14,2025,9,37,Sunday,823,20590,549,48,51.475,2.6663428848955806,0.23312287518212726,2.8994657600777076,25.018226002430133,0.5322005761437429,0.5322005761437446,2025-09-14 03:25:58
YWAmqLNcRLo,Have you been called a C*NT?!? you may be entitled to compensation!,Flyana Boss,Music Content,False,2025-06-23 19:03:38,2025-09-12,2025,9,37,Friday,81,6571,477,10,16.4275,7.259169076244103,0.1521838380763963,7.411352914320499,81.12345679012346,0.0,0.0,2025-09-12 08:06:09
YWAmqLNcRLo,Have you been called a C*NT?!? you may be entitled to compensation!,Flyana Boss,Music Content,False,2025-06-23 19:03:38,2025-09-14,2025,9,37,Sunday,83,6663,477,10,16.6575,7.158937415578569,0.15008254539996999,7.309019960978539,80.27710843373494,1.4000913103028458,1.4000913103028485,2025-09-14 03:26:22
Y_UsTB_Uxug,BiC Fizzle - Last Nite [Official Music Video],BiC Fizzle,Official Music Video,False,2024-07-17 22:00:14,2025-09-12,2025,9,37,Friday,422,467455,8728,187,1168.6375,1.8671315955546524,0.04000385063802933,1.9071354461926817,1107.7132701421801,0.0,0.0,2025-09-12 18:54:42
Y_UsTB_Uxug,BiC Fizzle - Last Nite [Official Music Video],BiC Fizzle,Official Music Video,False,2024-07-17 22:00:14,2025-09-14,2025,9,37,Sunday,424,468211,8735,187,1170.5275000000001,1.8656118715707235,0.03993925815497714,1.9055511297257006,1104.2712264150944,0.16172679723181912,0.16172679723182765,2025-09-14 03:25:42
YcTRxselMMw,Tomorrow is my last show of 2023 in DUBLIN!,Corook,Music Content,False,2023-12-08 20:58:15,2025-09-15,2025,9,38,Monday,647,3064,188,10,7.66,6.135770234986945,0.3263707571801566,6.462140992167102,4.7357032457496135,0.0,0.0,2025-09-15 06:33:55
Yejow_ylKJI,9/26*** 💫✨💫 #flyanaboss #evanblummadeit,Flyana Boss,Music Content,False,2023-09-22 21:52:16,2025-09-12,2025,9,37,Friday,721,91114,11405,96,227.78500000000003,12.517286037271989,0.10536251289593257,12.622648550167922,126.37170596393898,0.0,0.0,2025-09-12 08:06:36
Yejow_ylKJI,9/26*** 💫✨💫 #flyanaboss #evanblummadeit,Flyana Boss,Music Content,False,2023-09-22 21:52:16,2025-09-14,2025,9,37,Sunday,723,91117,11403,96,227.79250000000002,12.514678929288717,0.1053590438666769,12.620037973155394,126.02627939142462,0.003292578527997893,0.003292578527994898,2025-09-14 03:26:45
YfL_h6U1WLM,MAMAS GOT A BRAND NU BAG 💁🏽‍♀️💁🏾‍♀️🌸🫶🏾 #boffum #hiphop #besties,Flyana Boss,Music Content,False,2023-03-05 22:18:17,2025-09-12,2025,9,37,Friday,922,267066,25924,230,667.665,9.70696382167704,0.08612103375195644,9.793084855428996,289.6594360086768,0.0,0.0,2025-09-12 08:06:50
YfL_h6U1WLM,MAMAS GOT A BRAND NU BAG 💁🏽‍♀️💁🏾‍♀️🌸🫶🏾 #boffum #hiphop #besties,Flyana Boss,Music Content,False,2023-03-05 22:18:17,2025-09-14,2025,9,37,Sunday,924,267068,25922,230,667.67,9.706142255904863,0.08612038881483368,9.792262644719697,289.034632034632,0.0007488785543648387,0.0007488785543641576,2025-09-14 03:26:56
YigsQQR-wdI,Here’s a very serious preview of all the songs on my EP which is OUT NOW!! Go listen to it! 🐸🐠❤️,Corook,Music Content,False,2023-06-02 19:46:32,2025-09-15,2025,9,38,Monday,836,31531,1157,55,78.8275,3.6694047128223017,0.1744315118454854,3.843836224667787,37.71650717703349,0.0,0.0,2025-09-15 06:34:10
Yis7gQDATt8,“TURNT SHIT” OUT NOW 🥶🥶 #TurntShit #1Klan #BicFizzle #fyp #1017,BiC Fizzle,Music Content,False,2022-07-06 15:00:19,2025-09-12,2025,9,37,Friday,1164,10713,521,12,26.7825,4.86325025669747,0.11201344161299356,4.975263698310464,9.20360824742268,0.0,0.0,2025-09-12 18:54:52
Yis7gQDATt8,“TURNT SHIT” OUT NOW 🥶🥶 #TurntShit #1Klan #BicFizzle #fyp #1017,BiC Fizzle,Music Content,False,2022-07-06 15:00:19,2025-09-14,2025,9,37,Sunday,1166,10718,521,12,26.795,4.86098152640418,0.11196118678857997,4.97294271319276,9.192109777015437,0.04667226733874732,0.04667226733875793,2025-09-14 03:25:50
YkGm8U6uyTk,It’s not 🦆ing funny!!!,Corook,Music Content,False,2025-03-16 15:15:53,2025-09-15,2025,9,38,Monday,183,3535,115,46,8.8375,3.253182461103253,1.3012729844413014,4.554455445544555,19.316939890710383,0.0,0.0,2025-09-15 06:33:34
YqjGNV9LfUc,yous my lil sweetheart #flyanaboss,Flyana Boss,Music Content,False,2024-08-05 21:35:47,2025-09-12,2025,9,37,Friday,403,9737,815,15,24.3425,8.370134538358839,0.1540515559207148,8.524186094279553,24.161290322580644,0.0,0.0,2025-09-12 08:06:17
YqjGNV9LfUc,yous my lil sweetheart #flyanaboss,Flyana Boss,Music Content,False,2024-08-05 21:35:47,2025-09-14,2025,9,37,Sunday,405,9748,815,15,24.369999999999997,8.360689372178909,0.15387771850636028,8.514567090685269,24.069135802469138,0.11297114100852418,0.11297114100850901,2025-09-14 03:26:30
YtvC06AgrlU,COBRAH - SUCK (Official Music Video),COBRAH,Official Music Video,False,2023-06-16 17:00:06,2025-09-12,2025,9,37,Friday,819,10477286,43883,1228,26193.215,0.4188393826416497,0.01172059252749233,0.430559975169142,12792.778998778998,0.0,0.0,2025-09-12 08:05:26
YtvC06AgrlU,COBRAH - SUCK (Official Music Video),COBRAH,Official Music Video,False,2023-06-16 17:00:06,2025-09-14,2025,9,37,Sunday,821,10563064,44101,1234,26407.66,0.4175019672322349,0.011682216447803402,0.42918418368003836,12866.095006090134,0.8187043858495415,0.8187043858495404,2025-09-14 03:25:58
YwxSOMtpqH4,How many licks does it take to get to the…..,Flyana Boss,Music Content,False,2025-08-07 19:14:11,2025-09-12,2025,9,37,Friday,36,11548,1424,24,28.87,12.331139591271215,0.20782819535850364,12.53896778662972,320.77777777777777,0.0,0.0,2025-09-12 08:06:09
YwxSOMtpqH4,How many licks does it take to get to the…..,Flyana Boss,Music Content,False,2025-08-07 19:14:11,2025-09-14,2025,9,37,Sunday,38,11839,1446,24,29.5975,12.213869414646506,0.2027198243094856,12.416589238955991,311.55263157894734,2.5199168687218565,2.519916868721854,2025-09-14 03:26:22
YyGN9rBmbos,GUESS WHOOOO #flyanaboss,Flyana Boss,Music Content,False,2023-09-05 01:13:48,2025-09-12,2025,9,37,Friday,738,49655,2747,67,124.1375,5.532171986708287,0.13493102406605578,5.667103010774342,67.28319783197831,0.0,0.0,2025-09-12 08:06:36
YyGN9rBmbos,GUESS WHOOOO #flyanaboss,Flyana Boss,Music Content,False,2023-09-05 01:13:48,2025-09-14,2025,9,37,Sunday,740,49660,2746,67,124.14999999999999,5.529601288763592,0.13491743858236005,5.6645187273459525,67.10810810810811,0.010069479407914611,0.010069479407905453,2025-09-14 03:26:45
Z2wOkD1JCCg,Let’s try it and rate it 1-10 #hiphop #boffum #besties,Flyana Boss,Music Content,False,2023-03-12 21:08:00,2025-09-12,2025,9,37,Friday,915,62572,4977,106,156.43,7.954036949434251,0.16940484561784824,8.123441795052099,68.38469945355192,0.0,0.0,2025-09-12 08:06:50
Z2wOkD1JCCg,Let’s try it and rate it 1-10 #hiphop #boffum #besties,Flyana Boss,Music Content,False,2023-03-12 21:08:00,2025-09-14,2025,9,37,Sunday,917,62574,4977,106,156.435,7.9537827212580305,0.16939943107360883,8.123182152331639,68.23773173391494,0.0031963178418461928,0.003196317841843286,2025-09-14 03:26:56
Z7aG_ZGG76w,BiC Fizzle - I See You [Official Audio],BiC Fizzle,Official Audio,False,2023-01-27 05:00:23,2025-09-12,2025,9,37,Friday,959,49583,1203,23,123.9575,2.426234798217131,0.04638686646632918,2.4726216646834605,51.70281543274244,0.0,0.0,2025-09-12 18:54:42
Z7aG_ZGG76w,BiC Fizzle - I See You [Official Audio],BiC Fizzle,Official Audio,False,2023-01-27 05:00:23,2025-09-14,2025,9,37,Sunday,961,49622,1203,23,124.055,2.4243279190681553,0.04635040909274112,2.470678328160896,51.63579604578564,0.07865599096464514,0.07865599096465385,2025-09-14 03:25:42
Z9b5lahwVCc,ballerina (episode 3),Corook,Music Content,False,2024-09-20 14:00:24,2025-09-15,2025,9,38,Monday,360,3091,364,34,7.727500000000001,11.776124231640246,1.0999676480103526,12.876091879650598,8.58611111111111,0.0,0.0,2025-09-15 06:33:48
ZCCvaMtDL5c,Flyana Boss - Buddha (Official Audio),Flyana Boss,Official Audio,False,2022-10-14 04:04:46,2025-09-12,2025,9,37,Friday,1064,42994,1293,49,107.485,3.007396380890357,0.11396939107782482,3.1213657719681818,40.4078947368421,0.0,0.0,2025-09-12 08:07:01
ZCCvaMtDL5c,Flyana Boss - Buddha (Official Audio),Flyana Boss,Official Audio,False,2022-10-14 04:04:46,2025-09-14,2025,9,37,Sunday,1066,43025,1292,49,107.5625,3.002905287623475,0.11388727484020918,3.1167925624636843,40.36116322701689,0.07210308415127692,0.07210308415127745,2025-09-14 03:27:05
ZD3utHS14K0,corook - haircut (audio),Corook,Music Content,False,2023-09-22 04:00:30,2025-09-15,2025,9,38,Monday,724,5789,188,21,14.4725,3.247538434962861,0.36275695284159615,3.610295387804457,7.995856353591161,0.0,0.0,2025-09-15 06:33:55
ZEbhhfn7zew,Raiche - Pick A Side [In Studio Performance],Raiche,Music Content,False,2021-02-16 17:52:42,2025-09-15,2025,9,38,Monday,1672,499245,3725,371,1248.1125,0.7461266512433775,0.0743122114392733,0.8204388626826509,298.5915071770335,0.0,0.0,2025-09-15 06:33:13
ZGpsYmNfkd8,Jenny By Flyana Boss JLO and HAYDEN lyric video!,Flyana Boss,Lyric Video,False,2020-10-22 16:39:32,2025-09-12,2025,9,37,Friday,1786,6895,267,3,17.237499999999997,3.8723712835387962,0.0435097897026831,3.9158810732414793,3.860582306830907,0.0,0.0,2025-09-12 08:07:01
ZGpsYmNfkd8,Jenny By Flyana Boss JLO and HAYDEN lyric video!,Flyana Boss,Lyric Video,False,2020-10-22 16:39:32,2025-09-14,2025,9,37,Sunday,1788,6896,267,3,17.24,3.8718097447795823,0.04350348027842227,3.9153132250580045,3.8568232662192394,0.0145032632342277,0.014503263234235123,2025-09-14 03:27:05
ZIZ77h4K_4g,Can’t wait to play shows for you guys again. First one up is October 6th in Denver with @SammyRae,Corook,Music Content,False,2024-09-25 23:48:13,2025-09-15,2025,9,38,Monday,355,1673,96,6,4.1825,5.738194859533772,0.35863717872086076,6.096832038254633,4.7126760563380286,0.0,0.0,2025-09-15 06:33:48
ZL3l8-E39uI,Candyman Dance #flyanaboss #badalee #kirstendodgen #candymandance Credit: @lizzyforeal,Flyana Boss,Music Content,False,2024-06-17 22:34:05,2025-09-12,2025,9,37,Friday,452,10938,961,18,27.345000000000002,8.785884073870909,0.16456390565002743,8.950447979520936,24.199115044247787,0.0,0.0,2025-09-12 08:06:17
ZL3l8-E39uI,Candyman Dance #flyanaboss #badalee #kirstendodgen #candymandance Credit: @lizzyforeal,Flyana Boss,Music Content,False,2024-06-17 22:34:05,2025-09-14,2025,9,37,Sunday,454,10951,961,18,27.3775,8.775454296411286,0.16436855081727697,8.939822847228564,24.121145374449338,0.11885170963613091,0.11885170963612675,2025-09-14 03:26:30
ZRQbfKSxewo,2 more weeks of shows! Who will I be seeing? 🧡,Corook,Music Content,False,2023-10-02 17:18:16,2025-09-15,2025,9,38,Monday,714,2104,178,9,5.26,8.460076045627376,0.42775665399239543,8.887832699619771,2.946778711484594,0.0,0.0,2025-09-15 06:33:55
ZUVdMn7Juho,Olivia and I made a book and it’s out in ONE WEEK CAN YOU BELIEVE IT!!?,Corook,Music Content,False,2023-11-28 18:09:25,2025-09-15,2025,9,38,Monday,657,4116,262,14,10.29,6.365403304178814,0.3401360544217687,6.705539358600583,6.264840182648402,0.0,0.0,2025-09-15 06:33:55
ZbyqmBClDlE,Raiche - Thinking Of You [Official Audio],Raiche,Official Audio,False,2024-08-23 04:00:31,2025-09-15,2025,9,38,Monday,388,8153,316,30,20.3825,3.8758739114436405,0.367962713111738,4.243836624555378,21.012886597938145,0.0,0.0,2025-09-15 06:33:04
ZiwyARtPZYQ,It’s too hot for all that attitude,Raiche,Music Content,False,2024-06-11 01:09:51,2025-09-15,2025,9,38,Monday,461,988,79,4,2.4699999999999998,7.995951417004049,0.4048582995951417,8.400809716599191,2.1431670281995663,0.0,0.0,2025-09-15 06:33:04
ZjWYjpxR9Qo,Candyman dance,Flyana Boss,Music Content,False,2024-07-10 17:30:42,2025-09-12,2025,9,37,Friday,429,1439,180,0,3.5975,12.508686587908269,0.0,12.508686587908269,3.3543123543123543,0.0,0.0,2025-09-12 08:06:17
ZjWYjpxR9Qo,Candyman dance,Flyana Boss,Music Content,False,2024-07-10 17:30:42,2025-09-14,2025,9,37,Sunday,431,1447,180,0,3.6175,12.43953006219765,0.0,12.43953006219765,3.3573085846867747,0.5559416261292565,0.5559416261292569,2025-09-14 03:26:30
ZnDC3zFI3W4,"Can somebody put their hands up?!🙌🏻  ballerina is out, have u heard? 👀",Corook,Music Content,False,2024-09-27 00:58:04,2025-09-15,2025,9,38,Monday,353,5525,999,34,13.8125,18.081447963800905,0.6153846153846154,18.69683257918552,15.65155807365439,0.0,0.0,2025-09-15 06:33:41
Zp-QlJ5Lezg,Raiche - Loveland [Official Audio],Raiche,Official Audio,False,2023-12-01 05:00:32,2025-09-15,2025,9,38,Monday,654,14589,384,38,36.472500000000004,2.6321200904791278,0.26047021728699704,2.892590307766125,22.307339449541285,0.0,0.0,2025-09-15 06:33:04
Zv8TOw1i-qs,Raiche -  Suga [Official Audio],Raiche,Official Audio,False,2025-05-12 16:01:40,2025-09-15,2025,9,38,Monday,126,1548,95,9,3.87,6.136950904392765,0.5813953488372093,6.718346253229974,12.285714285714286,0.0,0.0,2025-09-15 06:33:04
_2XdanNU62w,Ice Spice on the brain! #icespice #femalerapper,Flyana Boss,Music Content,False,2023-03-24 18:10:49,2025-09-12,2025,9,37,Friday,903,29440,1804,20,73.60000000000001,6.127717391304348,0.06793478260869565,6.195652173913043,32.602436323366554,0.0,0.0,2025-09-12 08:06:50
_2XdanNU62w,Ice Spice on the brain! #icespice #femalerapper,Flyana Boss,Music Content,False,2023-03-24 18:10:49,2025-09-14,2025,9,37,Sunday,905,29442,1804,20,73.605,6.127301134433802,0.06793016778751444,6.195231302221316,32.53259668508287,0.006793478260869565,0.006793478260863385,2025-09-14 03:26:56
_9diu65NJMU,#BiCFizzle #GucciMane #BlowTheDeposit  OUT NOW!! #1017 #1K4L,BiC Fizzle,Music Content,False,2022-07-13 15:00:30,2025-09-12,2025,9,37,Friday,1157,32097,1157,19,80.2425,3.6046982584042127,0.05919556344829734,3.66389382185251,27.741573033707866,0.0,0.0,2025-09-12 18:54:52
_9diu65NJMU,#BiCFizzle #GucciMane #BlowTheDeposit  OUT NOW!! #1017 #1K4L,BiC Fizzle,Music Content,False,2022-07-13 15:00:30,2025-09-14,2025,9,37,Sunday,1159,32102,1157,19,80.255,3.6041368139056758,0.059186343529998124,3.663323157435674,27.698015530629853,0.015577779854815092,0.015577779854800923,2025-09-14 03:25:50
_C_2ArsSlGM,guys this is my 1st tour doing VIP meet & greets. thank you for being here…can’t wait to meet y’all,Corook,Music Content,False,2025-03-03 20:24:33,2025-09-15,2025,9,38,Monday,196,1969,107,11,4.9225,5.434230573895378,0.5586592178770949,5.992889791772472,10.045918367346939,0.0,0.0,2025-09-15 06:33:34
_LpFJX4wPl4,september - re6ce (official visualiser),re6ce,Visualizer,False,2022-06-15 23:00:11,2025-09-14,2025,9,37,Sunday,1187,106246,1905,117,265.615,1.7930086779737593,0.11012179282043559,1.903130470794195,89.50800336983993,0.0,0.0,2025-09-14 03:38:54
_ShOEeFD54A,Found a little gum drop!! 🍬🤭 #flyanaboss #candyman #nickcannon,Flyana Boss,Music Content,False,2024-01-31 17:53:12,2025-09-12,2025,9,37,Friday,590,43943,3561,69,109.85749999999999,8.10367976697085,0.15702159615866007,8.26070136312951,74.47966101694915,0.0,0.0,2025-09-12 08:06:26
_ShOEeFD54A,Found a little gum drop!! 🍬🤭 #flyanaboss #candyman #nickcannon,Flyana Boss,Music Content,False,2024-01-31 17:53:12,2025-09-14,2025,9,37,Sunday,592,43959,3563,69,109.89750000000001,8.105279919925385,0.1569644441411315,8.262244364066516,74.25506756756756,0.03641080490635596,0.03641080490637459,2025-09-14 03:26:36
_UIcVnJLOvI,verse 1 of pepto bismol 🤷🩷,Corook,Music Content,False,2024-12-19 00:55:04,2025-09-15,2025,9,38,Monday,270,4759,483,30,11.8975,10.149191006513973,0.6303845345660853,10.779575541080058,17.625925925925927,0.0,0.0,2025-09-15 06:33:41
__otVttRX_o,BiC Fizzle - All The Way Up [Official Music Video],BiC Fizzle,Official Music Video,False,2023-07-27 04:00:12,2025-09-12,2025,9,37,Friday,778,206646,5627,101,516.615,2.7230142369075616,0.04887585532746823,2.77189009223503,265.61182519280203,0.0,0.0,2025-09-12 18:54:42
__otVttRX_o,BiC Fizzle - All The Way Up [Official Music Video],BiC Fizzle,Official Music Video,False,2023-07-27 04:00:12,2025-09-14,2025,9,37,Sunday,780,206896,5631,101,517.24,2.7216572577526876,0.048816796844791586,2.770474054597479,265.25128205128203,0.12097983991947582,0.12097983991947582,2025-09-14 03:25:42
_bjxX98J0YE,send this to your #crush,Corook,Music Content,False,2022-08-04 20:26:37,2025-09-15,2025,9,38,Monday,1138,22297,2297,74,55.7425,10.301834327488004,0.33188321298829443,10.6337175404763,19.593145869947275,0.0,0.0,2025-09-15 06:34:25
_jyzxucyxbY,Wikipedia says I’m so lucky 🍀,Corook,Music Content,False,2023-12-24 02:00:18,2025-09-15,2025,9,38,Monday,631,8418,678,27,21.044999999999998,8.05416963649323,0.3207412687099074,8.374910905203137,13.340729001584785,0.0,0.0,2025-09-15 06:33:48
_mzBBQ9YBm4,me n all my blue haired baristas 💁🏼💙,Corook,Music Content,False,2025-03-10 18:43:49,2025-09-15,2025,9,38,Monday,189,4442,234,27,11.105,5.267897343538946,0.6078343088698784,5.875731652408825,23.502645502645503,0.0,0.0,2025-09-15 06:33:34
_rV_ky-GMxs,this song might be next… 🤭 do you guys wanna hear the second part to this?,Corook,Music Content,False,2023-05-11 19:19:44,2025-09-15,2025,9,38,Monday,858,15172,1250,68,37.93,8.238861059847087,0.44819404165568155,8.687055101502768,17.682983682983682,0.0,0.0,2025-09-15 06:34:10
_ub9G9rURzQ,Devil’s in the details,COBRAH,Music Content,False,2023-08-16 17:35:35,2025-09-12,2025,9,37,Friday,758,18262,1684,57,45.655,9.22133391742416,0.31212353520972513,9.533457452633884,24.092348284960423,0.0,0.0,2025-09-12 08:05:26
_ub9G9rURzQ,Devil’s in the details,COBRAH,Music Content,False,2023-08-16 17:35:35,2025-09-14,2025,9,37,Sunday,760,18288,1682,57,45.72,9.197287839020122,0.31167979002624674,9.508967629046369,24.063157894736843,0.1423721388675939,0.14237213886758893,2025-09-14 03:25:58
_uingfwzFtw,hint hint…it’s my tour. it’s mine. and I’m going to a lot of cities 🚐,Corook,Music Content,False,2025-02-25 18:06:26,2025-09-15,2025,9,38,Monday,202,2010,114,13,5.0249999999999995,5.6716417910447765,0.6467661691542288,6.318407960199005,9.950495049504951,0.0,0.0,2025-09-15 06:33:34
_vSn7I54ucs,Raiche - Drive [In Studio Video],Raiche,Music Content,False,2020-04-29 16:00:20,2025-09-15,2025,9,38,Monday,1965,7368,310,25,18.42,4.2073832790445165,0.3393051031487514,4.546688382193268,3.7496183206106872,0.0,0.0,2025-09-15 06:33:13
_vVTl-uWAwo,COBRAH - DIP N DRIP,COBRAH,Music Content,False,2021-02-21 14:58:02,2025-09-12,2025,9,37,Friday,1664,1017202,19426,373,2543.005,1.9097485061964095,0.036669216143892756,1.9464177223403023,611.2992788461538,0.0,0.0,2025-09-12 08:05:35
_vVTl-uWAwo,COBRAH - DIP N DRIP,COBRAH,Music Content,False,2021-02-21 14:58:02,2025-09-14,2025,9,37,Sunday,1666,1018605,19434,373,2546.5125,1.9079034561974466,0.036618708920533476,1.94452216511798,611.40756302521,0.1379273733240792,0.13792737332406774,2025-09-14 03:26:07
a-R4nzbSDRE,re6ce - skin&bone,re6ce,Music Content,False,2024-05-31 04:00:00,2025-09-14,2025,9,37,Sunday,471,15609,347,18,39.0225,2.223076430264591,0.11531808571977706,2.3383945159843678,33.140127388535035,0.0,0.0,2025-09-14 03:38:54
a7fAcHdeJ6I,NEW COROOK SONG NEXT WEEK!! so excited to kick off this new era with “blankets”,Corook,Music Content,False,2024-08-06 18:57:04,2025-09-15,2025,9,38,Monday,405,1388,151,8,3.4699999999999998,10.878962536023055,0.5763688760806917,11.455331412103746,3.4271604938271607,0.0,0.0,2025-09-15 06:33:48
aDwy6goAU8U,here’s some v gay shit for y’all. 🫡💚,Corook,Music Content,False,2024-08-21 18:19:51,2025-09-15,2025,9,38,Monday,390,2477,221,16,6.1925,8.922083165119096,0.6459426725878078,9.568025837706903,6.351282051282051,0.0,0.0,2025-09-15 06:33:48
aPPtNngy3A8,keep it GUSHY🍬 #candymandance #flyanaboss DC: @jaedenrae @karaleighcannella,Flyana Boss,Music Content,False,2024-06-07 00:02:16,2025-09-12,2025,9,37,Friday,462,2853,239,8,7.1325,8.377146862951278,0.28040658955485454,8.657553452506132,6.175324675324675,0.0,0.0,2025-09-12 08:06:26
aPPtNngy3A8,keep it GUSHY🍬 #candymandance #flyanaboss DC: @jaedenrae @karaleighcannella,Flyana Boss,Music Content,False,2024-06-07 00:02:16,2025-09-14,2025,9,37,Sunday,464,2857,239,8,7.1425,8.365418270913546,0.280014000700035,8.645432271613581,6.157327586206897,0.14020329477742727,0.14020329477742427,2025-09-14 03:26:36
aTfhJthvEyk,BiC Fizzle - Pressure (feat. PME JayBee) [Official Audio],BiC Fizzle,Official Audio,False,2023-11-02 04:00:00,2025-09-12,2025,9,37,Friday,680,50392,1143,33,125.98,2.268217177329735,0.06548658517224956,2.3337037625019845,74.10588235294118,0.0,0.0,2025-09-12 18:54:42
aTfhJthvEyk,BiC Fizzle - Pressure (feat. PME JayBee) [Official Audio],BiC Fizzle,Official Audio,False,2023-11-02 04:00:00,2025-09-14,2025,9,37,Sunday,682,50419,1143,33,126.04749999999999,2.2670025188916876,0.0654515162934608,2.3324540351851484,73.92815249266862,0.053579933322749636,0.05357993332273475,2025-09-14 03:25:42
aZ1g3zSLVPo,BiC Fizzle - GTM [Official Music Video],BiC Fizzle,Official Music Video,False,2025-09-12 19:00:03,2025-09-12,2025,9,37,Friday,0,637,122,14,1.5925,19.15227629513344,2.197802197802198,21.350078492935637,637.0,0.0,0.0,2025-09-12 18:54:42
aZ1g3zSLVPo,BiC Fizzle - GTM [Official Music Video],BiC Fizzle,Official Music Video,False,2025-09-12 19:00:03,2025-09-14,2025,9,37,Sunday,2,3584,331,20,8.96,9.235491071428571,0.5580357142857143,9.793526785714285,1792.0,462.6373626373627,462.6373626373627,2025-09-14 03:25:42
aajPT-f4hu4,My EP comes out June 2! 🐸🐠,Corook,Music Content,False,2023-05-26 20:37:35,2025-09-15,2025,9,38,Monday,843,3789743,161818,10512,9474.3575,4.269893763244632,0.27738028673712173,4.547274049981754,4495.543297746145,0.0,0.0,2025-09-15 06:34:10
adepfLsWLfE,Are you sick🤧🤧🤧,Flyana Boss,Music Content,False,2024-03-21 05:24:48,2025-09-12,2025,9,37,Friday,540,35877,3546,32,89.69250000000001,9.883769545948658,0.08919363380438722,9.972963179753044,66.43888888888888,0.0,0.0,2025-09-12 08:06:26
adepfLsWLfE,Are you sick🤧🤧🤧,Flyana Boss,Music Content,False,2024-03-21 05:24:48,2025-09-14,2025,9,37,Sunday,542,35884,3546,32,89.71000000000001,9.881841489243117,0.08917623453349682,9.971017723776614,66.20664206642067,0.019511107394709702,0.019511107394707797,2025-09-14 03:26:36
aoXEg-jCsaM,I ultimately decided to not be the drummer for this tour. Hope you can understand.,Corook,Music Content,False,2023-10-18 01:40:15,2025-09-15,2025,9,38,Monday,698,1443,84,8,3.6075,5.8212058212058215,0.5544005544005544,6.375606375606376,2.067335243553009,0.0,0.0,2025-09-15 06:33:55
asZctgZ3WAY,SNEAKING ON A ROOFTOP IN DOWNTOWN LA JUST TO MAKE CONTENT #boffum #hiphop,Flyana Boss,Music Content,False,2023-02-27 20:14:51,2025-09-12,2025,9,37,Friday,928,59149,9289,59,147.8725,15.704407513229302,0.09974809379702108,15.804155607026324,63.738146551724135,0.0,0.0,2025-09-12 08:07:01
asZctgZ3WAY,SNEAKING ON A ROOFTOP IN DOWNTOWN LA JUST TO MAKE CONTENT #boffum #hiphop,Flyana Boss,Music Content,False,2023-02-27 20:14:51,2025-09-14,2025,9,37,Sunday,930,59151,9289,59,147.8775,15.70387651941641,0.09974472113742794,15.803621240553838,63.60322580645161,0.0033812913151532575,0.0033812913151501814,2025-09-14 03:27:05
asc3Lfmvcgw,we rehearsed this 15 times. Did we finally nail it?,Corook,Music Content,False,2023-11-10 00:56:15,2025-09-15,2025,9,38,Monday,675,4085,291,10,10.2125,7.123623011015912,0.24479804161566704,7.368421052631579,6.051851851851852,0.0,0.0,2025-09-15 06:33:55
ateZYgF0it4,BiC Fizzle - Tunnel Vision [Official Audio],BiC Fizzle,Official Audio,False,2021-10-18 04:00:01,2025-09-12,2025,9,37,Friday,1425,160543,3356,72,401.3575,2.0904056857041415,0.044847797786262876,2.1352534834904042,112.66175438596491,0.0,0.0,2025-09-12 18:54:52
ateZYgF0it4,BiC Fizzle - Tunnel Vision [Official Audio],BiC Fizzle,Official Audio,False,2021-10-18 04:00:01,2025-09-14,2025,9,37,Sunday,1427,160568,3356,72,401.42,2.0900802152359126,0.044840815106372375,2.134921030342285,112.52137351086195,0.015572152009119052,0.015572152009119052,2025-09-14 03:25:50
awbouHSY3AA,When that “Airplane Mode” beat drops 💃🏽,Flyana Boss,Music Content,False,2025-02-13 16:00:04,2025-09-12,2025,9,37,Friday,211,10935,0,8,27.337500000000002,0.0,0.07315957933241884,0.07315957933241884,51.824644549763036,0.0,0.0,2025-09-12 08:06:09
awbouHSY3AA,When that “Airplane Mode” beat drops 💃🏽,Flyana Boss,Music Content,False,2025-02-13 16:00:04,2025-09-14,2025,9,37,Sunday,213,10981,0,8,27.4525,0.0,0.0728531099171296,0.0728531099171296,51.55399061032864,0.42066758116140834,0.42066758116140257,2025-09-14 03:26:22
b6g2MDcVyag,Raiche - Drive [Official Video],Raiche,Official Music Video,False,2019-05-07 15:57:46,2025-09-15,2025,9,38,Monday,2323,526362,4112,176,1315.905,0.7812114096382338,0.03343706422576098,0.8146484738639947,226.58717176065431,0.0,0.0,2025-09-15 06:33:13
b8QiLaasWEM,💰💰💰 #hiphop #besties #flyanaboss,Flyana Boss,Music Content,False,2023-05-04 15:53:00,2025-09-12,2025,9,37,Friday,862,108730,7083,34,271.825,6.514301480732089,0.03127011864250897,6.545571599374599,126.1368909512761,0.0,0.0,2025-09-12 08:06:50
b8QiLaasWEM,💰💰💰 #hiphop #besties #flyanaboss,Flyana Boss,Music Content,False,2023-05-04 15:53:00,2025-09-14,2025,9,37,Sunday,864,108733,7083,34,271.8325,6.514121747767467,0.03126925588367837,6.545391003651146,125.84837962962963,0.002759128115515497,0.002759128115512988,2025-09-14 03:26:56
bH4CZ2YepTs,Had way too much fun with this one,Corook,Music Content,False,2024-09-26 19:14:14,2025-09-15,2025,9,38,Monday,354,8031,765,28,20.0775,9.525588345162497,0.3486489851824181,9.874237330344915,22.6864406779661,0.0,0.0,2025-09-15 06:33:48
bIjshD2Vmgs,"This is the moment that inspired the title of my “Corook, I got a kazoo for you” video 🎷",Corook,Music Content,False,2024-01-01 05:00:30,2025-09-15,2025,9,38,Monday,623,9732,442,8,24.33,4.541718043567612,0.08220304151253596,4.623921085080148,15.621187800963082,0.0,0.0,2025-09-15 06:33:48
bJHViRxPIGE,corook - blankets (official audio),Corook,Official Audio,False,2024-08-16 04:00:24,2025-09-15,2025,9,38,Monday,395,30599,1174,86,76.4975,3.8367266904147193,0.28105493643583124,4.117781626850551,77.46582278481013,0.0,0.0,2025-09-15 06:33:48
bV_6LkhQcx4,all of my fishy New Yorkers 🥹🐠🐸 I can’t friggin believe it. Thank you for singing along with me,Corook,Music Content,False,2023-04-26 14:32:32,2025-09-15,2025,9,38,Monday,873,16220,1311,0,40.55,8.082614056720098,0.0,8.082614056720098,18.579610538373426,0.0,0.0,2025-09-15 06:34:10
b_C0wBdLTrE,my lil gumdrop #candymandance #flyanaboss Credit: @nakashima_yunon,Flyana Boss,Music Content,False,2024-06-11 00:14:17,2025-09-12,2025,9,37,Friday,458,3899,201,4,9.7475,5.1551679917927675,0.10259040779687098,5.257758399589639,8.513100436681222,0.0,0.0,2025-09-12 08:06:17
b_C0wBdLTrE,my lil gumdrop #candymandance #flyanaboss Credit: @nakashima_yunon,Flyana Boss,Music Content,False,2024-06-11 00:14:17,2025-09-14,2025,9,37,Sunday,460,3904,201,4,9.76,5.148565573770492,0.10245901639344263,5.251024590163935,8.486956521739131,0.12823800974608873,0.12823800974608143,2025-09-14 03:26:30
beKEG8S7SH8,Have you counted how many squeaks are in this song??? yeaaa out now!! #flyanaboss #evanblummadeit,Flyana Boss,Music Content,False,2024-02-26 01:13:33,2025-09-12,2025,9,37,Friday,564,48178,4400,65,120.445,9.132799202955706,0.13491635186184567,9.267715554817551,85.42198581560284,0.0,0.0,2025-09-12 08:06:26
beKEG8S7SH8,Have you counted how many squeaks are in this song??? yeaaa out now!! #flyanaboss #evanblummadeit,Flyana Boss,Music Content,False,2024-02-26 01:13:33,2025-09-14,2025,9,37,Sunday,566,48186,4400,65,120.465,9.131282945253808,0.13489395260034034,9.266176897854148,85.13427561837456,0.016605089459919467,0.01660508945992796,2025-09-14 03:26:36
bh4_2ZjK2u8,Tour is officially over and I’m driving back to Nashville. I’ll relive these memories forever!,Corook,Live Performance,False,2023-10-18 01:46:37,2025-09-15,2025,9,38,Monday,698,2800,244,6,7.0,8.714285714285715,0.2142857142857143,8.928571428571429,4.011461318051576,0.0,0.0,2025-09-15 06:33:55
bisPUK4VANg,BiC Fizzle -  First Day [Official Audio],BiC Fizzle,Official Audio,False,2024-05-02 20:00:23,2025-09-12,2025,9,37,Friday,498,189357,4502,154,473.3925,2.37751971144452,0.0813278621862408,2.458847573630761,380.23493975903614,0.0,0.0,2025-09-12 18:54:42
bisPUK4VANg,BiC Fizzle -  First Day [Official Audio],BiC Fizzle,Official Audio,False,2024-05-02 20:00:23,2025-09-14,2025,9,37,Sunday,500,189663,4507,154,474.1575,2.3763201046065916,0.08119664879285891,2.4575167533994504,379.326,0.1615995183700629,0.16159951837007203,2025-09-14 03:25:42
bjRvs2Dfsng,FLASH WARNING!! Also bad beach warning 🤭 hi we’re two besties that do music together! #besties,Flyana Boss,Music Content,False,2023-04-20 20:05:44,2025-09-12,2025,9,37,Friday,876,32206,1502,12,80.51500000000001,4.663727255790846,0.03726013786251009,4.700987393653356,36.7648401826484,0.0,0.0,2025-09-12 08:06:50
bjRvs2Dfsng,FLASH WARNING!! Also bad beach warning 🤭 hi we’re two besties that do music together! #besties,Flyana Boss,Music Content,False,2023-04-20 20:05:44,2025-09-14,2025,9,37,Sunday,878,32207,1502,12,80.5175,4.663582451019964,0.03725898096687055,4.700841431986835,36.682232346241456,0.0031050114885425076,0.003105011488522033,2025-09-14 03:26:56
bnEsJFiKwMI,fuzz - re6ce (official music video),re6ce,Official Music Video,False,2023-03-02 17:00:06,2025-09-14,2025,9,37,Sunday,927,67265,2032,110,168.1625,3.0208875343789487,0.1635322976287817,3.1844198320077304,72.56202804746493,0.0,0.0,2025-09-14 03:38:54
bnrXyeCZeIU,Candyman class by @Bada_bebe @KirstenDodgenn #badalee #kirstendodgen Credit: @kade__hnxg,Flyana Boss,Music Content,False,2024-06-17 22:39:52,2025-09-12,2025,9,37,Friday,452,13847,682,10,34.6175,4.925254567776414,0.07221780891167762,4.9974723766880915,30.634955752212388,0.0,0.0,2025-09-12 08:06:17
bnrXyeCZeIU,Candyman class by @Bada_bebe @KirstenDodgenn #badalee #kirstendodgen Credit: @kade__hnxg,Flyana Boss,Music Content,False,2024-06-17 22:39:52,2025-09-14,2025,9,37,Sunday,454,13863,682,10,34.6575,4.91957007862656,0.07213445863088798,4.991704537257448,30.535242290748897,0.11554849425868419,0.11554849425868172,2025-09-14 03:26:30
bqspXyham6Y,Dancing round the truth,Corook,Music Content,False,2024-10-09 19:04:36,2025-09-15,2025,9,38,Monday,341,2310,185,4,5.775,8.008658008658008,0.17316017316017315,8.181818181818182,6.774193548387097,0.0,0.0,2025-09-15 06:33:41
bueEvjbp9ks,COBRAH & Amanda Lepore - LET'S GET F*CKED (TEQUILA Remix) {Official Audio},COBRAH,Official Audio,False,2024-07-19 04:00:20,2025-09-12,2025,9,37,Friday,420,56443,1372,55,141.1075,2.4307708661835834,0.0974434385131903,2.5282143046967738,134.38809523809525,0.0,0.0,2025-09-12 08:05:26
bueEvjbp9ks,COBRAH & Amanda Lepore - LET'S GET F*CKED (TEQUILA Remix) {Official Audio},COBRAH,Official Audio,False,2024-07-19 04:00:20,2025-09-14,2025,9,37,Sunday,422,56568,1372,55,141.42,2.4253995191627777,0.09722811483524253,2.5226276339980203,134.04739336492892,0.2214623602572507,0.2214623602572507,2025-09-14 03:25:58
buqAtWp5ykU,BIG ONEEEEE 9/29 #flyanaboss,Flyana Boss,Music Content,False,2023-09-21 20:27:36,2025-09-12,2025,9,37,Friday,722,109683,8490,92,274.20750000000004,7.740488498673449,0.0838780850268501,7.824366583700299,151.91551246537395,0.0,0.0,2025-09-12 08:06:36
buqAtWp5ykU,BIG ONEEEEE 9/29 #flyanaboss,Flyana Boss,Music Content,False,2023-09-21 20:27:36,2025-09-14,2025,9,37,Sunday,724,109687,8489,92,274.2175,7.739294538094761,0.0838750262109457,7.823169564305706,151.50138121546962,0.0036468732620369613,0.0036468732620129137,2025-09-14 03:26:45
c4RKgsoRM-w,time2time - re6ce ft. @muchi (official visualiser),re6ce,Visualizer,False,2022-01-12 05:02:27,2025-09-14,2025,9,37,Sunday,1341,21568,491,35,53.92,2.2765207715133533,0.16227744807121663,2.43879821958457,16.08351976137211,0.0,0.0,2025-09-14 03:38:54
c4wNqsDRDXg,have you guys bumped this yet? 📻,Corook,Music Content,False,2023-09-03 18:35:47,2025-09-15,2025,9,38,Monday,743,4426,321,12,11.065000000000001,7.252598282873928,0.27112516945323095,7.523723452327158,5.956931359353971,0.0,0.0,2025-09-15 06:34:02
cN1gKpUIyFI,“Creepin” Out now link in my bio  #riskmademe #7/11,BiC Fizzle,Music Content,False,2025-06-27 19:36:49,2025-09-12,2025,9,37,Friday,77,5274,282,12,13.185,5.346985210466439,0.22753128555176336,5.5745164960182025,68.49350649350649,0.0,0.0,2025-09-12 18:54:42
cN1gKpUIyFI,“Creepin” Out now link in my bio  #riskmademe #7/11,BiC Fizzle,Music Content,False,2025-06-27 19:36:49,2025-09-14,2025,9,37,Sunday,79,5285,283,12,13.2125,5.354777672658467,0.2270577105014191,5.581835383159886,66.89873417721519,0.20857034508911643,0.20857034508911534,2025-09-14 03:25:42
cTB9HkiSJtI,You wish live! Full session on @uproxxmusicvideos’s channel 🦋💕🥰,Flyana Boss,Live Performance,False,2023-09-13 23:54:54,2025-09-12,2025,9,37,Friday,730,301363,30707,277,753.4075,10.189372948902156,0.09191572953547715,10.281288678437633,412.82602739726025,0.0,0.0,2025-09-12 08:06:36
cTB9HkiSJtI,You wish live! Full session on @uproxxmusicvideos’s channel 🦋💕🥰,Flyana Boss,Live Performance,False,2023-09-13 23:54:54,2025-09-14,2025,9,37,Sunday,732,301417,30708,277,753.5424999999999,10.18787925034089,0.0918992624835361,10.279778512824427,411.7718579234973,0.017918589873342116,0.017918589873325817,2025-09-14 03:26:45
c_kQW6RCYu4,Serious Person is out everywhere now🥸🐸,Corook,Music Content,False,2023-05-19 17:13:11,2025-09-15,2025,9,38,Monday,850,12229,542,17,30.572499999999998,4.432087660479189,0.13901381960912584,4.5711014800883145,14.387058823529411,0.0,0.0,2025-09-15 06:34:10
cdOYQPESf2U,Gotta think Big!!! #flyanaboss #hiphop,Flyana Boss,Music Content,False,2023-10-21 23:03:43,2025-09-12,2025,9,37,Friday,692,202005,18567,115,505.0125,9.191356649587881,0.05692928392861563,9.248285933516497,291.91473988439304,0.0,0.0,2025-09-12 08:06:26
cdOYQPESf2U,Gotta think Big!!! #flyanaboss #hiphop,Flyana Boss,Music Content,False,2023-10-21 23:03:43,2025-09-14,2025,9,37,Sunday,694,202012,18567,115,505.03,9.191038156149139,0.05692731124883671,9.247965467397975,291.0835734870317,0.0034652607608722558,0.0034652607608691042,2025-09-14 03:26:36
ctS1ANgc7J8,Raiche - Stand (Cover),Raiche,Music Content,False,2022-02-03 20:00:11,2025-09-15,2025,9,38,Monday,1320,220847,133,16,552.1175000000001,0.06022268810533989,0.00724483465928901,0.0674675227646289,167.30833333333334,0.0,0.0,2025-09-15 06:33:13
cw0lHW-QirU,BiC Fizzle - Outro [Official Audio],BiC Fizzle,Official Audio,False,2023-11-02 04:00:15,2025-09-12,2025,9,37,Friday,680,6296,186,8,15.74,2.95425667090216,0.12706480304955528,3.081321473951715,9.258823529411766,0.0,0.0,2025-09-12 18:54:42
cw0lHW-QirU,BiC Fizzle - Outro [Official Audio],BiC Fizzle,Official Audio,False,2023-11-02 04:00:15,2025-09-14,2025,9,37,Sunday,682,6296,186,8,15.74,2.95425667090216,0.12706480304955528,3.081321473951715,9.2316715542522,0.0,0.0,2025-09-14 03:25:42
d1bIWb34Ncg,finished my debut album last week 🥹 kinda can’t believe it,Corook,Music Content,False,2024-10-03 17:23:58,2025-09-15,2025,9,38,Monday,347,1895,238,16,4.7375,12.559366754617415,0.8443271767810026,13.403693931398417,5.461095100864553,0.0,0.0,2025-09-15 06:33:41
d4LrS1c_-0E,Flyana Boss - C*NT (Official Performance Visualizer),Flyana Boss,Visualizer,False,2025-06-06 03:00:55,2025-09-12,2025,9,37,Friday,98,192143,7796,190,480.3575,4.0573947528663545,0.09888468484410048,4.156279437710455,1960.642857142857,0.0,0.0,2025-09-12 08:06:09
d4LrS1c_-0E,Flyana Boss - C*NT (Official Performance Visualizer),Flyana Boss,Visualizer,False,2025-06-06 03:00:55,2025-09-14,2025,9,37,Sunday,100,192863,7810,190,482.1575,4.0495066446130155,0.0985155265654895,4.148022171178505,1928.63,0.3747209109881703,0.3747209109881726,2025-09-14 03:26:22
d6Ph9ZBwYwA,Raiche -  OMG (Live In Studio),Raiche,Live Performance,False,2025-05-30 14:00:59,2025-09-15,2025,9,38,Monday,108,22681,125,18,56.7025,0.5511220845641727,0.07936158017724086,0.6304836647414135,210.00925925925927,0.0,0.0,2025-09-15 06:33:04
d8-0VxLDARA,idk god out now :) #Shorts,Corook,Music Content,False,2022-03-15 18:24:56,2025-09-15,2025,9,38,Monday,1280,3223,213,4,8.0575,6.6087496121625815,0.12410797393732546,6.732857586099907,2.51796875,0.0,0.0,2025-09-15 06:34:25
d8B---x6Mhg,BiC Fizzle - Hold Me Down [Official Audio],BiC Fizzle,Official Audio,False,2025-07-27 19:00:33,2025-09-12,2025,9,37,Friday,47,6364,344,17,15.91,5.405405405405405,0.26712759270898806,5.672532998114393,135.40425531914894,0.0,0.0,2025-09-12 18:54:42
d8B---x6Mhg,BiC Fizzle - Hold Me Down [Official Audio],BiC Fizzle,Official Audio,False,2025-07-27 19:00:33,2025-09-14,2025,9,37,Sunday,49,6441,347,17,16.1025,5.387362210836827,0.26393417171246697,5.651296382549294,131.44897959183675,1.2099308610936519,1.2099308610936454,2025-09-14 03:25:42
dChGuK0LkF4,you’re worth it ❤️,Corook,Music Content,False,2022-12-16 20:53:40,2025-09-15,2025,9,38,Monday,1004,17781,1636,39,44.4525,9.200832349136718,0.2193352454867555,9.420167594623473,17.7101593625498,0.0,0.0,2025-09-15 06:34:10
dYrVt95BY2Q,can yall believe we still haven’t bumped into anyone!! where too next?! #flyanaboss #evanblummadeit,Flyana Boss,Music Content,False,2023-07-02 19:29:24,2025-09-12,2025,9,37,Friday,803,7666770,0,8389,19166.925000000003,0.0,0.10942026433556765,0.10942026433556765,9547.658779576588,0.0,0.0,2025-09-12 08:06:36
dYrVt95BY2Q,can yall believe we still haven’t bumped into anyone!! where too next?! #flyanaboss #evanblummadeit,Flyana Boss,Music Content,False,2023-07-02 19:29:24,2025-09-14,2025,9,37,Sunday,805,7667253,0,8387,19168.1325,0.0,0.10938728642448606,0.10938728642448606,9524.537888198758,0.006299915088100986,0.006299915088084283,2025-09-14 03:26:45
db-evVPA_yE,If you’re watching this you have an internal glow you don’t even gotta brag #hiphop #boffum #besties,Flyana Boss,Music Content,False,2023-03-07 19:15:23,2025-09-12,2025,9,37,Friday,920,39277,3019,35,98.1925,7.686432263156555,0.08911067545891997,7.775542938615475,42.69239130434783,0.0,0.0,2025-09-12 08:06:50
db-evVPA_yE,If you’re watching this you have an internal glow you don’t even gotta brag #hiphop #boffum #besties,Flyana Boss,Music Content,False,2023-03-07 19:15:23,2025-09-14,2025,9,37,Sunday,922,39279,3019,35,98.1975,7.686040886987958,0.089106138139973,7.775147025127931,42.60195227765727,0.005092038597652571,0.005092038597662412,2025-09-14 03:26:56
dbpCCRzPMIU,corook - medicine (lyric video),Corook,Lyric Video,False,2025-02-28 05:00:39,2025-09-15,2025,9,38,Monday,199,2378,110,12,5.945,4.625735912531539,0.5046257359125316,5.130361648444071,11.949748743718592,0.0,0.0,2025-09-15 06:33:34
deBu2utOqvs,Raiche -  Be Careful (Live In Studio),Raiche,Live Performance,False,2025-06-20 14:01:07,2025-09-15,2025,9,38,Monday,87,9013,148,23,22.5325,1.6420725618550982,0.25518695218018417,1.8972595140352824,103.59770114942529,0.0,0.0,2025-09-15 06:33:04
dkjc7FswYws,comment ur fav cheese #newmusic,Corook,Music Content,False,2022-06-03 22:03:13,2025-09-15,2025,9,38,Monday,1200,20376,1003,79,50.940000000000005,4.922457793482528,0.3877110325873577,5.310168826069886,16.98,0.0,0.0,2025-09-15 06:34:25
dmeslCn6E30,Nepo Babyyyy,Flyana Boss,Music Content,False,2024-09-24 18:34:20,2025-09-12,2025,9,37,Friday,353,29986,2767,57,74.965,9.227639565130394,0.1900887080637631,9.417728273194157,84.94617563739376,0.0,0.0,2025-09-12 08:06:09
dmeslCn6E30,Nepo Babyyyy,Flyana Boss,Music Content,False,2024-09-24 18:34:20,2025-09-14,2025,9,37,Sunday,355,30034,2770,57,75.085,9.222880735166811,0.18978491043484053,9.41266564560165,84.60281690140845,0.16007470152737943,0.16007470152736653,2025-09-14 03:26:22
douEYASnGWU,COBRAH - FEMININE ENERGY (Zorza Adrenaline Mix) [Official Audio],COBRAH,Official Audio,False,2024-07-26 04:00:23,2025-09-12,2025,9,37,Friday,413,8954,232,5,22.385,2.591020772838955,0.05584096493187402,2.646861737770829,21.680387409200968,0.0,0.0,2025-09-12 08:05:26
douEYASnGWU,COBRAH - FEMININE ENERGY (Zorza Adrenaline Mix) [Official Audio],COBRAH,Official Audio,False,2024-07-26 04:00:23,2025-09-14,2025,9,37,Sunday,415,8972,232,5,22.43,2.5858225590726707,0.05572893446277308,2.641551493535444,21.619277108433735,0.20102747375474647,0.2010274737547382,2025-09-14 03:25:58
dx_vMONe3tM,corook - if i were a fish ft. olivia barton (music video),Corook,Music Content,False,2023-04-21 05:01:20,2025-09-15,2025,9,38,Monday,878,2726161,79383,5541,6815.4025,2.9118969862748383,0.20325285263783024,3.1151498389126684,3104.9669703872437,0.0,0.0,2025-09-15 06:34:10
dylQwaGQeEI,Just ur favorite non-binallerina . Listening party is tonight!!! Who’s coming?!,Corook,Music Content,False,2024-09-16 20:54:06,2025-09-15,2025,9,38,Monday,364,3044,190,55,7.61,6.241787122207622,1.806833114323259,8.048620236530882,8.362637362637363,0.0,0.0,2025-09-15 06:33:48
e-SyAR0timo,BiC Fizzle - Pressure (feat. PME JayBee) [Official Music Video],BiC Fizzle,Official Music Video,False,2023-11-22 20:00:08,2025-09-12,2025,9,37,Friday,660,197721,5075,106,494.3025,2.566748094537252,0.053610896161763295,2.6203589906990152,299.5772727272727,0.0,0.0,2025-09-12 18:54:42
e-SyAR0timo,BiC Fizzle - Pressure (feat. PME JayBee) [Official Music Video],BiC Fizzle,Official Music Video,False,2023-11-22 20:00:08,2025-09-14,2025,9,37,Sunday,662,197986,5077,106,494.965,2.564322729889992,0.05353913913104967,2.617861869021042,299.0725075528701,0.13402724040440822,0.13402724040440134,2025-09-14 03:25:42
e0sdg0X8E8c,Raiche - You Around (Cover),Raiche,Music Content,False,2022-02-08 20:11:12,2025-09-15,2025,9,38,Monday,1315,218159,158,16,545.3975,0.07242424103520827,0.007334100357995774,0.07975834139320404,165.9003802281369,0.0,0.0,2025-09-15 06:33:13
e4i8r-bMu38,re6ce - SCREAMING ALONE,re6ce,Music Content,False,2024-10-18 04:00:38,2025-09-14,2025,9,37,Sunday,331,56182,1192,67,140.455,2.1216759816311273,0.11925527749101136,2.2409312591221386,169.73413897280966,0.0,0.0,2025-09-14 03:38:54
e9RZ8LD2Ack,Raiche - Fool [Official Music Video],Raiche,Official Music Video,False,2022-07-15 14:00:02,2025-09-15,2025,9,38,Monday,1158,446440,2145,113,1116.1,0.48046770002687933,0.025311352029388046,0.5057790520562674,385.5267702936097,0.0,0.0,2025-09-15 06:33:13
e9v9u9Wwjjc,corook - realistic (official audio),Corook,Official Audio,False,2022-11-23 17:00:47,2025-09-15,2025,9,38,Monday,1027,44084,372,20,110.21000000000001,0.8438435713637602,0.045367933944288175,0.8892115053080484,42.925024342745864,0.0,0.0,2025-09-15 06:34:25
eBWHfl_UrlU,Try not to be jealous of my dancing skills! Should I throw a ballerina release party next Friday? 🤔,Corook,Music Content,False,2024-09-13 17:18:21,2025-09-15,2025,9,38,Monday,367,5448,623,39,13.620000000000001,11.43538913362702,0.7158590308370044,12.151248164464024,14.844686648501362,0.0,0.0,2025-09-15 06:33:48
eS5osFLkJBM,Wow can’t believe we’re on a billboard!! ✨🦋 @YouTube @YouTubeMusic #Shorts,Flyana Boss,Music Content,False,2023-07-22 22:56:06,2025-09-12,2025,9,37,Friday,783,1837552,52140,1752,4593.88,2.837470721916985,0.0953442405983613,2.932814962515346,2346.8097062579823,0.0,0.0,2025-09-12 08:06:36
eS5osFLkJBM,Wow can’t believe we’re on a billboard!! ✨🦋 @YouTube @YouTubeMusic #Shorts,Flyana Boss,Music Content,False,2023-07-22 22:56:06,2025-09-14,2025,9,37,Sunday,785,1837557,52135,1752,4593.8925,2.8371909007448477,0.09534398116629851,2.9325348819111463,2340.836942675159,0.0002721011432601635,0.0002721011432562039,2025-09-14 03:26:45
eW37MZXcr30,thank you guys for the love on “joke’s on me”. 💚 it’ll be out on Friday on my DEBUT album 🤯,Corook,Music Content,False,2025-02-25 05:29:21,2025-09-15,2025,9,38,Monday,202,508,62,9,1.27,12.204724409448819,1.7716535433070866,13.976377952755906,2.514851485148515,0.0,0.0,2025-09-15 06:33:34
eXPry_3HTps,OUT NOW 🥶🥶🥶!! #1017 #1Klan #1K4L,BiC Fizzle,Music Content,False,2022-07-01 16:00:27,2025-09-12,2025,9,37,Friday,1169,8331,494,11,20.8275,5.929660304885368,0.13203697035169848,6.061697275237067,7.126603934987169,0.0,0.0,2025-09-12 18:54:52
eXPry_3HTps,OUT NOW 🥶🥶🥶!! #1017 #1Klan #1K4L,BiC Fizzle,Music Content,False,2022-07-01 16:00:27,2025-09-14,2025,9,37,Sunday,1171,8332,494,11,20.830000000000002,5.928948631781085,0.13202112337974076,6.060969755160826,7.115286080273271,0.012003360941063497,0.012003360941069638,2025-09-14 03:25:50
ejy1T4IJQAI,POV: You just put your phone on Airplane Mode ✈️🔥 #newmusic,Flyana Boss,Music Content,False,2025-02-12 20:13:25,2025-09-12,2025,9,37,Friday,212,5966,0,7,14.915000000000001,0.0,0.11733154542406972,0.11733154542406972,28.141509433962263,0.0,0.0,2025-09-12 08:06:09
ejy1T4IJQAI,POV: You just put your phone on Airplane Mode ✈️🔥 #newmusic,Flyana Boss,Music Content,False,2025-02-12 20:13:25,2025-09-14,2025,9,37,Sunday,214,5992,0,7,14.98,0.0,0.11682242990654204,0.11682242990654204,28.0,0.4358028830036876,0.4358028830036842,2025-09-14 03:26:22
eqnNwShPGWk,making room ❤️,Raiche,Music Content,False,2024-07-08 19:00:17,2025-09-15,2025,9,38,Monday,434,1565,123,5,3.9124999999999996,7.859424920127796,0.3194888178913738,8.178913738019169,3.6059907834101383,0.0,0.0,2025-09-15 06:33:04
f20pRmRLVGU,CHOCOLATE FONDUE 🥵🫠😮‍💨 #hiphop #besties #flyanaboss,Flyana Boss,Music Content,False,2023-04-22 19:57:17,2025-09-12,2025,9,37,Friday,874,46127,1617,10,115.31750000000001,3.505539055217118,0.021679276779326642,3.527218331996445,52.776887871853546,0.0,0.0,2025-09-12 08:06:50
f20pRmRLVGU,CHOCOLATE FONDUE 🥵🫠😮‍💨 #hiphop #besties #flyanaboss,Flyana Boss,Music Content,False,2023-04-22 19:57:17,2025-09-14,2025,9,37,Sunday,876,46128,1617,10,115.32,3.505463059313215,0.021678806798473813,3.527141866111689,52.657534246575345,0.002167927677932664,0.002167927677918369,2025-09-14 03:26:56
f4fv6exT7i8,Raiche - Burn Your Clothes [Official Music Video],Raiche,Official Music Video,False,2021-10-15 14:00:19,2025-09-15,2025,9,38,Monday,1431,356780,1769,108,891.9499999999999,0.49582375693704805,0.030270755087168567,0.5260945120242166,249.32215234102026,0.0,0.0,2025-09-15 06:33:13
f5dlIBga0Qg,I love my backup dancers 👯‍♂️,Corook,Music Content,False,2023-12-29 05:00:20,2025-09-15,2025,9,38,Monday,626,1513,87,8,3.7824999999999998,5.750165234633179,0.5287508261731658,6.278916060806345,2.416932907348243,0.0,0.0,2025-09-15 06:33:48
f9naktoXAeA,THIS SONG IS “SIMS” AND IT ALREADY EXISTS ON THE INTERNET 💻🎤,Corook,Music Content,False,2023-08-17 03:42:26,2025-09-15,2025,9,38,Monday,760,16929,722,31,42.3225,4.264870931537598,0.1831177269773761,4.447988658514975,22.275,0.0,0.0,2025-09-15 06:34:02
fG0aYURM2nI,🙆🏽‍♀️,Raiche,Music Content,False,2022-07-22 12:00:25,2025-09-15,2025,9,38,Monday,1151,4011,173,13,10.0275,4.31313886811269,0.3241087010720518,4.6372475691847415,3.484795829713293,0.0,0.0,2025-09-15 06:33:13
fIhGfBF4ano,⁉️TEA TIME!!!!! #hiphop #flyanaboss,Flyana Boss,Music Content,False,2023-04-17 21:16:59,2025-09-12,2025,9,37,Friday,879,25920,1207,5,64.80000000000001,4.656635802469135,0.019290123456790122,4.675925925925926,29.488054607508534,0.0,0.0,2025-09-12 08:06:50
fIhGfBF4ano,⁉️TEA TIME!!!!! #hiphop #flyanaboss,Flyana Boss,Music Content,False,2023-04-17 21:16:59,2025-09-14,2025,9,37,Sunday,881,25922,1207,5,64.805,4.656276521873312,0.019288635136177765,4.67556515700949,29.42338251986379,0.007716049382716049,0.00771604938270903,2025-09-14 03:26:56
fIhsmL8pfPw,YOUTUBE JUST SHOWED OUT AND PUT US ON A BILLBOARD:’) #flyanaboss #youtubeshorts #evanblummadeit,Flyana Boss,Music Content,False,2023-07-31 21:25:50,2025-09-12,2025,9,37,Friday,774,2387821,82383,1080,5969.5525,3.450132987355417,0.045229520973305785,3.4953625083287228,3085.0400516795867,0.0,0.0,2025-09-12 08:06:36
fIhsmL8pfPw,YOUTUBE JUST SHOWED OUT AND PUT US ON A BILLBOARD:’) #flyanaboss #youtubeshorts #evanblummadeit,Flyana Boss,Music Content,False,2023-07-31 21:25:50,2025-09-14,2025,9,37,Sunday,776,2387830,82379,1080,5969.575,3.449952467302949,0.04522935049815104,3.4951818178011,3077.1005154639174,0.0003769126747775482,0.00037691267477815764,2025-09-14 03:26:45
fN8Cflmmd20,BiC Fizzle - Loaded [Official Audio],BiC Fizzle,Official Audio,False,2023-11-02 04:00:19,2025-09-12,2025,9,37,Friday,680,41781,1091,19,104.4525,2.6112347717862185,0.04547521600727603,2.6567099877934948,61.44264705882353,0.0,0.0,2025-09-12 18:54:42
fN8Cflmmd20,BiC Fizzle - Loaded [Official Audio],BiC Fizzle,Official Audio,False,2023-11-02 04:00:19,2025-09-14,2025,9,37,Sunday,682,41820,1091,19,104.55,2.608799617407939,0.04543280726924916,2.654232424677188,61.31964809384164,0.09334386443598765,0.09334386443598439,2025-09-14 03:25:42
fWO5_xCrBvk,… 🖤,COBRAH,Music Content,False,2023-06-06 16:48:36,2025-09-12,2025,9,37,Friday,829,12061,458,22,30.1525,3.797363402702927,0.18240610231324103,3.9797695050161677,14.54885404101327,0.0,0.0,2025-09-12 08:05:26
fWO5_xCrBvk,… 🖤,COBRAH,Music Content,False,2023-06-06 16:48:36,2025-09-14,2025,9,37,Sunday,831,12113,458,22,30.2825,3.7810616692809376,0.18162304961611492,3.9626847188970524,14.57641395908544,0.4311416963767515,0.4311416963767482,2025-09-14 03:25:58
fZdB4yCm-WM,LIKE PLZ CAN U TAKE HIM ☎️ #flyanaboss #evanblummadeit,Flyana Boss,Music Content,False,2023-10-01 22:53:39,2025-09-12,2025,9,37,Friday,712,112776,7547,76,281.94,6.692026672341633,0.06739022487053983,6.759416897212173,158.3932584269663,0.0,0.0,2025-09-12 08:06:26
fZdB4yCm-WM,LIKE PLZ CAN U TAKE HIM ☎️ #flyanaboss #evanblummadeit,Flyana Boss,Music Content,False,2023-10-01 22:53:39,2025-09-14,2025,9,37,Sunday,714,112778,7547,76,281.945,6.691907996240401,0.06738902977531079,6.7592970260157115,157.95238095238096,0.001773426970277364,0.0017734269702757508,2025-09-14 03:26:36
faQzZsa4ipI,wither away - re6ce and shy high,re6ce,Music Content,False,2023-09-23 17:05:06,2025-09-14,2025,9,37,Sunday,722,22440,697,34,56.1,3.106060606060606,0.15151515151515152,3.2575757575757573,31.0803324099723,0.0,0.0,2025-09-14 03:38:54
fcXL6anEAuU,I love this song. I love these songs. Hehe!!!!,Corook,Music Content,False,2025-02-28 17:10:35,2025-09-15,2025,9,38,Monday,199,3409,249,30,8.522499999999999,7.304194778527427,0.8800234672924611,8.184218245819888,17.13065326633166,0.0,0.0,2025-09-15 06:33:34
fjOkYV3PL8o,"i asked Olivia to sing the song i wrote for her 🥹❤️‍🩹 “realistic” out now, link in bio",Corook,Music Content,False,2022-12-05 20:24:50,2025-09-15,2025,9,38,Monday,1015,33649,1423,41,84.1225,4.228951826205831,0.12184611726945822,4.350797943475289,33.15172413793103,0.0,0.0,2025-09-15 06:34:25
fsFz8XlcmaQ,BiC Fizzle - Forever Klan [Official Audio],BiC Fizzle,Official Audio,False,2023-11-02 04:00:31,2025-09-12,2025,9,37,Friday,680,26636,679,13,66.59,2.5491815587926117,0.048806127046103015,2.5979876858387145,39.17058823529412,0.0,0.0,2025-09-12 18:54:42
fsFz8XlcmaQ,BiC Fizzle - Forever Klan [Official Audio],BiC Fizzle,Official Audio,False,2023-11-02 04:00:31,2025-09-14,2025,9,37,Sunday,682,26652,679,13,66.63,2.5476512081644906,0.048776827254990246,2.596428035419481,39.0791788856305,0.06006907944135756,0.06006907944134561,2025-09-14 03:25:42
fsrSr-4ELUQ,corook - death (lyric video),Corook,Lyric Video,False,2025-02-28 05:00:43,2025-09-15,2025,9,38,Monday,199,2773,140,18,6.9325,5.048683736025965,0.6491164803461955,5.69780021637216,13.93467336683417,0.0,0.0,2025-09-15 06:33:34
g5a-28doS2s,BiC Fizzle - Soulja Talk [Official Music Video],BiC Fizzle,Official Music Video,False,2023-10-12 19:00:30,2025-09-12,2025,9,37,Friday,701,4406,286,4,11.014999999999999,6.4911484339537004,0.09078529278256922,6.58193372673627,6.285306704707561,0.0,0.0,2025-09-12 18:54:42
g5a-28doS2s,BiC Fizzle - Soulja Talk [Official Music Video],BiC Fizzle,Official Music Video,False,2023-10-12 19:00:30,2025-09-14,2025,9,37,Sunday,703,4410,286,4,11.025,6.485260770975057,0.09070294784580499,6.575963718820862,6.273115220483642,0.09078529278256922,0.09078529278258343,2025-09-14 03:25:42
g60b_OKS22g,Sorry Mercedes but wtf was that,Corook,Music Content,False,2025-01-07 00:20:03,2025-09-15,2025,9,38,Monday,251,1662,148,6,4.154999999999999,8.904933814681106,0.36101083032490977,9.265944645006016,6.621513944223108,0.0,0.0,2025-09-15 06:33:41
g7VMfB2kzqM,BREAKING NEWS: I am touring the US in March 🐸🕺🏼,Corook,Music Content,False,2024-11-20 17:46:22,2025-09-15,2025,9,38,Monday,299,2374,164,13,5.9350000000000005,6.908171861836562,0.5475989890480202,7.455770850884583,7.9397993311036785,0.0,0.0,2025-09-15 06:33:41
gHa62pbWKYE,it’s time to get the party started 🎉,Corook,Music Content,False,2023-11-15 00:25:01,2025-09-15,2025,9,38,Monday,670,2290,179,8,5.725,7.816593886462882,0.34934497816593885,8.16593886462882,3.417910447761194,0.0,0.0,2025-09-15 06:33:55
gO27AB_S9hs,Big One x @MTV Live: #WomenInRap,Flyana Boss,Live Performance,False,2023-11-10 19:42:06,2025-09-12,2025,9,37,Friday,672,68125,7206,102,170.3125,10.577614678899083,0.14972477064220183,10.727339449541285,101.3764880952381,0.0,0.0,2025-09-12 08:06:26
gO27AB_S9hs,Big One x @MTV Live: #WomenInRap,Flyana Boss,Live Performance,False,2023-11-10 19:42:06,2025-09-14,2025,9,37,Sunday,674,68129,7205,102,170.32250000000002,10.575525840684584,0.14971597997915717,10.725241820663742,101.08160237388724,0.005871559633027523,0.0058715596330388715,2025-09-14 03:26:36
gRmEIc4cjqs,TOUR O-FISH-IALLY STARTS IN ONE WEEK. Am I coming to your state? 🐠🐸,Corook,Music Content,False,2023-08-30 17:51:25,2025-09-15,2025,9,38,Monday,747,7671,436,39,19.177500000000002,5.683743970799114,0.5084082909659757,6.19215226176509,10.269076305220883,0.0,0.0,2025-09-15 06:34:02
gUPFgXYmNS4,maybe my most vulnerable song. I’m not doing well is part of serious person (part 1) out Friday 💛,Corook,Music Content,False,2023-06-01 02:22:48,2025-09-15,2025,9,38,Monday,837,17564,1624,89,43.91,9.246185379184697,0.5067182874060578,9.752903666590754,20.98446833930705,0.0,0.0,2025-09-15 06:34:10
gUSf-SQTvPQ,"still running, where we going next?!? 😭💕💜‼️ #flyanaboss #evanblummadeit",Flyana Boss,Music Content,False,2023-06-29 17:25:20,2025-09-12,2025,9,37,Friday,806,2048672,100419,2447,5121.68,4.901663126161728,0.11944322956529889,5.021106355727027,2541.7766749379653,0.0,0.0,2025-09-12 08:06:36
gUSf-SQTvPQ,"still running, where we going next?!? 😭💕💜‼️ #flyanaboss #evanblummadeit",Flyana Boss,Music Content,False,2023-06-29 17:25:20,2025-09-14,2025,9,37,Sunday,808,2048686,100413,2447,5121.715,4.901336759269112,0.11944241333225296,5.020779172601365,2535.5024752475247,0.0006833695193764546,0.0006833695193736133,2025-09-14 03:26:45
gUy4vIWnlck,Flyana Boss - Nepo Baby (Lyric Video),Flyana Boss,Lyric Video,False,2024-09-20 19:00:21,2025-09-12,2025,9,37,Friday,357,42011,1696,42,105.0275,4.037037918640356,0.09997381638142391,4.1370117350217805,117.67787114845939,0.0,0.0,2025-09-12 08:06:09
gUy4vIWnlck,Flyana Boss - Nepo Baby (Lyric Video),Flyana Boss,Lyric Video,False,2024-09-20 19:00:21,2025-09-14,2025,9,37,Sunday,359,42082,1698,42,105.205,4.034979326077657,0.09980514234114349,4.1347844684188,117.22005571030641,0.16900335626383567,0.16900335626383078,2025-09-14 03:26:22
gZcaDAFhV_w,THEY!!! 🐸✨,Corook,Music Content,False,2025-01-23 19:11:42,2025-09-15,2025,9,38,Monday,235,2963,293,13,7.407500000000001,9.888626392170098,0.4387445156935539,10.327370907863651,12.608510638297872,0.0,0.0,2025-09-15 06:33:41
geS90j8zaG8,👀👀👀 remix coming soooon 🦋 #flyanaboss,Flyana Boss,Remix,False,2023-09-05 18:15:42,2025-09-12,2025,9,37,Friday,738,3115044,242615,2605,7787.61,7.78849351726653,0.08362642710664761,7.8721199443731775,4220.926829268293,0.0,0.0,2025-09-12 08:06:36
geS90j8zaG8,👀👀👀 remix coming soooon 🦋 #flyanaboss,Flyana Boss,Remix,False,2023-09-05 18:15:42,2025-09-14,2025,9,37,Sunday,740,3115153,242605,2605,7787.8825,7.787899984366739,0.08362350099658027,7.871523485363319,4209.6662162162165,0.0034991480056140462,0.003499148005614513,2025-09-14 03:26:45
gf_w6VeSr3s,talk2me - re6ce (official visualiser),re6ce,Visualizer,False,2021-12-25 05:00:25,2025-09-14,2025,9,37,Sunday,1359,181289,3147,114,453.22249999999997,1.7359023437715468,0.06288302103271572,1.7987853648042627,133.39882266372334,0.0,0.0,2025-09-14 03:38:54
ggv9UO-CLug,COBRAH - FEMININE ENERGY (Official Music Video),COBRAH,Official Music Video,False,2023-09-08 04:00:09,2025-09-12,2025,9,37,Friday,735,1159410,21297,428,2898.525,1.836882552332652,0.03691532762353266,1.8737978799561845,1577.4285714285713,0.0,0.0,2025-09-12 08:05:26
ggv9UO-CLug,COBRAH - FEMININE ENERGY (Official Music Video),COBRAH,Official Music Video,False,2023-09-08 04:00:09,2025-09-14,2025,9,37,Sunday,737,1161973,21318,428,2904.9325,1.8346381542428267,0.03683390233680128,1.871472056579628,1576.6255088195387,0.22106071191381824,0.22106071191381133,2025-09-14 03:25:58
ghQ6DKlMDzk,we wanna go run at the pyramids 😭 #flyanaboss #hiphop,Flyana Boss,Music Content,False,2023-07-31 23:35:44,2025-09-12,2025,9,37,Friday,774,1032405,45906,2116,2581.0125,4.446510816975896,0.20495832546335982,4.651469142439256,1333.8565891472867,0.0,0.0,2025-09-12 08:06:36
ghQ6DKlMDzk,we wanna go run at the pyramids 😭 #flyanaboss #hiphop,Flyana Boss,Music Content,False,2023-07-31 23:35:44,2025-09-14,2025,9,37,Sunday,776,1032447,45904,2116,2581.1175,4.4461362181303254,0.20494998774755507,4.65108620587788,1330.4729381443299,0.004068170921295422,0.0040681709212961265,2025-09-14 03:26:45
gj-KOLu4V-U,vampire - re6ce (official visualiser),re6ce,Visualizer,False,2022-05-05 23:00:10,2025-09-14,2025,9,37,Sunday,1228,126855,2656,120,317.1375,2.0937290607386383,0.09459619250325174,2.18832525324189,103.30211726384364,0.0,0.0,2025-09-14 03:38:54
grmXztE716E,"Natalie, where ya at?",Corook,Music Content,False,2023-06-30 18:51:46,2025-09-15,2025,9,38,Monday,808,56316,2903,146,140.79000000000002,5.154840542652177,0.2592513672846083,5.414091909936785,69.6980198019802,0.0,0.0,2025-09-15 06:34:02
h-m4CKnXmVM,How old are they? #flyanaboss,Flyana Boss,Music Content,False,2025-07-11 18:52:51,2025-09-12,2025,9,37,Friday,63,10006,895,17,25.015,8.944633220067958,0.16989806116330203,9.11453128123126,158.82539682539684,0.0,0.0,2025-09-12 08:06:09
h-m4CKnXmVM,How old are they? #flyanaboss,Flyana Boss,Music Content,False,2025-07-11 18:52:51,2025-09-14,2025,9,37,Sunday,65,10146,901,17,25.365000000000002,8.88034693475261,0.1675537157500493,9.04790065050266,156.09230769230768,1.3991605036977814,1.399160503697787,2025-09-14 03:26:22
hDuqyDae4R0,TELL US WHERE WE SHOULD RUN NEXT ✨🏃🏾‍♀️🏃🏽‍♀️💜 #flyanaboss #besties,Flyana Boss,Music Content,False,2023-06-24 18:50:39,2025-09-12,2025,9,37,Friday,811,4061551,182396,5650,10153.8775,4.490796742426723,0.13910941903721016,4.629906161463933,5008.07768187423,0.0,0.0,2025-09-12 08:06:36
hDuqyDae4R0,TELL US WHERE WE SHOULD RUN NEXT ✨🏃🏾‍♀️🏃🏽‍♀️💜 #flyanaboss #besties,Flyana Boss,Music Content,False,2023-06-24 18:50:39,2025-09-14,2025,9,37,Sunday,813,4061691,182385,5650,10154.227499999999,4.490371128675224,0.13910462415777075,4.629475752832994,4995.929889298893,0.003446959055789279,0.003446959055774947,2025-09-14 03:26:45
hOU07qaUBYc,LIKE A SYNONYM!!!!!!! 🫰🏾 #flyanaboss #besties #hiphop,Flyana Boss,Music Content,False,2023-06-17 17:18:07,2025-09-12,2025,9,37,Friday,818,6021076,322232,7640,15052.69,5.351734474037531,0.12688761942217636,5.478622093459708,7360.728606356968,0.0,0.0,2025-09-12 08:06:36
hOU07qaUBYc,LIKE A SYNONYM!!!!!!! 🫰🏾 #flyanaboss #besties #hiphop,Flyana Boss,Music Content,False,2023-06-17 17:18:07,2025-09-14,2025,9,37,Sunday,820,6021484,322238,7640,15053.710000000001,5.351471497723817,0.126879021849099,5.478350519572916,7343.273170731707,0.006776197476995806,0.0067761974769987065,2025-09-14 03:26:45
hVeKGAb_K4g,Vday anthem loading... #flyanaboss,Flyana Boss,Music Content,False,2024-01-18 23:28:44,2025-09-12,2025,9,37,Friday,603,31247,3331,74,78.1175,10.660223381444618,0.23682273498255832,10.897046116427177,51.81923714759536,0.0,0.0,2025-09-12 08:06:26
hVeKGAb_K4g,Vday anthem loading... #flyanaboss,Flyana Boss,Music Content,False,2024-01-18 23:28:44,2025-09-14,2025,9,37,Sunday,605,31253,3330,74,78.1325,10.654977122196268,0.23677726938213933,10.891754391578408,51.65785123966942,0.01920184337696419,0.019201843376946724,2025-09-14 03:26:36
haAFZ0SgFGo,CALL ME KHALEESI #hiphop #besties #flyanaboss,Flyana Boss,Music Content,False,2023-05-09 01:04:53,2025-09-12,2025,9,37,Friday,857,620871,61026,625,1552.1775,9.82909493276381,0.10066503347716353,9.929759966240974,724.4702450408402,0.0,0.0,2025-09-12 08:06:50
haAFZ0SgFGo,CALL ME KHALEESI #hiphop #besties #flyanaboss,Flyana Boss,Music Content,False,2023-05-09 01:04:53,2025-09-14,2025,9,37,Sunday,859,620874,61023,625,1552.185,9.828564249751157,0.10066454707396348,9.92922879682512,722.7869615832363,0.00048319216069038495,0.00048319216068628336,2025-09-14 03:26:56
hijS2cBWITA,BiC Fizzle - No Tomorrow [Official Audio],BiC Fizzle,Official Audio,False,2023-01-27 05:00:31,2025-09-12,2025,9,37,Friday,959,114266,2387,29,285.665,2.0889853499728703,0.025379377942695115,2.1143647279155653,119.1511991657977,0.0,0.0,2025-09-12 18:54:42
hijS2cBWITA,BiC Fizzle - No Tomorrow [Official Audio],BiC Fizzle,Official Audio,False,2023-01-27 05:00:31,2025-09-14,2025,9,37,Sunday,961,114334,2386,29,285.83500000000004,2.0868682981440343,0.025364283590183147,2.1122325817342174,118.97398543184183,0.05951026552080234,0.0595102655208079,2025-09-14 03:25:42
hk4em_kx7Fs,❤️,Raiche,Music Content,False,2024-07-24 19:00:31,2025-09-15,2025,9,38,Monday,418,6356,441,37,15.89,6.938325991189427,0.5821271239773442,7.520453115166772,15.205741626794259,0.0,0.0,2025-09-15 06:33:04
hrvXsNJuIXQ,It’s a classic in my books 📚,Raiche,Music Content,False,2024-08-22 21:08:36,2025-09-15,2025,9,38,Monday,389,2655,201,10,6.637499999999999,7.5706214689265545,0.3766478342749529,7.947269303201508,6.825192802056555,0.0,0.0,2025-09-15 06:33:04
hvu7_-ZuEWk,Raiche -  Hello Darlin [Official Visualizer],Raiche,Visualizer,False,2025-04-25 04:00:52,2025-09-15,2025,9,38,Monday,143,24380,185,31,60.949999999999996,0.7588187038556193,0.12715340442986053,0.8859721082854799,170.48951048951048,0.0,0.0,2025-09-15 06:33:04
hwfSuRLbetY,Raiche - 047 [Official Audio],Raiche,Official Audio,False,2019-03-01 05:00:06,2025-09-15,2025,9,38,Monday,2390,52863,899,43,132.1575,1.7006223634678317,0.08134233774095302,1.7819647012087847,22.118410041841003,0.0,0.0,2025-09-15 06:33:13
hymLvfisNCo,to all of the people who I haven’t texted back 🤳🏼,Corook,Music Content,False,2023-06-26 16:44:03,2025-09-15,2025,9,38,Monday,812,63638,3468,108,159.095,5.449574153807474,0.1697099217448694,5.6192840755523425,78.37192118226601,0.0,0.0,2025-09-15 06:34:02
i2aiZbT5eeU,"""Be The One"" Cover",Raiche,Music Content,False,2017-10-13 01:34:37,2025-09-15,2025,9,38,Monday,2894,2806,127,12,7.015000000000001,4.526015680684248,0.42765502494654317,4.953670705630791,0.9695922598479613,0.0,0.0,2025-09-15 06:33:22
i5JKQ0N0RUY,any volunteers? 🪄🙋🏼,Corook,Music Content,False,2024-09-27 07:09:22,2025-09-15,2025,9,38,Monday,353,2128,209,20,5.32,9.821428571428571,0.9398496240601504,10.761278195488721,6.028328611898017,0.0,0.0,2025-09-15 06:33:41
i6h271WIm1g,COBRAH - TEQUILA (Official Audio),COBRAH,Official Audio,False,2023-10-13 04:00:33,2025-09-12,2025,9,37,Friday,700,226281,4460,108,565.7025,1.9710006584733142,0.04772826706616994,2.018728925539484,323.25857142857143,0.0,0.0,2025-09-12 08:05:26
i6h271WIm1g,COBRAH - TEQUILA (Official Audio),COBRAH,Official Audio,False,2023-10-13 04:00:33,2025-09-14,2025,9,37,Sunday,702,227119,4466,109,567.7975,1.9663700527036487,0.04799246210136537,2.014362514805014,323.53133903133903,0.37033599816157786,0.3703359981615827,2025-09-14 03:25:58
i94oYhn_d0c,Flyana Boss - You Wish (Official Music Video),Flyana Boss,Official Music Video,False,2023-09-13 18:00:11,2025-09-12,2025,9,37,Friday,730,1372167,55864,2420,3430.4174999999996,4.07122456668904,0.17636337267985602,4.247587939368896,1879.6808219178083,0.0,0.0,2025-09-12 08:06:36
i94oYhn_d0c,Flyana Boss - You Wish (Official Music Video),Flyana Boss,Official Music Video,False,2023-09-13 18:00:11,2025-09-14,2025,9,37,Sunday,732,1373972,55884,2420,3434.93,4.06733179424326,0.17613168245058852,4.243463476693848,1877.0109289617487,0.13154375524261988,0.13154375524262785,2025-09-14 03:26:45
iEL5yL4aThc,COBRAH - GOOD PUSS (Official Music Video),COBRAH,Official Music Video,False,2021-07-22 16:00:09,2025-09-12,2025,9,37,Friday,1513,4139859,87178,2742,10349.647500000001,2.1058205122444993,0.06623413985838648,2.1720546521028856,2736.1923331130206,0.0,0.0,2025-09-12 08:05:35
iEL5yL4aThc,COBRAH - GOOD PUSS (Official Music Video),COBRAH,Official Music Video,False,2021-07-22 16:00:09,2025-09-14,2025,9,37,Sunday,1515,4144125,87212,2742,10360.3125,2.104473200012065,0.06616595783187042,2.1706391578439357,2735.3960396039606,0.10304698783219428,0.10304698783218515,2025-09-14 03:26:07
iK1as9XJ8qw,The cutest besties you’ve ever seen #besties #hiphop #flyanaboss,Flyana Boss,Music Content,False,2023-04-06 18:58:06,2025-09-12,2025,9,37,Friday,890,41708,3295,27,104.27,7.900163038266041,0.06473578210415269,7.964898820370194,46.86292134831461,0.0,0.0,2025-09-12 08:06:50
iK1as9XJ8qw,The cutest besties you’ve ever seen #besties #hiphop #flyanaboss,Flyana Boss,Music Content,False,2023-04-06 18:58:06,2025-09-14,2025,9,37,Sunday,892,41710,3295,27,104.275,7.899784224406617,0.06473267801486454,7.964516902421482,46.76008968609865,0.0047952431188261245,0.004795243118835392,2025-09-14 03:26:56
iM7b_dQvqSc,Biggest accomplishment of the year 💅 #queer,Corook,Music Content,False,2025-01-08 00:54:12,2025-09-15,2025,9,38,Monday,250,5434,344,21,13.585,6.330511593669488,0.38645564961354434,6.716967243283032,21.736,0.0,0.0,2025-09-15 06:33:41
iNMx_JbAO2Q,🏃🏽‍♀️🏃🏾‍♀️WHERE NEXT?? 🙃 #flyanaboss #besties,Flyana Boss,Music Content,False,2023-06-25 05:20:51,2025-09-12,2025,9,37,Friday,810,3041209,150067,3003,7603.022499999999,4.934452055087302,0.0987436246571676,5.03319567974447,3754.579012345679,0.0,0.0,2025-09-12 08:06:36
iNMx_JbAO2Q,🏃🏽‍♀️🏃🏾‍♀️WHERE NEXT?? 🙃 #flyanaboss #besties,Flyana Boss,Music Content,False,2023-06-25 05:20:51,2025-09-14,2025,9,37,Sunday,812,3041357,150061,3002,7603.3925,4.934014652012244,0.09870593948688036,5.032720591499124,3745.5135467980294,0.004866485664089511,0.004866485664100039,2025-09-14 03:26:45
iOL6tebfJjQ,I’m not thinking of you 💭,Raiche,Music Content,False,2024-08-21 01:20:55,2025-09-15,2025,9,38,Monday,390,3417,291,19,8.5425,8.516242317822652,0.5560433128475271,9.072285630670178,8.761538461538462,0.0,0.0,2025-09-15 06:33:04
iUK9erMDW-0,Your favorite duo back with another one!! 👽🛸,Flyana Boss,Music Content,False,2023-12-20 23:55:20,2025-09-12,2025,9,37,Friday,632,38884,3015,29,97.21000000000001,7.753831910297294,0.07458080444398724,7.828412714741281,61.5253164556962,0.0,0.0,2025-09-12 08:06:26
iUK9erMDW-0,Your favorite duo back with another one!! 👽🛸,Flyana Boss,Music Content,False,2023-12-20 23:55:20,2025-09-14,2025,9,37,Sunday,634,38890,3014,29,97.225,7.750064283877603,0.07456929802005657,7.82463358189766,61.34069400630915,0.015430511264273222,0.015430511264259188,2025-09-14 03:26:36
iaB9Qn70gXs,CANDYMAN DANCE (: - FLYANA BOSS,Flyana Boss,Music Content,False,2024-07-11 19:05:32,2025-09-12,2025,9,37,Friday,428,11794,1048,11,29.485,8.885874173308462,0.09326776326945904,8.979141936577921,27.55607476635514,0.0,0.0,2025-09-12 08:06:17
iaB9Qn70gXs,CANDYMAN DANCE (: - FLYANA BOSS,Flyana Boss,Music Content,False,2024-07-11 19:05:32,2025-09-14,2025,9,37,Sunday,430,11805,1048,11,29.5125,8.877594239728928,0.09318085556967386,8.970775095298603,27.453488372093023,0.09326776326945904,0.09326776326945857,2025-09-14 03:26:30
idIzfYmlso0,"You guys, this tour has been so fun 🤗",Corook,Music Content,False,2023-09-26 16:59:47,2025-09-15,2025,9,38,Monday,720,958,104,6,2.395,10.855949895615867,0.6263048016701461,11.482254697286013,1.3305555555555555,0.0,0.0,2025-09-15 06:33:55
idbycqEa4ek,"4,000 GALLON SLIME BATH (BRAND NEW BITCH - Behind The Scenes)",COBRAH,Music Content,False,2022-09-21 16:00:26,2025-09-12,2025,9,37,Friday,1087,57369,1022,41,143.4225,1.7814499119733656,0.07146716867994911,1.8529170806533146,52.77736890524379,0.0,0.0,2025-09-12 08:05:26
idbycqEa4ek,"4,000 GALLON SLIME BATH (BRAND NEW BITCH - Behind The Scenes)",COBRAH,Music Content,False,2022-09-21 16:00:26,2025-09-14,2025,9,37,Sunday,1089,57491,1022,41,143.7275,1.7776695482771216,0.07131551025377886,1.8489850585309004,52.79247015610652,0.21265840436472658,0.2126584043647115,2025-09-14 03:25:58
ifd9ryAD1XE,"We just got the first copies of our book and OH MY GOD you guys, it’s happening!!",Corook,Music Content,False,2023-11-15 17:29:54,2025-09-15,2025,9,38,Monday,670,4760,262,13,11.899999999999999,5.504201680672269,0.27310924369747897,5.777310924369748,7.104477611940299,0.0,0.0,2025-09-15 06:33:55
ijfvBM6jeRo,COBRAH - BRAND NEW BITCH (Official Rebirth Video),COBRAH,Music Content,False,2022-09-09 17:00:10,2025-09-12,2025,9,37,Friday,1099,1349020,35561,823,3372.55,2.6360617337029844,0.06100724970719485,2.6970689834101793,1227.4977252047315,0.0,0.0,2025-09-12 08:05:26
ijfvBM6jeRo,COBRAH - BRAND NEW BITCH (Official Rebirth Video),COBRAH,Music Content,False,2022-09-09 17:00:10,2025-09-14,2025,9,37,Sunday,1101,1350935,35580,824,3377.3374999999996,2.633731452660565,0.06099479249556789,2.694726245156133,1227.0072661217075,0.14195490059450566,0.14195490059448945,2025-09-14 03:25:58
ik4s0sJ9Kys,COBRAH & Ayesha Erotica - QUICK LICK (TEQUILA REMIX) [Official Audio],COBRAH,Official Audio,False,2024-07-26 04:00:28,2025-09-12,2025,9,37,Friday,413,56651,1914,106,141.6275,3.378581137137915,0.18711055409436728,3.5656916912322822,137.16949152542372,0.0,0.0,2025-09-12 08:05:26
ik4s0sJ9Kys,COBRAH & Ayesha Erotica - QUICK LICK (TEQUILA REMIX) [Official Audio],COBRAH,Official Audio,False,2024-07-26 04:00:28,2025-09-14,2025,9,37,Sunday,415,56749,1915,106,141.8725,3.374508801917214,0.18678743237766304,3.5612962342948773,136.74457831325302,0.1729890028419622,0.1729890028419654,2025-09-14 03:25:58
ikXA4e7JIaE,Candyman Dance 💗 #flyanaboss #candyman #dance Credit: @PiperRockelle,Flyana Boss,Music Content,False,2024-06-07 00:09:39,2025-09-12,2025,9,37,Friday,462,3616,165,4,9.040000000000001,4.563053097345133,0.11061946902654868,4.673672566371682,7.8268398268398265,0.0,0.0,2025-09-12 08:06:26
ikXA4e7JIaE,Candyman Dance 💗 #flyanaboss #candyman #dance Credit: @PiperRockelle,Flyana Boss,Music Content,False,2024-06-07 00:09:39,2025-09-14,2025,9,37,Sunday,464,3622,165,4,9.055,4.555494202098289,0.11043622308117064,4.665930425179459,7.806034482758621,0.16592920353982302,0.16592920353980964,2025-09-14 03:26:36
ilH7flcDcPk,still shimmerin ☀️,Corook,Music Content,False,2023-07-30 17:25:33,2025-09-15,2025,9,38,Monday,778,11742,557,121,29.355000000000004,4.743655254641458,1.030488843467893,5.774144098109351,15.09254498714653,0.0,0.0,2025-09-15 06:34:02
imMMzRFJWfg,Which friend are youuu??,Flyana Boss,Music Content,False,2023-01-02 20:43:38,2025-09-12,2025,9,37,Friday,984,16826,863,0,42.065,5.128967074765244,0.0,5.128967074765244,17.099593495934958,0.0,0.0,2025-09-12 08:07:01
imMMzRFJWfg,Which friend are youuu??,Flyana Boss,Music Content,False,2023-01-02 20:43:38,2025-09-14,2025,9,37,Sunday,986,16828,863,0,42.07,5.128357499405753,0.0,5.128357499405753,17.066937119675455,0.011886366337810532,0.011886366337816612,2025-09-14 03:27:05
itOMRnzERGg,Who’s been naughty this year?,COBRAH,Music Content,False,2021-12-24 19:21:17,2025-09-12,2025,9,37,Friday,1358,10531,541,15,26.3275,5.137213939796791,0.14243661570601082,5.279650555502801,7.754786450662739,0.0,0.0,2025-09-12 08:05:35
itOMRnzERGg,Who’s been naughty this year?,COBRAH,Music Content,False,2021-12-24 19:21:17,2025-09-14,2025,9,37,Sunday,1360,10536,541,15,26.34,5.134776006074412,0.14236902050113895,5.277145026575551,7.747058823529412,0.04747887190200361,0.04747887190200091,2025-09-14 03:26:07
itgIFwzeEt0,"PSA: If u live in the US or UK, then I am coming to a city near you 🚐 tix are on sale…see you there!",Corook,Live Performance,False,2023-07-25 01:07:13,2025-09-15,2025,9,38,Monday,783,51748,3215,197,129.37,6.212800494705109,0.3806910411996599,6.59349153590477,66.08939974457216,0.0,0.0,2025-09-15 06:34:02
iueBQ6CdyuU,Flyana Boss - Miss Me (Visualizer),Flyana Boss,Visualizer,False,2022-03-15 20:38:01,2025-09-12,2025,9,37,Friday,1277,283888,9224,218,709.7199999999999,3.2491686862424616,0.07679084709462887,3.3259595333370906,222.30853563038372,0.0,0.0,2025-09-12 08:07:01
iueBQ6CdyuU,Flyana Boss - Miss Me (Visualizer),Flyana Boss,Visualizer,False,2022-03-15 20:38:01,2025-09-14,2025,9,37,Sunday,1279,283989,9224,218,709.9725,3.248013127269014,0.07676353661585483,3.324776663884869,222.0398749022674,0.03557741080989686,0.03557741080990456,2025-09-14 03:27:05
iyhK8womAeI,BiC Fizzle - Part 1 [Official Music Video],BiC Fizzle,Official Music Video,False,2025-05-16 23:02:02,2025-09-12,2025,9,37,Friday,119,103171,1998,75,257.9275,1.936590708629363,0.07269484642002114,2.009285555049384,866.9831932773109,0.0,0.0,2025-09-12 18:54:42
iyhK8womAeI,BiC Fizzle - Part 1 [Official Music Video],BiC Fizzle,Official Music Video,False,2025-05-16 23:02:02,2025-09-14,2025,9,37,Sunday,121,103417,2001,75,258.5425,1.9348849802256884,0.07252192579556553,2.007406906021254,854.6859504132232,0.2384390962576693,0.23843909625767282,2025-09-14 03:25:42
izbpvOPd9fw,SHINE BRIGHT SHINE FAR 💫✨ #flyanaboss #evanblummadeit,Flyana Boss,Music Content,False,2023-09-23 20:46:14,2025-09-12,2025,9,37,Friday,720,209280,22663,211,523.2,10.829032874617738,0.10082186544342507,10.929854740061163,290.6666666666667,0.0,0.0,2025-09-12 08:06:36
izbpvOPd9fw,SHINE BRIGHT SHINE FAR 💫✨ #flyanaboss #evanblummadeit,Flyana Boss,Music Content,False,2023-09-23 20:46:14,2025-09-14,2025,9,37,Sunday,722,209284,22661,211,523.21,10.827870262418532,0.10081993845683376,10.928690200875366,289.86703601108036,0.00191131498470948,0.0019113149847077415,2025-09-14 03:26:45
jDQ0FfXmx2M,Raiche - Pick A Side [Official Audio],Raiche,Official Audio,False,2020-08-28 04:00:18,2025-09-15,2025,9,38,Monday,1844,738192,9370,372,1845.48,1.2693174675423196,0.05039339358865986,1.3197108611309794,400.32104121475055,0.0,0.0,2025-09-15 06:33:13
jIqHSdr-x6o,we wrote the second verse in the car one month ago ❤️,Corook,Music Content,False,2023-05-12 20:13:07,2025-09-15,2025,9,38,Monday,857,289781,13527,368,724.4525,4.668007909421252,0.12699245292134403,4.795000362342597,338.13418903150523,0.0,0.0,2025-09-15 06:34:10
jKoXb8Av5cY,Raiche - Standards (Live In Studio),Raiche,Live Performance,False,2025-06-06 14:01:11,2025-09-15,2025,9,38,Monday,101,15016,120,15,37.54,0.7991475759190196,0.09989344698987745,0.8990410229088971,148.67326732673268,0.0,0.0,2025-09-15 06:33:04
jLRL_3RoJjY,BiC Fizzle - Don't Panic [Official Audio],BiC Fizzle,Official Audio,False,2023-01-27 05:00:18,2025-09-12,2025,9,37,Friday,959,85782,1723,23,214.45499999999998,2.0085798885547086,0.026812151733463897,2.0353920402881727,89.44942648592284,0.0,0.0,2025-09-12 18:54:42
jLRL_3RoJjY,BiC Fizzle - Don't Panic [Official Audio],BiC Fizzle,Official Audio,False,2023-01-27 05:00:18,2025-09-14,2025,9,37,Sunday,961,85857,1723,23,214.64249999999998,2.006825302537941,0.026788730097720627,2.0336140326356618,89.34131113423517,0.08743092956564313,0.08743092956564315,2025-09-14 03:25:42
jPGK0LZTIHU,Flyana Boss - Fondue (Lyric Video),Flyana Boss,Lyric Video,False,2023-04-28 04:00:30,2025-09-12,2025,9,37,Friday,868,218729,6123,174,546.8225,2.7993544523131364,0.07955049399028022,2.8789049463034164,251.99193548387098,0.0,0.0,2025-09-12 08:06:50
jPGK0LZTIHU,Flyana Boss - Fondue (Lyric Video),Flyana Boss,Lyric Video,False,2023-04-28 04:00:30,2025-09-14,2025,9,37,Sunday,870,218823,6124,174,547.0575,2.7986089213656697,0.07951632141045503,2.878125242776125,251.52068965517242,0.04297555422463414,0.042975554224636635,2025-09-14 03:26:56
jPrF8zVf4eg,Is this the best live duo!?! #flyanaboss,Flyana Boss,Live Performance,False,2023-05-15 18:24:13,2025-09-12,2025,9,37,Friday,851,134516,6838,36,336.28999999999996,5.083410151952184,0.026762615599631268,5.110172767551815,158.06815511163336,0.0,0.0,2025-09-12 08:06:36
jPrF8zVf4eg,Is this the best live duo!?! #flyanaboss,Flyana Boss,Live Performance,False,2023-05-15 18:24:13,2025-09-14,2025,9,37,Sunday,853,134516,6837,36,336.28999999999996,5.082666745963305,0.026762615599631268,5.1094293615629365,157.69753810082062,0.0,0.0,2025-09-14 03:26:45
jTSh8FmlL7s,love meeting you fellow fishies 🐠,Corook,Music Content,False,2023-05-04 23:01:17,2025-09-15,2025,9,38,Monday,865,20461,736,11,51.152499999999996,3.5970871413909387,0.05376081325448414,3.650847954645423,23.654335260115605,0.0,0.0,2025-09-15 06:34:10
jWu7rW3jdPM,okay now where?! 🏰💜💕🙃🙃🙃,Flyana Boss,Music Content,False,2023-06-30 21:06:58,2025-09-12,2025,9,37,Friday,805,3996856,0,5277,9992.140000000001,0.0,0.13202877461684884,0.13202877461684884,4965.038509316771,0.0,0.0,2025-09-12 08:06:36
jWu7rW3jdPM,okay now where?! 🏰💜💕🙃🙃🙃,Flyana Boss,Music Content,False,2023-06-30 21:06:58,2025-09-14,2025,9,37,Sunday,807,3996869,0,5277,9992.1725,0.0,0.13202834518719528,0.13202834518719528,4952.749690210657,0.00032525565094164015,0.0003252556509350866,2025-09-14 03:26:45
jcUXRDmBXwg,THE PUPPETS PRESENT: emergency contact,Corook,Music Content,False,2023-08-30 00:32:55,2025-09-15,2025,9,38,Monday,747,5382,397,18,13.454999999999998,7.376439985135637,0.33444816053511706,7.710888145670753,7.204819277108434,0.0,0.0,2025-09-15 06:34:02
jjNmVGAFB7o,corook - snakes (official audio),Corook,Official Audio,False,2022-04-01 04:02:07,2025-09-15,2025,9,38,Monday,1263,254881,1403,81,637.2025,0.5504529564777288,0.03177953633264151,0.5822324928103704,201.80601741884402,0.0,0.0,2025-09-15 06:34:25
jnl0WTxUekU,RIP me,Corook,Music Content,False,2024-10-01 01:29:51,2025-09-15,2025,9,38,Monday,349,7201,609,13,18.002499999999998,8.45715872795445,0.180530481877517,8.637689209831967,20.63323782234957,0.0,0.0,2025-09-15 06:33:41
jpK361VATog,CANDYMAN DANCE - Flyanaboss,Flyana Boss,Music Content,False,2024-08-07 01:59:53,2025-09-12,2025,9,37,Friday,401,4112,219,1,10.280000000000001,5.325875486381323,0.024319066147859923,5.3501945525291825,10.254364089775562,0.0,0.0,2025-09-12 08:06:17
jpK361VATog,CANDYMAN DANCE - Flyanaboss,Flyana Boss,Music Content,False,2024-08-07 01:59:53,2025-09-14,2025,9,37,Sunday,403,4132,219,1,10.329999999999998,5.300096805421103,0.02420135527589545,5.324298160696999,10.253101736972704,0.48638132295719844,0.4863813229571708,2025-09-14 03:26:30
jqK3uLB5bA0,corook - blankets (lyric video),Corook,Lyric Video,False,2025-02-28 05:00:45,2025-09-15,2025,9,38,Monday,199,3529,149,17,8.8225,4.222159251912723,0.4817228676678946,4.7038821195806175,17.733668341708544,0.0,0.0,2025-09-15 06:33:34
jsf75gRULiU,CANDYMAN DANCE CHALLENGE - flyanaboss,Flyana Boss,Music Content,False,2024-08-07 18:27:21,2025-09-12,2025,9,37,Friday,401,3629,241,1,9.0725,6.640947919537063,0.027555800496004413,6.668503720033067,9.049875311720697,0.0,0.0,2025-09-12 08:06:09
jsf75gRULiU,CANDYMAN DANCE CHALLENGE - flyanaboss,Flyana Boss,Music Content,False,2024-08-07 18:27:21,2025-09-14,2025,9,37,Sunday,403,3641,241,1,9.1025,6.619060697610546,0.027464982147761604,6.646525679758308,9.034739454094293,0.3306696059520529,0.33066960595204586,2025-09-14 03:26:22
jx3UlMJ6j6k,Period… 4/28,Flyana Boss,Music Content,False,2023-04-21 17:50:57,2025-09-12,2025,9,37,Friday,875,36191,1316,5,90.4775,3.6362631593490096,0.013815589511204443,3.650078748860214,41.36114285714286,0.0,0.0,2025-09-12 08:06:50
jx3UlMJ6j6k,Period… 4/28,Flyana Boss,Music Content,False,2023-04-21 17:50:57,2025-09-14,2025,9,37,Sunday,877,36192,1315,5,90.48,3.633399646330681,0.013815207780725022,3.647214854111406,41.267958950969216,0.0027631179022408886,0.0027631179022383754,2025-09-14 03:26:56
jy7c0dr1SxQ,people ask who’s featured on this song but the truth is it’s just me sounding more angsty than usual,Corook,Music Content,False,2024-09-10 19:41:34,2025-09-15,2025,9,38,Monday,370,37026,3929,106,92.56500000000001,10.611462215740291,0.2862853130232809,10.897747528763572,100.07027027027027,0.0,0.0,2025-09-15 06:33:48
k-Z5hZmmskc,FLYANA BOSS TV | Episode 2 (tour vlog),Flyana Boss,Music Content,False,2023-09-12 15:00:38,2025-09-12,2025,9,37,Friday,731,7049,581,60,17.622500000000002,8.24230387288977,0.8511845651865514,9.093488438076323,9.642954856361149,0.0,0.0,2025-09-12 08:06:36
k-Z5hZmmskc,FLYANA BOSS TV | Episode 2 (tour vlog),Flyana Boss,Music Content,False,2023-09-12 15:00:38,2025-09-14,2025,9,37,Sunday,733,7049,581,60,17.622500000000002,8.24230387288977,0.8511845651865514,9.093488438076323,9.616643929058663,0.0,0.0,2025-09-14 03:26:45
k5ulBOuDtEU,“alien” is my commitment to prioritize finding myself over fitting in.,Corook,Music Content,False,2023-10-09 21:31:09,2025-09-15,2025,9,38,Monday,707,3249,244,14,8.1225,7.510003077870114,0.43090181594336713,7.940904893813482,4.5954738330975955,0.0,0.0,2025-09-15 06:33:55
kCQQ-sBXvHM,i'm going on my first headline tour!!,Corook,Music Content,False,2023-06-06 18:02:10,2025-09-15,2025,9,38,Monday,832,41205,1444,76,103.01249999999999,3.504429074141488,0.18444363548113094,3.688872709622619,49.52524038461539,0.0,0.0,2025-09-15 06:34:02
kD9dxo0XHIw,Meet Hans - my (former!?) drummer,Corook,Music Content,False,2023-09-17 18:23:00,2025-09-15,2025,9,38,Monday,729,2684,162,7,6.710000000000001,6.0357675111773474,0.26080476900149036,6.296572280178838,3.681755829903978,0.0,0.0,2025-09-15 06:34:02
kMSu30JswMs,corook - snakes (live),Corook,Live Performance,False,2022-05-03 16:02:03,2025-09-15,2025,9,38,Monday,1231,140620,1655,111,351.55,1.1769307353150336,0.07893613995164273,1.2558668752666762,114.23233143785541,0.0,0.0,2025-09-15 06:34:25
kNkYY3X3_AY,i'm not doing well,Corook,Music Content,False,2023-02-15 21:27:09,2025-09-15,2025,9,38,Monday,943,10209,1041,60,25.5225,10.196885101381135,0.5877167205406993,10.784601821921834,10.826086956521738,0.0,0.0,2025-09-15 06:34:10
kRjT7sdBug0,corook - weird (lyric video),Corook,Lyric Video,False,2025-02-28 05:00:46,2025-09-15,2025,9,38,Monday,199,3315,178,9,8.2875,5.369532428355957,0.27149321266968324,5.6410256410256405,16.65829145728643,0.0,0.0,2025-09-15 06:33:34
kSXeZeQDPFs,Celebrating the last week of '23 by looking back @ all of the wonderful memories I’ve made this year,Corook,Music Content,False,2023-12-28 14:12:40,2025-09-15,2025,9,38,Monday,627,1316,103,7,3.29,7.826747720364742,0.5319148936170213,8.358662613981764,2.0988835725677832,0.0,0.0,2025-09-15 06:33:48
kU_3fs2Cva4,Raiche - Pick A Side [Official Music Video],Raiche,Official Music Video,False,2020-09-03 16:00:09,2025-09-15,2025,9,38,Monday,1838,940326,14353,758,2350.815,1.5263855301246587,0.08061034151985588,1.6069958716445145,511.60282916213276,0.0,0.0,2025-09-15 06:33:13
kcGWJP4kAS4,What’s the tea????☕️,Flyana Boss,Music Content,False,2023-05-02 14:44:02,2025-09-12,2025,9,37,Friday,864,109187,9297,52,272.9675,8.514749924441555,0.04762471722824146,8.562374641669797,126.3738425925926,0.0,0.0,2025-09-12 08:06:50
kcGWJP4kAS4,What’s the tea????☕️,Flyana Boss,Music Content,False,2023-05-02 14:44:02,2025-09-14,2025,9,37,Sunday,866,109188,9296,52,272.97,8.513756090412866,0.04762428105652636,8.561380371469392,126.08314087759815,0.0009158599466969511,0.0009158599467169425,2025-09-14 03:26:56
kdrNxgwMPds,BiC Fizzle - Check (feat. Big Yavo) [Official Music Video],BiC Fizzle,Official Music Video,False,2023-01-06 05:00:09,2025-09-12,2025,9,37,Friday,980,667128,14880,278,1667.8200000000002,2.2304565240853327,0.04167116355482007,2.2721276876401526,680.7428571428571,0.0,0.0,2025-09-12 18:54:52
kdrNxgwMPds,BiC Fizzle - Check (feat. Big Yavo) [Official Music Video],BiC Fizzle,Official Music Video,False,2023-01-06 05:00:09,2025-09-14,2025,9,37,Sunday,982,667490,14883,278,1668.725,2.2296963250385775,0.04164856402343106,2.2713448890620085,679.7250509164969,0.05426245038433404,0.05426245038431877,2025-09-14 03:25:50
kiDY2zb13ng,Candyman Dance #flyanaboss #badalee #kirstendodgen Credit: @lauraonce9,Flyana Boss,Music Content,False,2024-06-11 00:01:35,2025-09-12,2025,9,37,Friday,458,9023,604,4,22.557499999999997,6.694004211459603,0.04433115371827552,6.738335365177878,19.700873362445414,0.0,0.0,2025-09-12 08:06:17
kiDY2zb13ng,Candyman Dance #flyanaboss #badalee #kirstendodgen Credit: @lauraonce9,Flyana Boss,Music Content,False,2024-06-11 00:01:35,2025-09-14,2025,9,37,Sunday,460,9028,604,4,22.57,6.6902968542312795,0.044306601683650866,6.734603455914931,19.62608695652174,0.0554139421478444,0.055413942147857005,2025-09-14 03:26:30
kjH_lplSRg8,Flyana Boss on Trillerfest!!,Flyana Boss,Music Content,False,2020-06-12 23:45:01,2025-09-12,2025,9,37,Friday,1918,8509,214,5,21.2725,2.5149841344458808,0.05876131155247385,2.5737454459983544,4.436392075078206,0.0,0.0,2025-09-12 08:07:01
kjH_lplSRg8,Flyana Boss on Trillerfest!!,Flyana Boss,Music Content,False,2020-06-12 23:45:01,2025-09-14,2025,9,37,Sunday,1920,8510,214,5,21.275,2.514688601645123,0.05875440658049354,2.573443008225617,4.432291666666667,0.01175226231049477,0.01175226231048408,2025-09-14 03:27:05
kphNAD7T0_o,Don’t try this at home kids! #flyanaboss #evanblummadeit,Flyana Boss,Music Content,False,2023-09-21 13:08:59,2025-09-12,2025,9,37,Friday,722,319023,29678,295,797.5575000000001,9.30277754268501,0.09246982192506496,9.395247364610075,441.8601108033241,0.0,0.0,2025-09-12 08:06:36
kphNAD7T0_o,Don’t try this at home kids! #flyanaboss #evanblummadeit,Flyana Boss,Music Content,False,2023-09-21 13:08:59,2025-09-14,2025,9,37,Sunday,724,319029,29675,295,797.5725,9.301662231333202,0.09246808283886418,9.394130314172067,440.6477900552486,0.0018807421408487787,0.0018807421408328139,2025-09-14 03:26:45
ktDQhQ23yZY,"I try to fit in, but there’s so much to learn 👽",Corook,Music Content,False,2023-11-07 19:31:54,2025-09-15,2025,9,38,Monday,678,2590,319,16,6.475,12.316602316602317,0.6177606177606177,12.934362934362936,3.8200589970501473,0.0,0.0,2025-09-15 06:33:55
kw0RorzgU-M,CANDYMAN DANCE CHALLENGE - flyanaboss #dance,Flyana Boss,Music Content,False,2024-08-08 20:36:53,2025-09-12,2025,9,37,Friday,400,11008,640,4,27.519999999999996,5.813953488372093,0.036337209302325583,5.850290697674418,27.52,0.0,0.0,2025-09-12 08:06:09
kw0RorzgU-M,CANDYMAN DANCE CHALLENGE - flyanaboss #dance,Flyana Boss,Music Content,False,2024-08-08 20:36:53,2025-09-14,2025,9,37,Sunday,402,11034,641,4,27.585,5.80931665760377,0.036251586006887805,5.845568243610657,27.44776119402985,0.23619186046511625,0.23619186046513388,2025-09-14 03:26:22
l24s30RN8Ts,One size fits all except for me,Corook,Music Content,False,2023-05-31 00:06:41,2025-09-15,2025,9,38,Monday,838,5077,319,21,12.692499999999999,6.283238132755564,0.4136300965136892,6.696868229269253,6.058472553699284,0.0,0.0,2025-09-15 06:34:10
lGAjqVO_UcY,nicky c is our lil gum drop #flyanaboss,Flyana Boss,Music Content,False,2024-08-07 18:31:52,2025-09-12,2025,9,37,Friday,401,7528,439,19,18.82,5.831562167906482,0.25239107332624866,6.083953241232731,18.773067331670823,0.0,0.0,2025-09-12 08:06:09
lGAjqVO_UcY,nicky c is our lil gum drop #flyanaboss,Flyana Boss,Music Content,False,2024-08-07 18:31:52,2025-09-14,2025,9,37,Sunday,403,7545,440,19,18.8625,5.831676607024519,0.25182239893969516,6.083499005964215,18.722084367245657,0.22582359192348567,0.22582359192348792,2025-09-14 03:26:22
lM8oYQCqOqk,C*NT OUT NOWWWWW 😈😈 #flyanaboss,Flyana Boss,Music Content,False,2025-06-06 20:35:16,2025-09-12,2025,9,37,Friday,98,39098,5424,82,97.745,13.872832369942195,0.20972939792316742,14.082561767865363,398.9591836734694,0.0,0.0,2025-09-12 08:06:09
lM8oYQCqOqk,C*NT OUT NOWWWWW 😈😈 #flyanaboss,Flyana Boss,Music Content,False,2025-06-06 20:35:16,2025-09-14,2025,9,37,Sunday,100,39197,5429,82,97.9925,13.850549786973493,0.20919968364925887,14.059749470622751,391.97,0.25320988285845825,0.2532098828584605,2025-09-14 03:26:22
lV3oFPdqx90,Trying to make a Nepo Baby!,Flyana Boss,Music Content,False,2024-09-20 23:08:45,2025-09-12,2025,9,37,Friday,357,17268,1377,24,43.17,7.974287699791521,0.13898540653231412,8.113273106323835,48.36974789915966,0.0,0.0,2025-09-12 08:06:09
lV3oFPdqx90,Trying to make a Nepo Baby!,Flyana Boss,Music Content,False,2024-09-20 23:08:45,2025-09-14,2025,9,37,Sunday,359,17308,1378,24,43.269999999999996,7.9616362375779985,0.13866420152530623,8.100300439103306,48.211699164345404,0.23164234422052352,0.23164234422051033,2025-09-14 03:26:22
laWsUUhXK4w,Is this the self love anthem of 2023!?!,Flyana Boss,Music Content,False,2023-02-07 21:30:07,2025-09-12,2025,9,37,Friday,948,22968,4067,21,57.42,17.707244862417276,0.09143155694879833,17.798676419366075,24.227848101265824,0.0,0.0,2025-09-12 08:07:01
laWsUUhXK4w,Is this the self love anthem of 2023!?!,Flyana Boss,Music Content,False,2023-02-07 21:30:07,2025-09-14,2025,9,37,Sunday,950,22969,4067,21,57.4225,17.706473943140754,0.09142757629848927,17.797901519439243,24.177894736842106,0.004353883664228492,0.004353883664224532,2025-09-14 03:27:05
ldF6mp0rwBI,Let’s get C*nty,Flyana Boss,Music Content,False,2025-06-05 20:45:53,2025-09-12,2025,9,37,Friday,99,6965,520,10,17.4125,7.4659009332376165,0.14357501794687724,7.609475951184494,70.35353535353535,0.0,0.0,2025-09-12 08:06:09
ldF6mp0rwBI,Let’s get C*nty,Flyana Boss,Music Content,False,2025-06-05 20:45:53,2025-09-14,2025,9,37,Sunday,101,7060,523,10,17.65,7.407932011331445,0.141643059490085,7.54957507082153,69.9009900990099,1.3639626704953338,1.3639626704953174,2025-09-14 03:26:22
lexUuVAddh4,best friends for real 💕🥰 @AppleMusic @zanelowetv,Flyana Boss,Music Content,False,2023-09-29 06:38:56,2025-09-12,2025,9,37,Friday,714,54789,4509,57,136.9725,8.229754147730384,0.10403548157476865,8.333789629305153,76.73529411764706,0.0,0.0,2025-09-12 08:06:36
lexUuVAddh4,best friends for real 💕🥰 @AppleMusic @zanelowetv,Flyana Boss,Music Content,False,2023-09-29 06:38:56,2025-09-14,2025,9,37,Sunday,716,54794,4509,57,136.98499999999999,8.229003175530169,0.10402598824688836,8.333029163777057,76.52793296089385,0.009125919436383216,0.009125919436374917,2025-09-14 03:26:45
lgQ4q_swpJU,corook - degree (live),Corook,Live Performance,False,2022-05-24 16:07:01,2025-09-15,2025,9,38,Monday,1210,94839,477,26,237.0975,0.5029576440072122,0.0274148820632862,0.5303725260704985,78.3793388429752,0.0,0.0,2025-09-15 06:34:25
lnlsJHhiGRQ,Love is a burning thing ❤️🔥,Raiche,Music Content,False,2022-10-08 12:00:34,2025-09-15,2025,9,38,Monday,1073,3511,321,16,8.7775,9.142694389062946,0.4557106237539163,9.598405012816862,3.2721342031686858,0.0,0.0,2025-09-15 06:33:04
lrDGFL2WGTk,have you been tuned in to our twitch livestreams? :),Flyana Boss,Live Performance,False,2025-03-03 21:12:32,2025-09-12,2025,9,37,Friday,193,10293,706,17,25.732499999999998,6.859030409015836,0.16516078888565044,7.024191197901486,53.33160621761658,0.0,0.0,2025-09-12 08:06:09
lrDGFL2WGTk,have you been tuned in to our twitch livestreams? :),Flyana Boss,Live Performance,False,2025-03-03 21:12:32,2025-09-14,2025,9,37,Sunday,195,10342,710,17,25.855,6.865209824018565,0.16437826339199382,7.029588087410558,53.03589743589744,0.4760516856115807,0.47605168561158956,2025-09-14 03:26:22
ls0rmxBUvLU,hearts at war 🩶 this friday,Raiche,Music Content,False,2024-09-18 21:52:06,2025-09-15,2025,9,38,Monday,362,3826,381,24,9.565,9.958180867746995,0.6272869837950863,10.58546785154208,10.569060773480663,0.0,0.0,2025-09-15 06:33:04
lyQNjTla41g,🖕🏾 Wat Ya Heard,BiC Fizzle,Music Content,False,2022-08-12 14:00:34,2025-09-12,2025,9,37,Friday,1127,22550,1583,37,56.375,7.019955654101996,0.164079822616408,7.184035476718404,20.008873114463178,0.0,0.0,2025-09-12 18:54:52
lyQNjTla41g,🖕🏾 Wat Ya Heard,BiC Fizzle,Music Content,False,2022-08-12 14:00:34,2025-09-14,2025,9,37,Sunday,1129,22555,1584,37,56.3875,7.0228330747062735,0.164043449346043,7.186876524052317,19.977856510186005,0.022172949002217293,0.022172949002222338,2025-09-14 03:25:50
lyucNWtLwMM,re6ce - eyebags,re6ce,Music Content,False,2024-02-09 08:00:34,2025-09-14,2025,9,37,Sunday,583,52247,973,45,130.6175,1.8623078837062415,0.08612934713954869,1.9484372308457902,89.61749571183533,0.0,0.0,2025-09-14 03:38:54
m9xlvOzyaHs,Hi UK! Come! It will be fun! I promise!,Corook,Music Content,False,2023-11-08 22:02:12,2025-09-15,2025,9,38,Monday,677,1600,131,6,4.0,8.1875,0.375,8.5625,2.363367799113737,0.0,0.0,2025-09-15 06:33:55
mEwrVk1qAH4,Tour is so sooon 💚 who am I seeing it’s for science,Corook,Music Content,False,2025-02-18 19:31:28,2025-09-15,2025,9,38,Monday,209,2941,270,27,7.352499999999999,9.180550833049983,0.9180550833049982,10.09860591635498,14.07177033492823,0.0,0.0,2025-09-15 06:33:41
mNANdFFarCQ,never let anyone dim your light & always make room for whats good & perfectly right for you 🌱❣️,Raiche,Music Content,False,2024-06-19 19:00:23,2025-09-15,2025,9,38,Monday,453,2274,142,7,5.6850000000000005,6.244503078276165,0.30782761653474056,6.552330694810905,5.0198675496688745,0.0,0.0,2025-09-15 06:33:04
mNtCJyec0MA,TEA TIME HAD BEGUN #hiphop #besties #flyanaboss,Flyana Boss,Music Content,False,2023-05-21 01:25:04,2025-09-12,2025,9,37,Friday,845,148488,9673,93,371.22,6.514331124400625,0.0626313237433328,6.576962448143958,175.72544378698225,0.0,0.0,2025-09-12 08:06:36
mNtCJyec0MA,TEA TIME HAD BEGUN #hiphop #besties #flyanaboss,Flyana Boss,Music Content,False,2023-05-21 01:25:04,2025-09-14,2025,9,37,Sunday,847,148489,9673,93,371.2225,6.514287253601276,0.06263090195233316,6.576918155553609,175.3116883116883,0.0006734550940143311,0.0006734550940137186,2025-09-14 03:26:45
mOcQ6AS5_D4,Flyana Boss x DJ Smallz - You Wish - Jersey Club Remix (Lyric Video),Flyana Boss,Lyric Video,False,2023-08-18 04:00:27,2025-09-12,2025,9,37,Friday,756,26798,1056,39,66.99499999999999,3.940592581535936,0.1455332487499067,4.086125830285843,35.44708994708995,0.0,0.0,2025-09-12 08:06:36
mOcQ6AS5_D4,Flyana Boss x DJ Smallz - You Wish - Jersey Club Remix (Lyric Video),Flyana Boss,Lyric Video,False,2023-08-18 04:00:27,2025-09-14,2025,9,37,Sunday,758,26804,1056,39,67.00999999999999,3.9397104909714966,0.14550067154156096,4.085211162513057,35.361477572559366,0.022389730576908726,0.022389730576909576,2025-09-14 03:26:45
mX3WYECNanU,Raise your hand if you feel personally victimized by prestreched hair #besties,Flyana Boss,Music Content,False,2023-03-27 20:39:51,2025-09-12,2025,9,37,Friday,900,31651,1649,26,79.1275,5.209945973270987,0.08214590376291428,5.292091877033901,35.16777777777778,0.0,0.0,2025-09-12 08:06:50
mX3WYECNanU,Raise your hand if you feel personally victimized by prestreched hair #besties,Flyana Boss,Music Content,False,2023-03-27 20:39:51,2025-09-14,2025,9,37,Sunday,902,31653,1649,26,79.1325,5.209616781979591,0.08214071336050295,5.291757495340094,35.0920177383592,0.0063189156740703295,0.006318915674064582,2025-09-14 03:26:56
mbqqJqD6xhc,This is so totally and completely normal….💚🐸😭,Corook,Music Content,False,2025-01-27 17:10:36,2025-09-15,2025,9,38,Monday,231,3284,282,8,8.209999999999999,8.587088915956151,0.24360535931790497,8.830694275274057,14.216450216450216,0.0,0.0,2025-09-15 06:33:41
mcrdqSJNYlk,MANIC dropping THIS Friday 🖤,COBRAH,Music Content,False,2023-08-09 17:07:16,2025-09-12,2025,9,37,Friday,765,8359,571,19,20.8975,6.830960641225027,0.2272999162579256,7.058260557482953,10.926797385620915,0.0,0.0,2025-09-12 08:05:26
mcrdqSJNYlk,MANIC dropping THIS Friday 🖤,COBRAH,Music Content,False,2023-08-09 17:07:16,2025-09-14,2025,9,37,Sunday,767,8378,571,19,20.945,6.815469085700644,0.226784435426116,7.04225352112676,10.923076923076923,0.2272999162579256,0.22729991625792287,2025-09-14 03:25:58
mh7QcuggbmA,BiC Fizzle - So Icy Fizzle (feat. Cootie) [Official Audio],BiC Fizzle,Official Audio,False,2021-10-18 04:00:15,2025-09-12,2025,9,37,Friday,1425,115805,2557,74,289.51250000000005,2.2080221061266783,0.0639005224299469,2.271922628556625,81.26666666666667,0.0,0.0,2025-09-12 18:54:52
mh7QcuggbmA,BiC Fizzle - So Icy Fizzle (feat. Cootie) [Official Audio],BiC Fizzle,Official Audio,False,2021-10-18 04:00:15,2025-09-14,2025,9,37,Sunday,1427,115810,2557,74,289.525,2.2079267766168726,0.06389776357827476,2.2718245401951473,81.15627189908899,0.004317602866888304,0.004317602866864742,2025-09-14 03:25:50
mkNzCJRnvrg,BiC Fizzle - Get Down Gang (feat. Li Rye) [Official Music Video],BiC Fizzle,Official Music Video,False,2023-01-24 19:26:59,2025-09-12,2025,9,37,Friday,962,294645,7465,172,736.6125,2.5335573317042543,0.058375333027881005,2.5919326647321355,306.2837837837838,0.0,0.0,2025-09-12 18:54:52
mkNzCJRnvrg,BiC Fizzle - Get Down Gang (feat. Li Rye) [Official Music Video],BiC Fizzle,Official Music Video,False,2023-01-24 19:26:59,2025-09-14,2025,9,37,Sunday,964,294713,7465,172,736.7825,2.5329727565461995,0.058361863915063136,2.5913346204612626,305.7188796680498,0.02307862003427854,0.023078620034288417,2025-09-14 03:25:50
mpakjtRJ-cw,Have you ever had a trashboi?,Flyana Boss,Music Content,False,2023-05-29 20:08:01,2025-09-12,2025,9,37,Friday,837,263438,12829,100,658.595,4.8698365459804585,0.03795959580622386,4.907796141786682,314.74074074074076,0.0,0.0,2025-09-12 08:06:36
mpakjtRJ-cw,Have you ever had a trashboi?,Flyana Boss,Music Content,False,2023-05-29 20:08:01,2025-09-14,2025,9,37,Sunday,839,263443,12829,100,658.6075,4.869744119221235,0.037958875354440993,4.9077029945756765,313.9964243146603,0.0018979797903111927,0.0018979797903008353,2025-09-14 03:26:45
nAT3G4WRCwM,Even I can’t breathe.. presave: https://cobrah.lnk.to/SUCK,COBRAH,Music Content,False,2023-06-09 18:12:38,2025-09-12,2025,9,37,Friday,826,12477,349,21,31.192500000000003,2.797146750020037,0.1683096898292859,2.965456439849323,15.105326876513317,0.0,0.0,2025-09-12 08:05:26
nAT3G4WRCwM,Even I can’t breathe.. presave: https://cobrah.lnk.to/SUCK,COBRAH,Music Content,False,2023-06-09 18:12:38,2025-09-14,2025,9,37,Sunday,828,12535,350,21,31.3375,2.792181890706023,0.16753091344236137,2.9597128041483844,15.13888888888889,0.4648553338142182,0.4648553338142054,2025-09-14 03:25:58
nfltscjIJ-Q,I just had to 🤣 (watch till the end) Committed to a Bit tour has officially started. NYC tomorrow!,Corook,Music Content,False,2025-03-04 17:30:29,2025-09-15,2025,9,38,Monday,195,2714,156,25,6.785,5.747973470891673,0.9211495946941783,6.669123065585851,13.917948717948718,0.0,0.0,2025-09-15 06:33:34
npmaTcBSWg8,went a little too hard on this bridge.,Corook,Music Content,False,2022-11-30 19:42:14,2025-09-15,2025,9,38,Monday,1020,27112,1390,58,67.78,5.126881085866037,0.21392741221599293,5.34080849808203,26.580392156862747,0.0,0.0,2025-09-15 06:34:25
nqTE-jwaQgY,re6ce - i dont even own prada shoes lol (official video),re6ce,Official Music Video,False,2024-04-19 04:50:10,2025-09-14,2025,9,37,Sunday,513,111689,3045,191,279.22249999999997,2.726320407560279,0.17101057400460207,2.897330981564881,217.71734892787524,0.0,0.0,2025-09-14 03:38:54
ntxnsbey5Yw,It’s so very cool that this song has made its way into the ears of so many healing people ❤️‍🩹,Corook,Music Content,False,2024-10-15 18:22:01,2025-09-15,2025,9,38,Monday,335,1545,251,11,3.8625,16.245954692556637,0.7119741100323626,16.957928802589,4.611940298507463,0.0,0.0,2025-09-15 06:33:41
nvC6_Uufbbs,lol 🖤,COBRAH,Music Content,False,2023-02-19 13:29:08,2025-09-12,2025,9,37,Friday,936,11621,788,31,29.052500000000002,6.780827811720163,0.2667584545219861,7.047586266242149,12.415598290598291,0.0,0.0,2025-09-12 08:05:26
nvC6_Uufbbs,lol 🖤,COBRAH,Music Content,False,2023-02-19 13:29:08,2025-09-14,2025,9,37,Sunday,938,11633,788,31,29.082499999999996,6.77383306111923,0.2664832803232184,7.040316341442448,12.401918976545842,0.10326133723431719,0.10326133723429663,2025-09-14 03:25:58
nvJ02rzsj5U,corook - worcestershire (lyric video),Corook,Lyric Video,False,2025-02-28 05:00:51,2025-09-15,2025,9,38,Monday,199,2619,123,25,6.5475,4.696449026345934,0.9545628102329133,5.6510118365788475,13.160804020100503,0.0,0.0,2025-09-15 06:33:34
nwLisXCX1Y0,(really good drumming intensifies),Corook,Music Content,False,2023-10-06 20:04:08,2025-09-15,2025,9,38,Monday,710,2096,143,8,5.24,6.822519083969465,0.38167938931297707,7.2041984732824424,2.952112676056338,0.0,0.0,2025-09-15 06:33:55
nwMT0Tnkjwg,Candyman Dance #flyanaboss #candyman Credit: @notnolendubuc,Flyana Boss,Music Content,False,2024-06-07 00:07:53,2025-09-12,2025,9,37,Friday,462,11694,492,7,29.235000000000003,4.207285787583376,0.05985975714041388,4.26714554472379,25.31168831168831,0.0,0.0,2025-09-12 08:06:26
nwMT0Tnkjwg,Candyman Dance #flyanaboss #candyman Credit: @notnolendubuc,Flyana Boss,Music Content,False,2024-06-07 00:07:53,2025-09-14,2025,9,37,Sunday,464,11704,492,7,29.26,4.203691045796309,0.05980861244019139,4.2634996582365,25.224137931034484,0.08551393877201983,0.08551393877201496,2025-09-14 03:26:36
nwjYWEGGFCI,Learn the Candyman dance🕺🍬 #badalee #kirstendogden #dancetutorial Credit: @Nguyenthao16121,Flyana Boss,Music Content,False,2024-06-14 22:34:39,2025-09-12,2025,9,37,Friday,455,12390,747,3,30.975,6.0290556900726395,0.024213075060532687,6.053268765133172,27.23076923076923,0.0,0.0,2025-09-12 08:06:17
nwjYWEGGFCI,Learn the Candyman dance🕺🍬 #badalee #kirstendogden #dancetutorial Credit: @Nguyenthao16121,Flyana Boss,Music Content,False,2024-06-14 22:34:39,2025-09-14,2025,9,37,Sunday,457,12397,747,3,30.9925,6.025651367266274,0.02419940308139066,6.049850770347665,27.12691466083151,0.05649717514124294,0.056497175141237435,2025-09-14 03:26:30
nwvjY0juBIE,Heyyyyy big cheddddaaaaa 🐀🧀🦋 #flyanaboss #evanblummadeit,Flyana Boss,Music Content,False,2024-03-19 20:08:40,2025-09-12,2025,9,37,Friday,542,29236,2775,31,73.09,9.491722533862362,0.106033657135039,9.597756190997401,53.94095940959409,0.0,0.0,2025-09-12 08:06:26
nwvjY0juBIE,Heyyyyy big cheddddaaaaa 🐀🧀🦋 #flyanaboss #evanblummadeit,Flyana Boss,Music Content,False,2024-03-19 20:08:40,2025-09-14,2025,9,37,Sunday,544,29241,2776,31,73.10249999999999,9.493519373482439,0.10601552614479669,9.599534899627235,53.751838235294116,0.017102202763715966,0.017102202763700412,2025-09-14 03:26:36
o-MbpnUvAC8,I’m so late for the Swedish Grammys babes!!,COBRAH,Music Content,False,2022-05-20 09:21:06,2025-09-12,2025,9,37,Friday,1211,24334,1535,27,60.835,6.308046354894387,0.11095586422289799,6.419002219117285,20.094137076796038,0.0,0.0,2025-09-12 08:05:26
o-MbpnUvAC8,I’m so late for the Swedish Grammys babes!!,COBRAH,Music Content,False,2022-05-20 09:21:06,2025-09-14,2025,9,37,Sunday,1213,24352,1535,27,60.88,6.30338370565046,0.11087385019710908,6.414257555847569,20.075845012366035,0.07397057614859867,0.07397057614860146,2025-09-14 03:25:58
o2vQJzkohqo,I mean…who’s with me!!? 🖕🐍🚫🙅,Corook,Music Content,False,2025-04-02 19:04:45,2025-09-15,2025,9,38,Monday,166,15226,453,103,38.065000000000005,2.9751740443977406,0.6764744515959543,3.651648495993695,91.72289156626506,0.0,0.0,2025-09-15 06:33:34
o6AAmvioILk,first tease of the next song ‘ballerina’🍀 thoughts? questions? comments? concerns? 🤔,Corook,Music Content,False,2024-09-09 18:02:41,2025-09-15,2025,9,38,Monday,371,2541,288,18,6.3525,11.334120425029516,0.7083825265643447,12.04250295159386,6.849056603773585,0.0,0.0,2025-09-15 06:33:48
oD3oIjLNavo,Raiche - Lost You (Cover),Raiche,Music Content,False,2022-03-15 19:00:16,2025-09-15,2025,9,38,Monday,1280,9711,336,33,24.2775,3.4599938214396047,0.3398208217485326,3.7998146431881374,7.58671875,0.0,0.0,2025-09-15 06:33:13
oDcjg8RgIWY,corook - degree (music video),Corook,Music Content,False,2022-02-11 15:00:03,2025-09-15,2025,9,38,Monday,1312,422258,2231,111,1055.645,0.5283499661344486,0.026287246185981085,0.5546372123204297,321.842987804878,0.0,0.0,2025-09-15 06:34:25
oGIIfLp6BCc,Raiche - Feelings [Official Audio],Raiche,Official Audio,False,2022-08-26 04:00:31,2025-09-15,2025,9,38,Monday,1116,13381,462,33,33.4525,3.4526567521112024,0.24661833943651446,3.699275091547717,11.990143369175627,0.0,0.0,2025-09-15 06:33:13
oLBF5JM-P3c,BiC Fizzle - Rich Criminals (feat. Cootie & Big 30) [Official Music Video],BiC Fizzle,Official Music Video,False,2021-10-18 04:00:13,2025-09-12,2025,9,37,Friday,1425,1251972,23446,691,3129.93,1.872725588112194,0.0551929276373593,1.9279185157495533,878.5768421052632,0.0,0.0,2025-09-12 18:54:52
oLBF5JM-P3c,BiC Fizzle - Rich Criminals (feat. Cootie & Big 30) [Official Music Video],BiC Fizzle,Official Music Video,False,2021-10-18 04:00:13,2025-09-14,2025,9,37,Sunday,1427,1252147,23450,692,3130.3675,1.8727833073912248,0.05526507670425277,1.9280483840954776,877.468114926419,0.01397794838862211,0.01397794838862211,2025-09-14 03:25:50
oMHkTpOTBKI,BiC Fizzle - Never A Dream (Freestyle),BiC Fizzle,Music Content,False,2021-08-25 22:13:33,2025-09-12,2025,9,37,Friday,1479,490713,15614,472,1226.7825,3.181900622155924,0.09618656933890074,3.2780871914948246,331.7870182555781,0.0,0.0,2025-09-12 18:54:52
oMHkTpOTBKI,BiC Fizzle - Never A Dream (Freestyle),BiC Fizzle,Music Content,False,2021-08-25 22:13:33,2025-09-14,2025,9,37,Sunday,1481,490748,15614,472,1226.87,3.181673689959001,0.09617970934165804,3.277853399300659,331.36259284267385,0.007132478658604928,0.007132478658593807,2025-09-14 03:25:50
oSeLQ_3uVAU,"Idk where, but I’m going, always changing always growing, just like my haircut 💇🏼",Corook,Music Content,False,2023-12-01 00:45:03,2025-09-15,2025,9,38,Monday,654,3091,339,15,7.727500000000001,10.967324490456164,0.48527984471044966,11.452604335166614,4.726299694189603,0.0,0.0,2025-09-15 06:33:55
oUmkhPbkEPU,Flyana Boss - Bitch Imma Star (Lyric Video),Flyana Boss,Lyric Video,False,2023-09-26 16:00:43,2025-09-12,2025,9,37,Friday,717,183793,5957,219,459.4825,3.2411462895757728,0.11915578939350248,3.3603020789692755,256.3361227336123,0.0,0.0,2025-09-12 08:06:36
oUmkhPbkEPU,Flyana Boss - Bitch Imma Star (Lyric Video),Flyana Boss,Lyric Video,False,2023-09-26 16:00:43,2025-09-14,2025,9,37,Sunday,719,183892,5959,219,459.73,3.2404889826637375,0.11909164074565506,3.359580623409393,255.7607788595271,0.05386494589021345,0.053864945890213935,2025-09-14 03:26:45
oYfvGSEPTCU,still slaps!,Corook,Music Content,False,2025-03-14 14:03:58,2025-09-15,2025,9,38,Monday,185,13798,692,76,34.495,5.01521959704305,0.5508044644151326,5.566024061458182,74.58378378378379,0.0,0.0,2025-09-15 06:33:34
oYqS3MEc7o8,Flyana Boss - Mango Bananas (Lyric Video),Flyana Boss,Lyric Video,False,2022-06-23 04:01:27,2025-09-12,2025,9,37,Friday,1177,99572,2403,99,248.93,2.413329048326839,0.09942554131683605,2.512754589643675,84.59813084112149,0.0,0.0,2025-09-12 08:07:01
oYqS3MEc7o8,Flyana Boss - Mango Bananas (Lyric Video),Flyana Boss,Lyric Video,False,2022-06-23 04:01:27,2025-09-14,2025,9,37,Sunday,1179,99625,2403,99,249.0625,2.4120451693851948,0.09937264742785445,2.511417816813049,84.49957591178965,0.05322781504840718,0.053227815048404445,2025-09-14 03:27:05
o_obL11smuI,Flyana Boss - You Wish (Official Music Video),Flyana Boss,Official Music Video,False,2023-10-03 21:31:23,2025-09-12,2025,9,37,Friday,710,150843,11845,97,377.10749999999996,7.852535417619643,0.06430527104340275,7.916840688663046,212.45492957746478,0.0,0.0,2025-09-12 08:06:26
o_obL11smuI,Flyana Boss - You Wish (Official Music Video),Flyana Boss,Official Music Video,False,2023-10-03 21:31:23,2025-09-14,2025,9,37,Sunday,712,150860,11842,97,377.15000000000003,7.849661938220867,0.06429802465862389,7.913959962879491,211.88202247191012,0.011269995956060274,0.011269995956080173,2025-09-14 03:26:36
odUfJRRygpM,JBLiens crash landed on your planet!🛸👽 Thank you!! @jbl #JBLMakesEarbuds #ad 🎥Evan Blum,Flyana Boss,Music Content,False,2023-12-15 20:49:28,2025-09-12,2025,9,37,Friday,637,26746,2073,36,66.865,7.750691692215658,0.13459956629028638,7.885291258505944,41.98744113029827,0.0,0.0,2025-09-12 08:06:26
odUfJRRygpM,JBLiens crash landed on your planet!🛸👽 Thank you!! @jbl #JBLMakesEarbuds #ad 🎥Evan Blum,Flyana Boss,Music Content,False,2023-12-15 20:49:28,2025-09-14,2025,9,37,Sunday,639,26750,2073,36,66.875,7.749532710280374,0.13457943925233645,7.884112149532711,41.8622848200313,0.014955507365587378,0.01495550736559503,2025-09-14 03:26:36
ofFAyp-6It0,corook - jokes on me (lyric video),Corook,Lyric Video,False,2025-02-28 05:01:00,2025-09-15,2025,9,38,Monday,199,7191,510,81,17.9775,7.092198581560284,1.1264080100125156,8.218606591572799,36.1356783919598,0.0,0.0,2025-09-15 06:33:34
ogD5i7x0c0U,CAR RAPS W\ BLOOPERS,Flyana Boss,Music Content,False,2022-08-29 19:20:57,2025-09-12,2025,9,37,Friday,1110,10913,464,16,27.2825,4.251809768166407,0.14661412993677267,4.39842389810318,9.831531531531532,0.0,0.0,2025-09-12 08:07:01
ogD5i7x0c0U,CAR RAPS W\ BLOOPERS,Flyana Boss,Music Content,False,2022-08-29 19:20:57,2025-09-14,2025,9,37,Sunday,1112,10915,464,16,27.287499999999998,4.2510306917086575,0.14658726523133303,4.397617956939991,9.815647482014388,0.018326766242096584,0.018326766242092937,2025-09-14 03:27:05
oq8G1dZqyMo,LIVE PREMIERE 9/9  10 AM PST -  7 PM CET - 3 AM NSW,COBRAH,Live Performance,False,2022-09-08 18:05:39,2025-09-12,2025,9,37,Friday,1100,11589,438,12,28.9725,3.779446026404349,0.1035464664768315,3.8829924928811805,10.535454545454545,0.0,0.0,2025-09-12 08:05:26
oq8G1dZqyMo,LIVE PREMIERE 9/9  10 AM PST -  7 PM CET - 3 AM NSW,COBRAH,Live Performance,False,2022-09-08 18:05:39,2025-09-14,2025,9,37,Sunday,1102,11618,438,12,29.045,3.770012050266827,0.10328800137717334,3.8733000516440006,10.542649727767696,0.25023729398567607,0.2502372939856815,2025-09-14 03:25:58
oyYBhjy5rH4,corook - idk god (live),Corook,Live Performance,False,2022-05-17 16:05:21,2025-09-15,2025,9,38,Monday,1217,169266,2870,288,423.16499999999996,1.6955561069559155,0.1701463967955762,1.8657025037514918,139.0846343467543,0.0,0.0,2025-09-15 06:34:25
ozaX8W3Z8y8,This is olivia’s favorite song I’ve made. Probably cause it’s about her but still 😅,Corook,Music Content,False,2023-05-17 20:22:47,2025-09-15,2025,9,38,Monday,852,9541,454,46,23.8525,4.75841106802222,0.48212975579079764,5.240540823813017,11.198356807511738,0.0,0.0,2025-09-15 06:34:10
p0Sw0mI5PQc,Flyana Boss - See Sumn (Official Visualizer),Flyana Boss,Visualizer,False,2025-01-17 19:00:28,2025-09-12,2025,9,37,Friday,238,114507,6477,200,286.26750000000004,5.65642275144751,0.17466181106831896,5.831084562515828,481.1218487394958,0.0,0.0,2025-09-12 08:06:09
p0Sw0mI5PQc,Flyana Boss - See Sumn (Official Visualizer),Flyana Boss,Visualizer,False,2025-01-17 19:00:28,2025-09-14,2025,9,37,Sunday,240,114731,6481,200,286.8275,5.648865607377256,0.17432080257297503,5.823186409950231,478.04583333333335,0.19562122839651722,0.19562122839649815,2025-09-14 03:26:22
pEtVrFLwoyY,These socks do really need to get a drawer,Corook,Music Content,False,2023-08-15 01:10:19,2025-09-15,2025,9,38,Monday,762,17201,640,65,43.0025,3.7207139119818615,0.37788500668565783,4.09859891866752,22.573490813648295,0.0,0.0,2025-09-15 06:34:02
pKkHsBjmuJM,@maxhelgemo and I play Coachella in our heads 🤘🏻,Corook,Music Content,False,2023-09-12 17:19:37,2025-09-15,2025,9,38,Monday,734,7837,421,8,19.5925,5.371953553655735,0.10207987750414699,5.474033431159882,10.677111716621253,0.0,0.0,2025-09-15 06:34:02
pOldjOXF2xk,check 🖤,COBRAH,Music Content,False,2024-09-13 15:52:29,2025-09-12,2025,9,37,Friday,364,15613,389,17,39.0325,2.4915134823544483,0.10888362262217383,2.600397104976622,42.892857142857146,0.0,0.0,2025-09-12 08:05:26
pOldjOXF2xk,check 🖤,COBRAH,Music Content,False,2024-09-13 15:52:29,2025-09-14,2025,9,37,Sunday,366,15777,391,17,39.442499999999995,2.478291183368194,0.10775179058122583,2.5860429739494197,43.10655737704918,1.0504067123550886,1.05040671235508,2025-09-14 03:25:58
pS7BvwPUH9Y,MANIC premiere right here tmrw ⛓️,COBRAH,Music Content,False,2023-08-10 17:13:22,2025-09-12,2025,9,37,Friday,764,9362,459,12,23.405,4.902798547318949,0.1281777397991882,5.030976287118137,12.25392670157068,0.0,0.0,2025-09-12 08:05:26
pS7BvwPUH9Y,MANIC premiere right here tmrw ⛓️,COBRAH,Music Content,False,2023-08-10 17:13:22,2025-09-14,2025,9,37,Sunday,766,9407,460,12,23.5175,4.88997555012225,0.1275645795684065,5.017540129690656,12.280678851174935,0.48066652424695583,0.4806665242469436,2025-09-14 03:25:58
pSGAFzbVlXo,BiC Fizzle - Clark Street Baby (feat. Big Scarr) [Official Audio],BiC Fizzle,Official Audio,False,2021-10-18 04:00:16,2025-09-12,2025,9,37,Friday,1425,3022561,33725,449,7556.4025,1.1157756617649734,0.014854952472423221,1.1306306142373967,2121.095438596491,0.0,0.0,2025-09-12 18:54:52
pSGAFzbVlXo,BiC Fizzle - Clark Street Baby (feat. Big Scarr) [Official Audio],BiC Fizzle,Official Audio,False,2021-10-18 04:00:16,2025-09-14,2025,9,37,Sunday,1427,3023556,33734,449,7558.89,1.1157061420393735,0.014850063964418056,1.1305562060037915,2118.8199018920814,0.03291910403131649,0.032919104031318897,2025-09-14 03:25:50
pSPryuOsTdc,BiC Fizzle - Ndrangheta (feat. Sett) [Official Music Video],BiC Fizzle,Official Music Video,False,2023-11-02 04:00:09,2025-09-12,2025,9,37,Friday,680,336158,6438,149,840.395,1.915170842282498,0.04432439507612492,1.959495237358623,494.35,0.0,0.0,2025-09-12 18:54:42
pSPryuOsTdc,BiC Fizzle - Ndrangheta (feat. Sett) [Official Music Video],BiC Fizzle,Official Music Video,False,2023-11-02 04:00:09,2025-09-14,2025,9,37,Sunday,682,336313,6439,149,840.7825,1.9145855200363948,0.044303966840413544,1.9588894868768083,493.1275659824047,0.046109270045633304,0.046109270045638716,2025-09-14 03:25:42
pT9s5_pniGU,been in my fort all weekend blasting blankets wbu? 🐸,Corook,Music Content,False,2024-08-19 18:58:50,2025-09-15,2025,9,38,Monday,392,3711,552,22,9.2775,14.874696847210995,0.5928321207221773,15.467528967933172,9.466836734693878,0.0,0.0,2025-09-15 06:33:48
pYU_elZ2tls,We made a Christmas song called jingle dem bells 😂😂🎄🥰🥰,Flyana Boss,Music Content,False,2023-12-24 22:10:21,2025-09-12,2025,9,37,Friday,628,49531,4016,56,123.8275,8.10805354222608,0.11306050756092144,8.221114049787003,78.87101910828025,0.0,0.0,2025-09-12 08:06:26
pYU_elZ2tls,We made a Christmas song called jingle dem bells 😂😂🎄🥰🥰,Flyana Boss,Music Content,False,2023-12-24 22:10:21,2025-09-14,2025,9,37,Sunday,630,49535,4015,56,123.83749999999999,8.105380034319168,0.11305137781366711,8.218431412132835,78.62698412698413,0.008075750540065818,0.008075750540058473,2025-09-14 03:26:36
pprpYWpHo7w,"Raiche ""Chasing Pirates"" behind the scenes video shoot",Raiche,Music Content,False,2017-02-10 09:28:51,2025-09-15,2025,9,38,Monday,3139,464,10,0,1.1600000000000001,2.1551724137931036,0.0,2.1551724137931036,0.1478177763618987,0.0,0.0,2025-09-15 06:33:22
pqd7qpdDYzY,Candyman dance by Flyanaboss VC: Jade W,Flyana Boss,Music Content,False,2024-08-01 02:05:16,2025-09-12,2025,9,37,Friday,407,2596,151,3,6.49,5.816640986132512,0.11556240369799693,5.932203389830509,6.378378378378378,0.0,0.0,2025-09-12 08:06:17
pqd7qpdDYzY,Candyman dance by Flyanaboss VC: Jade W,Flyana Boss,Music Content,False,2024-08-01 02:05:16,2025-09-14,2025,9,37,Sunday,409,2604,151,3,6.51,5.798771121351766,0.1152073732718894,5.913978494623656,6.3667481662591685,0.30816640986132515,0.30816640986131855,2025-09-14 03:26:30
pqn7cPFdX5A,"God I’m so lucky, god you’re the best 🥰",Corook,Music Content,False,2023-09-20 23:12:34,2025-09-15,2025,9,38,Monday,726,3266,365,25,8.165,11.175750153092467,0.7654623392529087,11.941212492345375,4.4986225895316805,0.0,0.0,2025-09-15 06:34:02
ptRuwi2BaUs,C*NT Drops next week!! Friday 6/6! 🫦✨ #newmusic,Flyana Boss,Music Content,False,2025-05-30 17:45:35,2025-09-12,2025,9,37,Friday,105,29489,3041,56,73.7225,10.312319848078944,0.18990131913594901,10.502221167214893,280.84761904761905,0.0,0.0,2025-09-12 08:06:09
ptRuwi2BaUs,C*NT Drops next week!! Friday 6/6! 🫦✨ #newmusic,Flyana Boss,Music Content,False,2025-05-30 17:45:35,2025-09-14,2025,9,37,Sunday,107,29543,3042,56,73.8575,10.29685543106658,0.18955420911891144,10.486409640185492,276.10280373831773,0.18311912916680798,0.18311912916681491,2025-09-14 03:26:22
qCruXoSRaJE,COBRAH - 10/10 (Official Audio),COBRAH,Official Audio,False,2023-10-13 04:00:24,2025-09-12,2025,9,37,Friday,700,246012,4313,112,615.03,1.7531665122026567,0.045526234492626376,1.7986927466952831,351.4457142857143,0.0,0.0,2025-09-12 08:05:26
qCruXoSRaJE,COBRAH - 10/10 (Official Audio),COBRAH,Official Audio,False,2023-10-13 04:00:24,2025-09-14,2025,9,37,Sunday,702,246930,4323,112,617.325,1.7506985785445268,0.04535698376057992,1.7960555623051067,351.7521367521368,0.37315252914491975,0.3731525291449316,2025-09-14 03:25:58
qGv_inwhUvY,How did I do? @teddyswims #KAYPartner,Raiche,Music Content,False,2025-06-05 19:21:24,2025-09-15,2025,9,38,Monday,102,4344,168,22,10.860000000000001,3.867403314917127,0.5064456721915286,4.373848987108656,42.588235294117645,0.0,0.0,2025-09-15 06:33:04
qHPZiFJ4J_w,Send this song to your Ex! #hiphop #besties,Flyana Boss,Music Content,False,2023-04-09 19:54:54,2025-09-12,2025,9,37,Friday,887,59830,5174,46,149.575,8.647835534013037,0.07688450610061841,8.724720040113656,67.45208568207441,0.0,0.0,2025-09-12 08:06:50
qHPZiFJ4J_w,Send this song to your Ex! #hiphop #besties,Flyana Boss,Music Content,False,2023-04-09 19:54:54,2025-09-14,2025,9,37,Sunday,889,59831,5173,46,149.57750000000001,8.646019621935118,0.07688322107268807,8.722902843007805,67.30146231721035,0.001671402306535183,0.0016714023065526648,2025-09-14 03:26:56
qHg1ixNNaMs,re6ce - so wrong (so right!),re6ce,Music Content,False,2024-12-06 05:00:47,2025-09-14,2025,9,37,Sunday,282,15355,419,30,38.3875,2.728752849234777,0.19537609899055683,2.9241289482253334,54.45035460992908,0.0,0.0,2025-09-14 03:38:54
qNK9Ek3IQ9U,Raiche - Good & Plenty (Cover),Raiche,Music Content,False,2022-03-01 20:00:10,2025-09-15,2025,9,38,Monday,1294,7386,356,29,18.465,4.819929596533983,0.3926347143243975,5.21256431085838,5.707882534775889,0.0,0.0,2025-09-15 06:33:13
qO4_sN_34S0,Grrrl Rap,Flyana Boss,Music Content,False,2023-02-28 20:10:36,2025-09-12,2025,9,37,Friday,927,25731,1538,28,64.3275,5.977225914266838,0.10881815708678247,6.08604407135362,27.75728155339806,0.0,0.0,2025-09-12 08:07:01
qO4_sN_34S0,Grrrl Rap,Flyana Boss,Music Content,False,2023-02-28 20:10:36,2025-09-14,2025,9,37,Sunday,929,25732,1538,28,64.33,5.976993626612778,0.1088139281828074,6.085807554795585,27.69860064585576,0.0038863627530993745,0.0038863627530958396,2025-09-14 03:27:05
qRr0MaKknfg,I truly be having one of those days #original,Corook,Music Content,False,2022-07-12 22:16:34,2025-09-15,2025,9,38,Monday,1161,140863,11719,349,352.1575,8.31943093644179,0.2477584603479977,8.567189396789788,121.32902670111973,0.0,0.0,2025-09-15 06:34:25
qWkmQW0WdaM,BiC Fizzle - Mr. Bigg (feat. BIG30 & Cootie) [Official Video],BiC Fizzle,Official Music Video,False,2023-08-03 19:00:19,2025-09-12,2025,9,37,Friday,771,537077,14433,248,1342.6925,2.687324163946697,0.0461758742228768,2.7335000381695735,696.5979247730221,0.0,0.0,2025-09-12 18:54:42
qWkmQW0WdaM,BiC Fizzle - Mr. Bigg (feat. BIG30 & Cootie) [Official Video],BiC Fizzle,Official Music Video,False,2023-08-03 19:00:19,2025-09-14,2025,9,37,Sunday,773,537266,14439,248,1343.165,2.687495579470877,0.04615963042515253,2.733655209896029,695.0401034928849,0.03519048479082143,0.035190484790810585,2025-09-14 03:25:42
qnbu3opDoYA,Get tickets to my LA and nyc shows before they sell out🐸😊,Corook,Music Content,False,2023-05-08 21:27:38,2025-09-15,2025,9,38,Monday,861,11189,508,20,27.9725,4.540173384574135,0.178746983644651,4.718920368218787,12.995354239256677,0.0,0.0,2025-09-15 06:34:10
qtNZl2jz4WM,corook - your mom (music video),Corook,Music Content,False,2022-10-05 17:15:45,2025-09-15,2025,9,38,Monday,1076,437795,2626,161,1094.4875,0.5998241185943193,0.03677520300597312,0.6365993216002924,406.87267657992567,0.0,0.0,2025-09-15 06:34:25
r6hQGjauhIE,thank you to everyone who is supporting our twitch journey 🥰 we love yall sm #flyanaboss,Flyana Boss,Music Content,False,2025-03-04 18:00:44,2025-09-12,2025,9,37,Friday,192,8780,0,27,21.95,0.0,0.3075170842824601,0.3075170842824601,45.729166666666664,0.0,0.0,2025-09-12 08:06:09
r6hQGjauhIE,thank you to everyone who is supporting our twitch journey 🥰 we love yall sm #flyanaboss,Flyana Boss,Music Content,False,2025-03-04 18:00:44,2025-09-14,2025,9,37,Sunday,194,8822,0,27,22.055,0.0,0.3060530491951938,0.3060530491951938,45.47422680412371,0.47835990888382685,0.47835990888382884,2025-09-14 03:26:22
rFKiQltlrRw,He my little sweetheart 🍬 #badalee #kirstendodgen #candymandance Credit: @akanenmiyoshi,Flyana Boss,Music Content,False,2024-06-05 20:28:02,2025-09-12,2025,9,37,Friday,464,4873,368,8,12.182500000000001,7.551816129694233,0.16416991586291813,7.715986045557151,10.502155172413794,0.0,0.0,2025-09-12 08:06:26
rFKiQltlrRw,He my little sweetheart 🍬 #badalee #kirstendodgen #candymandance Credit: @akanenmiyoshi,Flyana Boss,Music Content,False,2024-06-05 20:28:02,2025-09-14,2025,9,37,Sunday,466,4879,368,8,12.197499999999998,7.542529206804673,0.1639680262348842,7.706497233039557,10.469957081545065,0.1231274368971886,0.12312743689716409,2025-09-14 03:26:36
rGbizBBgrmc,Flyana Boss - Hot Tea (Lyric Video),Flyana Boss,Lyric Video,False,2023-04-28 04:00:32,2025-09-12,2025,9,37,Friday,868,84378,2911,75,210.945,3.4499514091350827,0.08888572850743084,3.5388371376425134,97.20967741935483,0.0,0.0,2025-09-12 08:06:50
rGbizBBgrmc,Flyana Boss - Hot Tea (Lyric Video),Flyana Boss,Lyric Video,False,2023-04-28 04:00:32,2025-09-14,2025,9,37,Sunday,870,84417,2911,75,211.04250000000002,3.4483575583117148,0.0888446639894808,3.5372022223011954,97.03103448275863,0.046220578823864045,0.046220578823875896,2025-09-14 03:26:56
rKLHifphOwM,Me & MAMI 🖤,COBRAH,Music Content,False,2024-07-19 17:34:47,2025-09-12,2025,9,37,Friday,420,4816,217,8,12.04,4.505813953488372,0.16611295681063123,4.671926910299003,11.466666666666667,0.0,0.0,2025-09-12 08:05:26
rKLHifphOwM,Me & MAMI 🖤,COBRAH,Music Content,False,2024-07-19 17:34:47,2025-09-14,2025,9,37,Sunday,422,4857,218,8,12.1425,4.488367304920733,0.16471072678608192,4.653078031706816,11.509478672985782,0.8513289036544851,0.8513289036544927,2025-09-14 03:25:58
rLCqCaiIwNM,HOT BUTTER SUMMERTIME 7/19 🥵🧈 #flyanaboss,Flyana Boss,Music Content,False,2024-07-04 18:27:00,2025-09-12,2025,9,37,Friday,435,10060,1146,54,25.150000000000002,11.391650099403579,0.536779324055666,11.928429423459246,23.126436781609197,0.0,0.0,2025-09-12 08:06:17
rLCqCaiIwNM,HOT BUTTER SUMMERTIME 7/19 🥵🧈 #flyanaboss,Flyana Boss,Music Content,False,2024-07-04 18:27:00,2025-09-14,2025,9,37,Sunday,437,10067,1147,54,25.1675,11.393662461507898,0.5364060792688984,11.930068540776796,23.036613272311214,0.06958250497017893,0.06958250497017214,2025-09-14 03:26:30
rNNEIEDFm0Y,yall ready? 🔥,BiC Fizzle,Music Content,False,2023-01-17 17:00:36,2025-09-12,2025,9,37,Friday,969,20440,758,33,51.1,3.7084148727984343,0.16144814090019569,3.86986301369863,21.09391124871001,0.0,0.0,2025-09-12 18:54:52
rNNEIEDFm0Y,yall ready? 🔥,BiC Fizzle,Music Content,False,2023-01-17 17:00:36,2025-09-14,2025,9,37,Sunday,971,20443,758,33,51.1075,3.7078706647752284,0.16142444846646775,3.869295113241696,21.053553038105047,0.014677103718199608,0.014677103718200165,2025-09-14 03:25:50
r_t3mgfh1QU,Good juice my rain.. Good pusS ft CupcakKe remix out tomorrow 🖤,COBRAH,Remix,False,2022-02-22 13:55:50,2025-09-12,2025,9,37,Friday,1298,15567,628,21,38.917500000000004,4.034174857069442,0.13490075158990172,4.169075608659344,11.99306625577812,0.0,0.0,2025-09-12 08:05:35
r_t3mgfh1QU,Good juice my rain.. Good pusS ft CupcakKe remix out tomorrow 🖤,COBRAH,Remix,False,2022-02-22 13:55:50,2025-09-14,2025,9,37,Sunday,1300,15584,628,21,38.96,4.029774127310062,0.1347535934291581,4.16452772073922,11.987692307692308,0.10920537033468235,0.1092053703346743,2025-09-14 03:26:07
rd6weLVBCIE,a little dance by me ft. the giant hands 💁🩰 ballerina out tomorrow!!!,Corook,Music Content,False,2024-09-25 23:41:47,2025-09-15,2025,9,38,Monday,355,1555,133,7,3.8874999999999997,8.55305466237942,0.45016077170418006,9.0032154340836,4.380281690140845,0.0,0.0,2025-09-15 06:33:48
rhzDHhHAGTE,Studio vlog 😂 #music #hiphop #besties #flyanaboss,Flyana Boss,Music Content,False,2023-04-08 21:55:38,2025-09-12,2025,9,37,Friday,888,84409,7821,42,211.0225,9.265599639848832,0.04975772725657217,9.315357367105404,95.05518018018019,0.0,0.0,2025-09-12 08:06:50
rhzDHhHAGTE,Studio vlog 😂 #music #hiphop #besties #flyanaboss,Flyana Boss,Music Content,False,2023-04-08 21:55:38,2025-09-14,2025,9,37,Sunday,890,84411,7820,42,211.0275,9.264195424766914,0.049756548317162454,9.313951973084077,94.8438202247191,0.0023694155836462938,0.0023694155836441384,2025-09-14 03:26:56
s0c3uQ2ni6g,U my Lil Sweetheart,Flyana Boss,Music Content,False,2024-07-16 18:57:51,2025-09-12,2025,9,37,Friday,423,2720,229,5,6.800000000000001,8.419117647058824,0.1838235294117647,8.602941176470589,6.430260047281324,0.0,0.0,2025-09-12 08:06:17
s0c3uQ2ni6g,U my Lil Sweetheart,Flyana Boss,Music Content,False,2024-07-16 18:57:51,2025-09-14,2025,9,37,Sunday,425,2728,229,5,6.82,8.394428152492669,0.18328445747800587,8.577712609970675,6.418823529411765,0.29411764705882354,0.2941176470588172,2025-09-14 03:26:30
s3B54b6J_iE,Raiche - Complicated (Remastered) [In-Studio Performance],Raiche,Music Content,False,2022-02-18 20:00:12,2025-09-15,2025,9,38,Monday,1305,113577,630,29,283.9425,0.5546897699358144,0.02553333861609305,0.5802231085519075,87.03218390804598,0.0,0.0,2025-09-15 06:33:13
sD3uzRDzBY0,im so not a serious person but i want you seriously,Corook,Music Content,False,2023-05-02 23:03:25,2025-09-15,2025,9,38,Monday,867,5964,547,42,14.91,9.171696847753186,0.7042253521126761,9.875922199865862,6.8788927335640135,0.0,0.0,2025-09-15 06:34:10
sE97PTzQUnE,Blankets comes out Friday! :) listen to it early tonight at my online listening party 👀,Corook,Music Content,False,2024-08-14 17:28:00,2025-09-15,2025,9,38,Monday,397,1575,200,11,3.9375,12.698412698412698,0.6984126984126984,13.396825396825395,3.9672544080604535,0.0,0.0,2025-09-15 06:33:48
sEv2faib5p4,Flyana Boss - Money At (Lyric Video),Flyana Boss,Lyric Video,False,2024-03-25 05:46:40,2025-09-12,2025,9,37,Friday,536,64756,2178,55,161.89,3.363394897770091,0.08493421459015381,3.448329112360245,120.81343283582089,0.0,0.0,2025-09-12 08:06:26
sEv2faib5p4,Flyana Boss - Money At (Lyric Video),Flyana Boss,Lyric Video,False,2024-03-25 05:46:40,2025-09-14,2025,9,37,Sunday,538,64923,2181,55,162.3075,3.3593641698627605,0.08471574018452628,3.4440799100472868,120.67472118959108,0.25789116066464884,0.2578911606646601,2025-09-14 03:26:36
sJT3rqXN7Sg,BiC Fizzle - Clarity [Official Music Video],BiC Fizzle,Official Music Video,False,2023-09-25 17:00:39,2025-09-12,2025,9,37,Friday,718,230511,4663,90,576.2775,2.0228969550260074,0.03904368988898577,2.0619406449149933,321.04596100278553,0.0,0.0,2025-09-12 18:54:42
sJT3rqXN7Sg,BiC Fizzle - Clarity [Official Music Video],BiC Fizzle,Official Music Video,False,2023-09-25 17:00:39,2025-09-14,2025,9,37,Sunday,720,230758,4664,90,576.895,2.0211650300314616,0.03900189809237383,2.0601669281238353,320.4972222222222,0.10715323780643873,0.10715323780643006,2025-09-14 03:25:42
sMVtI3BBpAM,BiC Fizzle - Knowing (feat. BigWalkDog) [Official Music Video],BiC Fizzle,Official Music Video,False,2023-08-24 16:00:41,2025-09-12,2025,9,37,Friday,750,390007,9360,224,975.0175,2.3999569238500844,0.057434866553677244,2.4573917904037614,520.0093333333333,0.0,0.0,2025-09-12 18:54:42
sMVtI3BBpAM,BiC Fizzle - Knowing (feat. BigWalkDog) [Official Music Video],BiC Fizzle,Official Music Video,False,2023-08-24 16:00:41,2025-09-14,2025,9,37,Sunday,752,390192,9360,224,975.48,2.3988190429327103,0.057407635215483664,2.456226678148194,518.8723404255319,0.04743504603763522,0.047435046037632884,2025-09-14 03:25:42
sStSx6c6mpY,tiny little titties,Corook,Music Content,False,2023-07-26 19:59:55,2025-09-15,2025,9,38,Monday,782,96915,2028,129,242.28750000000002,2.0925553319919517,0.1331063302894289,2.2256616622813805,123.93222506393862,0.0,0.0,2025-09-15 06:34:02
sVQhAu3Ksrk,Raiche - Hearts At War [Official Audio],Raiche,Official Audio,False,2024-09-20 04:00:45,2025-09-15,2025,9,38,Monday,360,6655,281,26,16.6375,4.222389181066867,0.39068369646882045,4.6130728775356875,18.48611111111111,0.0,0.0,2025-09-15 06:33:04
s_tnKSXNkdI,Are we you’re favorite duo?? #girlrap #flyanaboss,Flyana Boss,Music Content,False,2023-04-01 22:16:02,2025-09-12,2025,9,37,Friday,895,262407,25812,251,656.0174999999999,9.836627833861138,0.09565293608783303,9.93228076994897,293.19217877094974,0.0,0.0,2025-09-12 08:06:50
s_tnKSXNkdI,Are we you’re favorite duo?? #girlrap #flyanaboss,Flyana Boss,Music Content,False,2023-04-01 22:16:02,2025-09-14,2025,9,37,Sunday,897,262408,25812,251,656.02,9.836590347855248,0.09565257156794,9.932242919423189,292.5395763656633,0.0003810873947722431,0.0003810873947805615,2025-09-14 03:26:56
szOm8GYC3Ew,BiC Fizzle - Stay With Me [Official Audio],BiC Fizzle,Official Audio,False,2024-09-04 22:00:39,2025-09-12,2025,9,37,Friday,373,16241,853,36,40.6025,5.252139646573487,0.2216612277569115,5.473800874330398,43.54155495978552,0.0,0.0,2025-09-12 18:54:42
szOm8GYC3Ew,BiC Fizzle - Stay With Me [Official Audio],BiC Fizzle,Official Audio,False,2024-09-04 22:00:39,2025-09-14,2025,9,37,Sunday,375,16252,854,36,40.629999999999995,5.254737878414964,0.22151119862170812,5.476249077036672,43.33866666666667,0.06772981959238963,0.06772981959238053,2025-09-14 03:25:42
t1m0nLG7Ics,corook - the dog (music video),Corook,Music Content,False,2023-01-24 17:00:10,2025-09-15,2025,9,38,Monday,965,468880,1321,86,1172.2,0.2817351987715407,0.018341579935164647,0.30007677870670535,485.8860103626943,0.0,0.0,2025-09-15 06:34:10
t4SmrC7dDBU,Get to Know Raiche | Q&A 2019,Raiche,Music Content,False,2019-06-19 19:00:05,2025-09-15,2025,9,38,Monday,2280,18745,497,52,46.862500000000004,2.6513736996532407,0.27740730861563084,2.9287810082688717,8.221491228070175,0.0,0.0,2025-09-15 06:33:13
t5j2qhmgJOs,I KEEP IT GUSHY GUSHY,Flyana Boss,Music Content,False,2024-07-16 18:55:43,2025-09-12,2025,9,37,Friday,423,4718,373,2,11.795,7.905892327257312,0.0423908435777872,7.948283170835099,11.153664302600474,0.0,0.0,2025-09-12 08:06:17
t5j2qhmgJOs,I KEEP IT GUSHY GUSHY,Flyana Boss,Music Content,False,2024-07-16 18:55:43,2025-09-14,2025,9,37,Sunday,425,4730,373,2,11.825000000000001,7.885835095137421,0.042283298097251586,7.928118393234672,11.129411764705882,0.2543450614667232,0.25434506146673286,2025-09-14 03:26:30
t5kongS2wJU,Name a better duo?!? #hiphop #besties,Flyana Boss,Music Content,False,2023-03-06 21:00:25,2025-09-12,2025,9,37,Friday,921,13532,1038,16,33.83,7.670706473544192,0.11823825007389892,7.7889447236180915,14.69272529858849,0.0,0.0,2025-09-12 08:06:50
t5kongS2wJU,Name a better duo?!? #hiphop #besties,Flyana Boss,Music Content,False,2023-03-06 21:00:25,2025-09-14,2025,9,37,Sunday,923,13535,1038,16,33.8375,7.669006280014777,0.11821204285186553,7.787218322866643,14.664138678223186,0.022169671888856046,0.022169671888856886,2025-09-14 03:26:56
tGHlEkQcSfk,Raiche - Lights Out [Official Audio],Raiche,Official Audio,False,2019-03-01 05:00:07,2025-09-15,2025,9,38,Monday,2390,26141,483,32,65.35249999999999,1.8476722390115146,0.12241306759496577,1.9700853066064803,10.93765690376569,0.0,0.0,2025-09-15 06:33:13
tJTjprC5Jyw,What should our Fandom name be?!? 🦋 #flyanaboss #hiphop,Flyana Boss,Music Content,False,2023-08-14 18:47:58,2025-09-12,2025,9,37,Friday,760,534319,34312,935,1335.7975,6.4216320213205975,0.17498909827275466,6.596621119593352,703.0513157894737,0.0,0.0,2025-09-12 08:06:36
tJTjprC5Jyw,What should our Fandom name be?!? 🦋 #flyanaboss #hiphop,Flyana Boss,Music Content,False,2023-08-14 18:47:58,2025-09-14,2025,9,37,Sunday,762,534327,34306,935,1335.8175,6.420412968088829,0.17498647831758454,6.595399446406414,701.2165354330708,0.001497232926397901,0.001497232926413561,2025-09-14 03:26:45
tPnMXvFH3BM,SHIT!,COBRAH,Music Content,False,2021-11-19 16:00:15,2025-09-12,2025,9,37,Friday,1393,10511,473,8,26.277499999999996,4.500047569213205,0.07611074112834174,4.576158310341547,7.545585068198133,0.0,0.0,2025-09-12 08:05:35
tPnMXvFH3BM,SHIT!,COBRAH,Music Content,False,2021-11-19 16:00:15,2025-09-14,2025,9,37,Sunday,1395,10520,473,8,26.299999999999997,4.496197718631178,0.07604562737642585,4.572243346007604,7.541218637992832,0.08562458376938446,0.08562458376938771,2025-09-14 03:26:07
tVOuOhgsILw,Who wanna run with us?!?? 😂😭💜💕 #evanblummadeit #flyanaboss,Flyana Boss,Music Content,False,2023-07-12 17:55:58,2025-09-12,2025,9,37,Friday,793,2528336,0,2330,6320.839999999999,0.0,0.09215547300675227,0.09215547300675227,3188.3177805800756,0.0,0.0,2025-09-12 08:06:36
tVOuOhgsILw,Who wanna run with us?!?? 😂😭💜💕 #evanblummadeit #flyanaboss,Flyana Boss,Music Content,False,2023-07-12 17:55:58,2025-09-14,2025,9,37,Sunday,795,2528356,0,2330,6320.89,0.0,0.09215474403129939,0.09215474403129939,3180.3220125786165,0.0007910341030622513,0.0007910341030795178,2025-09-14 03:26:45
tYCnJzvSL0U,my heart is so full after the Philly show 🥰 you guys are the freaking best,Corook,Music Content,False,2023-09-13 17:44:44,2025-09-15,2025,9,38,Monday,733,2184,173,5,5.460000000000001,7.921245421245421,0.22893772893772896,8.15018315018315,2.979536152796726,0.0,0.0,2025-09-15 06:34:02
ta3kwuo2ZDI,I’ve gotten a lot of comments asking when this one is coming out. It is finally coming on 10/25 🥹,Corook,Music Content,False,2024-10-09 23:27:45,2025-09-15,2025,9,38,Monday,341,1229,144,13,3.0725000000000002,11.716842961757527,1.0577705451586654,12.774613506916193,3.6041055718475072,0.0,0.0,2025-09-15 06:33:41
tat2ZExudKA,If I spend it 👏 I need it 👏 “Spend It” - OUT NOW 💰 #flyanaboss #newmusic,Flyana Boss,Music Content,False,2024-06-17 22:45:41,2025-09-12,2025,9,37,Friday,452,36065,2556,27,90.1625,7.087203660058227,0.07486482739498128,7.162068487453209,79.78982300884955,0.0,0.0,2025-09-12 08:06:17
tat2ZExudKA,If I spend it 👏 I need it 👏 “Spend It” - OUT NOW 💰 #flyanaboss #newmusic,Flyana Boss,Music Content,False,2024-06-17 22:45:41,2025-09-14,2025,9,37,Sunday,454,36076,2557,27,90.19,7.087814613593525,0.07484200022175408,7.16265661381528,79.46255506607929,0.030500485234992377,0.03050048523499616,2025-09-14 03:26:30
tgChNzcAwo8,"Backwards kazoos, a common mistake! 😂 our book has been out for almost 2 months!!",Corook,Music Content,False,2024-01-30 23:15:17,2025-09-15,2025,9,38,Monday,594,4709,163,3,11.772499999999999,3.4614567848800166,0.06370779358674877,3.5251645784667653,7.927609427609427,0.0,0.0,2025-09-15 06:33:48
tme9lFdwQDA,"Raiche cover ""Chasing Pirates""",Raiche,Music Content,False,2017-02-10 08:29:11,2025-09-15,2025,9,38,Monday,3139,1932,52,5,4.83,2.691511387163561,0.2587991718426501,2.950310559006211,0.6154826377827334,0.0,0.0,2025-09-15 06:33:22
toI-4FOtVSA,being back on tour got me feeling likeee…,Corook,Music Content,False,2025-03-11 14:53:04,2025-09-15,2025,9,38,Monday,188,6598,290,53,16.495,4.395271294331616,0.8032737193088816,5.198545013640498,35.09574468085106,0.0,0.0,2025-09-15 06:33:34
twxMb9FcjBg,I’m on tour! Come see me make my debut on drums 🥁,Corook,Music Content,False,2023-09-12 02:38:55,2025-09-15,2025,9,38,Monday,734,4293,323,15,10.7325,7.5238760773351965,0.3494060097833683,7.8732820871185645,5.848773841961853,0.0,0.0,2025-09-15 06:34:02
txPwruM6NK0,😲 #newmusic,Flyana Boss,Music Content,False,2025-06-04 19:22:33,2025-09-12,2025,9,37,Friday,100,9273,704,18,23.182499999999997,7.591933570581258,0.19411193788417988,7.786045508465437,92.73,0.0,0.0,2025-09-12 08:06:09
txPwruM6NK0,😲 #newmusic,Flyana Boss,Music Content,False,2025-06-04 19:22:33,2025-09-14,2025,9,37,Sunday,102,9335,706,18,23.337500000000002,7.562935190144617,0.192822710230316,7.755757900374933,91.51960784313725,0.6686077860455084,0.6686077860455288,2025-09-14 03:26:22
u0DlxkGteA8,“the dog” is out now 🐶❤️,Corook,Music Content,False,2023-01-24 17:53:26,2025-09-15,2025,9,38,Monday,965,4242,345,13,10.605,8.132956152758133,0.30645921735030646,8.43941537010844,4.395854922279793,0.0,0.0,2025-09-15 06:34:10
u2i31vo0LyE,Screaming Avril on the porch 🤘🏻🎸,Corook,Music Content,False,2023-10-03 18:45:54,2025-09-15,2025,9,38,Monday,713,2587,156,8,6.4675,6.030150753768844,0.30923850019327404,6.339389253962118,3.6283309957924264,0.0,0.0,2025-09-15 06:33:55
u4ScSn5GgvE,Maybe Sylvester will make an appearance at one of my VIP meet & greets…what do you guys think? 🥸,Corook,Music Content,False,2025-03-28 03:29:44,2025-09-15,2025,9,38,Monday,171,835,37,10,2.0875,4.431137724550898,1.1976047904191618,5.62874251497006,4.883040935672515,0.0,0.0,2025-09-15 06:33:34
u75-EcZtPzs,🙄,Corook,Music Content,False,2025-01-29 18:07:56,2025-09-15,2025,9,38,Monday,229,3508,255,58,8.77,7.269099201824401,1.653363740022805,8.922462941847206,15.318777292576419,0.0,0.0,2025-09-15 06:33:41
u92DTkWSBfc,"We’re out here giving free room and board, meanwhile 👀",Corook,Music Content,False,2025-08-31 16:12:25,2025-09-15,2025,9,38,Monday,15,2856,100,2,7.14,3.5014005602240896,0.0700280112044818,3.5714285714285716,190.4,0.0,0.0,2025-09-15 06:33:34
uA22ODmD-Ws,BiC Fizzle - B.A.N. [Official Music Video],BiC Fizzle,Official Music Video,False,2022-08-24 04:00:10,2025-09-12,2025,9,37,Friday,1115,585374,13428,281,1463.435,2.2939180763067712,0.048003498617977564,2.341921574924749,524.9991031390134,0.0,0.0,2025-09-12 18:54:52
uA22ODmD-Ws,BiC Fizzle - B.A.N. [Official Music Video],BiC Fizzle,Official Music Video,False,2022-08-24 04:00:10,2025-09-14,2025,9,37,Sunday,1117,585600,13429,281,1464.0,2.293203551912568,0.047984972677595626,2.341188524590164,524.2614145031334,0.03860779604150509,0.03860779604150882,2025-09-14 03:25:50
uBtFYvkafxw,"Corook, I Got A Kazoo For You",Corook,Music Content,False,2023-12-31 05:01:06,2025-09-15,2025,9,38,Monday,624,6134,280,46,15.335,4.564721225953701,0.7499184871209651,5.314639713074666,9.830128205128204,0.0,0.0,2025-09-15 06:33:48
uIzeP71NPwQ,BiC Fizzle - Chief [Official Music Video],BiC Fizzle,Official Music Video,False,2022-10-17 16:00:08,2025-09-12,2025,9,37,Friday,1061,399391,10137,195,998.4775000000001,2.5381142789897617,0.0488243350501138,2.5869386140398754,376.4288407163054,0.0,0.0,2025-09-12 18:54:52
uIzeP71NPwQ,BiC Fizzle - Chief [Official Music Video],BiC Fizzle,Official Music Video,False,2022-10-17 16:00:08,2025-09-14,2025,9,37,Sunday,1063,399551,10138,195,998.8774999999999,2.5373481733245566,0.048804783369332076,2.586152956693889,375.8711194731891,0.04006099286163183,0.04006099286161817,2025-09-14 03:25:50
uO5-0VjYHTM,#1017 #BiCFizzle #TurntShit,BiC Fizzle,Music Content,False,2022-07-15 16:00:39,2025-09-12,2025,9,37,Friday,1155,7106,413,4,17.765,5.811989867717422,0.056290458767238954,5.868280326484661,6.152380952380953,0.0,0.0,2025-09-12 18:54:52
uO5-0VjYHTM,#1017 #BiCFizzle #TurntShit,BiC Fizzle,Music Content,False,2022-07-15 16:00:39,2025-09-14,2025,9,37,Sunday,1157,7108,414,4,17.77,5.8244231851435,0.056274620146314014,5.880697805289814,6.143474503025065,0.028145229383619477,0.028145229383613878,2025-09-14 03:25:50
uT-9eVVci2U,Comment a word! This is my favorite game to play cuz it’s an exercise in vulnerability & creativity,Corook,Music Content,False,2025-08-31 02:11:26,2025-09-15,2025,9,38,Monday,15,450,52,63,1.125,11.555555555555555,14.000000000000002,25.555555555555557,30.0,0.0,0.0,2025-09-15 06:33:34
unPykzB92CQ,corook - tiny little titties (audio),Corook,Music Content,False,2023-06-02 04:00:24,2025-09-15,2025,9,38,Monday,836,32815,772,64,82.0375,2.352582660368734,0.19503275940880696,2.5476154197775407,39.25239234449761,0.0,0.0,2025-09-15 06:34:10
ur0Gruggt_U,3 more kids then I wanna get my body done!!! #fashion,Flyana Boss,Music Content,False,2025-06-25 21:39:47,2025-09-12,2025,9,37,Friday,79,11756,876,8,29.39,7.451514120449132,0.06805035726437564,7.519564477713508,148.81012658227849,0.0,0.0,2025-09-12 08:06:09
ur0Gruggt_U,3 more kids then I wanna get my body done!!! #fashion,Flyana Boss,Music Content,False,2025-06-25 21:39:47,2025-09-14,2025,9,37,Sunday,81,11836,878,8,29.59,7.4180466373774925,0.06759040216289286,7.485637039540386,146.12345679012347,0.6805035726437564,0.6805035726437539,2025-09-14 03:26:22
uyB0kb36bMw,Stoop kids 🥰 #boffum #hiphop,Flyana Boss,Music Content,False,2023-03-03 18:42:43,2025-09-12,2025,9,37,Friday,924,872005,76994,808,2180.0125,8.829536527886882,0.09266001915126633,8.922196547038148,943.728354978355,0.0,0.0,2025-09-12 08:06:50
uyB0kb36bMw,Stoop kids 🥰 #boffum #hiphop,Flyana Boss,Music Content,False,2023-03-03 18:42:43,2025-09-14,2025,9,37,Sunday,926,872009,76994,808,2180.0225,8.829496025843769,0.09265959410969382,8.922155619953463,941.694384449244,0.00045871296609537786,0.00045871296610539063,2025-09-14 03:26:56
v2-ISjJshdU,LIKEEEEEEEEEE #flyanaboss,Flyana Boss,Music Content,False,2023-03-19 18:48:37,2025-09-12,2025,9,37,Friday,908,20407,1078,12,51.0175,5.282501102562846,0.05880335179105209,5.341304454353899,22.47466960352423,0.0,0.0,2025-09-12 08:06:50
v2-ISjJshdU,LIKEEEEEEEEEE #flyanaboss,Flyana Boss,Music Content,False,2023-03-19 18:48:37,2025-09-14,2025,9,37,Sunday,910,20408,1078,12,51.02,5.282242257938064,0.058800470403763225,5.341042728341827,22.426373626373625,0.004900279315921008,0.004900279315930478,2025-09-14 03:26:56
v75-s41rzPw,Always silly when caught posing..,COBRAH,Music Content,False,2021-11-16 19:37:33,2025-09-12,2025,9,37,Friday,1396,34518,2298,32,86.295,6.657396141143751,0.0927052552291558,6.750101396372907,24.726361031518625,0.0,0.0,2025-09-12 08:05:35
v75-s41rzPw,Always silly when caught posing..,COBRAH,Music Content,False,2021-11-16 19:37:33,2025-09-14,2025,9,37,Sunday,1398,34538,2298,32,86.345,6.653541027274307,0.09265157218136545,6.746192599455672,24.705293276108726,0.05794078451822238,0.05794078451821908,2025-09-14 03:26:07
v7d29elCnTs,"Had to catch our breath for this one, back to running soon 😂 lol comment where we need to go next.",Flyana Boss,Music Content,False,2023-07-14 19:31:46,2025-09-12,2025,9,37,Friday,791,3443559,0,9409,8608.897500000001,0.0,0.2732347550891389,0.2732347550891389,4353.424778761062,0.0,0.0,2025-09-12 08:06:36
v7d29elCnTs,"Had to catch our breath for this one, back to running soon 😂 lol comment where we need to go next.",Flyana Boss,Music Content,False,2023-07-14 19:31:46,2025-09-14,2025,9,37,Sunday,793,3443700,0,9409,8609.25,0.0,0.2732235676743038,0.2732235676743038,4342.622950819672,0.004094600963712253,0.004094600963701265,2025-09-14 03:26:45
v9Tq7ubhzkg,It’s not ducking funny!! 🦆,Corook,Music Content,False,2025-02-26 17:27:38,2025-09-15,2025,9,38,Monday,201,3424,179,11,8.56,5.227803738317757,0.3212616822429906,5.549065420560748,17.034825870646767,0.0,0.0,2025-09-15 06:33:34
vDfQ5G7Q6IY,COBRAH - GLUE (Official Video),COBRAH,Official Music Video,False,2019-04-05 07:23:21,2025-09-12,2025,9,37,Friday,2352,271162,6936,172,677.905,2.5578805289826745,0.06343071669334198,2.6213112456760164,115.28996598639456,0.0,0.0,2025-09-12 08:05:35
vDfQ5G7Q6IY,COBRAH - GLUE (Official Video),COBRAH,Official Music Video,False,2019-04-05 07:23:21,2025-09-14,2025,9,37,Sunday,2354,271287,6938,172,678.2175,2.5574391695879273,0.06340148993501347,2.6208406595229405,115.24511469838572,0.0460979045736497,0.046097904573649706,2025-09-14 03:26:07
vEntJ7RF_Pk,I’ve grown up to be a pretty cool person 💁🏼,Corook,Music Content,False,2023-09-14 16:57:05,2025-09-15,2025,9,38,Monday,732,2150,236,24,5.375,10.976744186046512,1.1162790697674418,12.093023255813954,2.9371584699453552,0.0,0.0,2025-09-15 06:34:02
vFTDbO647Ys,It’s the FEMININE ENERGY 👽 out Friday…,COBRAH,Music Content,False,2023-09-06 17:37:21,2025-09-12,2025,9,37,Friday,737,10673,727,22,26.6825,6.811580624004497,0.20612761173053498,7.017708235735032,14.48168249660787,0.0,0.0,2025-09-12 08:05:26
vFTDbO647Ys,It’s the FEMININE ENERGY 👽 out Friday…,COBRAH,Music Content,False,2023-09-06 17:37:21,2025-09-14,2025,9,37,Sunday,739,10699,728,22,26.7475,6.804374240583232,0.20562669408355919,7.010000934666791,14.477672530446549,0.24360535931790497,0.24360535931789648,2025-09-14 03:25:58
vH3ACi6j2t0,Why won’t this sample get cleared!?!,Flyana Boss,Music Content,False,2022-12-16 21:41:04,2025-09-12,2025,9,37,Friday,1001,15957,1004,17,39.8925,6.2919095067995245,0.10653631635019115,6.398445823149716,15.941058941058941,0.0,0.0,2025-09-12 08:07:01
vH3ACi6j2t0,Why won’t this sample get cleared!?!,Flyana Boss,Music Content,False,2022-12-16 21:41:04,2025-09-14,2025,9,37,Sunday,1003,15958,1004,17,39.895,6.291515227472114,0.10652964030580274,6.398044867777917,15.910269192422732,0.006266842138246537,0.00626684213825865,2025-09-14 03:27:05
vU_O14jddGk,Raiche - Late Show [Official Audio],Raiche,Official Audio,False,2023-10-06 04:00:35,2025-09-15,2025,9,38,Monday,710,3105,128,14,7.7625,4.122383252818036,0.45088566827697263,4.573268921095009,4.373239436619718,0.0,0.0,2025-09-15 06:33:04
vUo6dKGVFoo,Raiche - Drive (Official Lyric Video),Raiche,Lyric Video,False,2019-03-14 16:00:10,2025-09-15,2025,9,38,Monday,2377,40565,860,46,101.4125,2.1200542339455195,0.11339824972266732,2.233452483668187,17.06562894404712,0.0,0.0,2025-09-15 06:33:13
vVSUEnAlW5w,yall wanted more so here’s a sneak peak of the chorus 😊❤️,Corook,Music Content,False,2023-05-11 19:22:48,2025-09-15,2025,9,38,Monday,858,8364,752,29,20.910000000000004,8.99091343854615,0.34672405547584884,9.337637494021997,9.748251748251748,0.0,0.0,2025-09-15 06:34:10
vWUQAXv29OY,I’m feeling reeeeeally good about the UK & Ireland tour starting on Friday 😎,Corook,Music Content,False,2023-11-27 17:42:46,2025-09-15,2025,9,38,Monday,658,2361,123,7,5.902500000000001,5.209656925031767,0.29648454044896233,5.506141465480729,3.588145896656535,0.0,0.0,2025-09-15 06:33:55
vXoi63T7rqY,LITTLE MISS…..,Flyana Boss,Music Content,False,2022-12-15 17:58:54,2025-09-12,2025,9,37,Friday,1002,332930,36041,339,832.325,10.825398732466285,0.10182320607935602,10.92722193854564,332.2654690618763,0.0,0.0,2025-09-12 08:07:01
vXoi63T7rqY,LITTLE MISS…..,Flyana Boss,Music Content,False,2022-12-15 17:58:54,2025-09-14,2025,9,37,Sunday,1004,332943,36042,339,832.3575,10.825276398662833,0.10181923031870319,10.927095628981537,331.61653386454185,0.0039047247169074584,0.003904724716897077,2025-09-14 03:27:05
vYIdYUhmlQ4,just a little rant about releasing music again! sharing again is scary but also exhilarating!,Corook,Music Content,False,2024-08-12 23:49:15,2025-09-15,2025,9,38,Monday,399,1398,195,21,3.4949999999999997,13.948497854077251,1.502145922746781,15.450643776824032,3.5037593984962405,0.0,0.0,2025-09-15 06:33:48
vaFn4Hrhvq8,#VoiceEffects #KaashPaige #Sing #Singer #Harmony,Raiche,Music Content,False,2022-07-03 15:00:28,2025-09-15,2025,9,38,Monday,1170,4484,321,15,11.21,7.15878679750223,0.3345227475468332,7.493309545049063,3.8324786324786326,0.0,0.0,2025-09-15 06:33:13
vfmrQGToT28,BiC Fizzle - Dope Fein [Official Video],BiC Fizzle,Official Music Video,False,2022-01-07 20:00:29,2025-09-12,2025,9,37,Friday,1344,4332034,48356,582,10830.085,1.116242393296082,0.01343479760315824,1.1296771908992402,3223.2395833333335,0.0,0.0,2025-09-12 18:54:52
vfmrQGToT28,BiC Fizzle - Dope Fein [Official Video],BiC Fizzle,Official Music Video,False,2022-01-07 20:00:29,2025-09-14,2025,9,37,Sunday,1346,4334623,48378,582,10836.557499999999,1.1160832210782807,0.013426773216494261,1.129509994294775,3220.3736998514114,0.059764073873843096,0.05976407387384175,2025-09-14 03:25:50
vl44kKonFio,Where should we run next??? #flyanaboss,Flyana Boss,Music Content,False,2023-07-01 18:09:53,2025-09-12,2025,9,37,Friday,804,6846278,0,4149,17115.695,0.0,0.060602271774532084,0.060602271774532084,8515.271144278608,0.0,0.0,2025-09-12 08:06:36
vl44kKonFio,Where should we run next??? #flyanaboss,Flyana Boss,Music Content,False,2023-07-01 18:09:53,2025-09-14,2025,9,37,Sunday,806,6846315,0,4149,17115.7875,0.0,0.06060194425760427,0.06060194425760427,8494.18734491315,0.000540439637420508,0.0005404396374137062,2025-09-14 03:26:45
vmMGqTIHYas,the best part of touring is getting to meet you guys 🐸💞,Corook,Music Content,False,2023-09-10 17:49:27,2025-09-15,2025,9,38,Monday,736,971,80,11,2.4274999999999998,8.2389289392379,1.132852729145211,9.371781668383111,1.3192934782608696,0.0,0.0,2025-09-15 06:34:02
vueC6BuuuCg,BiC Fizzle - Skraight Up (feat. Big Scarr) [Official Audio],BiC Fizzle,Official Audio,False,2023-11-02 04:00:25,2025-09-12,2025,9,37,Friday,680,94293,3004,116,235.73250000000002,3.1858144294910544,0.12302079687781702,3.3088352263688714,138.66617647058823,0.0,0.0,2025-09-12 18:54:42
vueC6BuuuCg,BiC Fizzle - Skraight Up (feat. Big Scarr) [Official Audio],BiC Fizzle,Official Audio,False,2023-11-02 04:00:25,2025-09-14,2025,9,37,Sunday,682,94334,3006,116,235.835,3.1865499183751353,0.12296732885279964,3.309517247227935,138.31964809384164,0.043481488551642224,0.04348148855163884,2025-09-14 03:25:42
w-Z1U54qy8w,Flyana Boss - Really Really (Lyric Video),Flyana Boss,Lyric Video,False,2023-02-24 05:00:23,2025-09-12,2025,9,37,Friday,931,74320,2411,75,185.79999999999998,3.2440796555435956,0.10091496232508072,3.3449946178686765,79.828141783029,0.0,0.0,2025-09-12 08:07:01
w-Z1U54qy8w,Flyana Boss - Really Really (Lyric Video),Flyana Boss,Lyric Video,False,2023-02-24 05:00:23,2025-09-14,2025,9,37,Sunday,933,74367,2412,75,185.91750000000002,3.2433740772116666,0.10085118399290008,3.3442252612045666,79.70739549839229,0.06324004305705058,0.06324004305706957,2025-09-14 03:27:05
w0jlcm3Qu8Y,Raiche - Homemade [Official Audio],Raiche,Official Audio,False,2023-12-01 05:00:47,2025-09-15,2025,9,38,Monday,654,7477,252,16,18.692500000000003,3.3703356961348137,0.21398956800855956,3.584325264143373,11.432721712538227,0.0,0.0,2025-09-15 06:33:04
w1N59EymvCA,corook - your mom (acoustic) [official audio],Corook,Official Audio,False,2022-12-30 05:00:20,2025-09-15,2025,9,38,Monday,990,113999,284,17,284.9975,0.24912499232449406,0.014912411512381688,0.26403740383687574,115.15050505050505,0.0,0.0,2025-09-15 06:34:10
w3xRACFvDKA,Flyana Boss - Hot Butter Summertime (First and Only Take),Flyana Boss,Music Content,False,2024-07-26 18:00:37,2025-09-12,2025,9,37,Friday,413,49677,2737,98,124.1925,5.509591964088009,0.19727439257604124,5.70686635666405,120.28329297820824,0.0,0.0,2025-09-12 08:06:17
w3xRACFvDKA,Flyana Boss - Hot Butter Summertime (First and Only Take),Flyana Boss,Music Content,False,2024-07-26 18:00:37,2025-09-14,2025,9,37,Sunday,415,49761,2738,98,124.4025,5.502300998774141,0.19694137979542212,5.699242378569563,119.90602409638554,0.16909233649374963,0.16909233649375605,2025-09-14 03:26:30
wBqC_xmtfdk,"July 28, 2022",Flyana Boss,Music Content,False,2022-07-28 22:57:28,2025-09-12,2025,9,37,Friday,1142,38132,2722,33,95.33,7.13836148117067,0.08654148746459667,7.224902968635266,33.39054290718038,0.0,0.0,2025-09-12 08:07:01
wBqC_xmtfdk,"July 28, 2022",Flyana Boss,Music Content,False,2022-07-28 22:57:28,2025-09-14,2025,9,37,Sunday,1144,38136,2723,33,95.34,7.140234948604992,0.08653241032095658,7.226767358925949,33.33566433566433,0.010489877268435959,0.010489877268441326,2025-09-14 03:27:05
wHJqblO0Nbs,WINNING #flyanaboss,Flyana Boss,Music Content,False,2023-03-30 21:34:45,2025-09-12,2025,9,37,Friday,897,36859,1689,14,92.14750000000001,4.582327247076698,0.037982582272986246,4.620309829349685,41.09141583054627,0.0,0.0,2025-09-12 08:06:50
wHJqblO0Nbs,WINNING #flyanaboss,Flyana Boss,Music Content,False,2023-03-30 21:34:45,2025-09-14,2025,9,37,Sunday,899,36860,1689,14,92.15,4.582202930005426,0.03798155181768855,4.620184481823115,41.00111234705228,0.002713041590927589,0.002713041590925121,2025-09-14 03:26:56
wUyQpOtOfBA,👀👀😍 #hiphop #flyanaboss,Flyana Boss,Music Content,False,2023-05-06 20:15:38,2025-09-12,2025,9,37,Friday,860,394960,21505,516,987.4,5.444855175207616,0.1306461413814057,5.575501316589022,459.25581395348837,0.0,0.0,2025-09-12 08:06:50
wUyQpOtOfBA,👀👀😍 #hiphop #flyanaboss,Flyana Boss,Music Content,False,2023-05-06 20:15:38,2025-09-14,2025,9,37,Sunday,862,394968,21503,516,987.4200000000001,5.44423852058901,0.1306434951692289,5.574882015758239,458.199535962877,0.0020255215718047396,0.0020255215718144115,2025-09-14 03:26:56
wYf1iZS--Vc,NEW music loading. Ya ready?! Cause I freakin’ am🌻🤍✨,Raiche,Music Content,False,2024-06-14 19:00:36,2025-09-15,2025,9,38,Monday,458,1360,76,11,3.4000000000000004,5.588235294117648,0.8088235294117648,6.397058823529412,2.96943231441048,0.0,0.0,2025-09-15 06:33:04
we7MIUoQAV8,C*NT WALK,Flyana Boss,Music Content,False,2025-06-18 23:08:35,2025-09-12,2025,9,37,Friday,86,26695,2910,43,66.7375,10.900917774864206,0.16107885371792469,11.061996628582131,310.40697674418607,0.0,0.0,2025-09-12 08:06:09
we7MIUoQAV8,C*NT WALK,Flyana Boss,Music Content,False,2025-06-18 23:08:35,2025-09-14,2025,9,37,Sunday,88,26800,2913,43,67.0,10.869402985074625,0.16044776119402984,11.029850746268655,304.54545454545456,0.3933320846600487,0.393332084660053,2025-09-14 03:26:22
whSrmIHiuio,I’m seriously so grateful for y’all,Corook,Music Content,False,2023-06-04 19:02:08,2025-09-15,2025,9,38,Monday,834,22657,1822,67,56.6425,8.041664827647086,0.29571434876638564,8.33737917641347,27.166666666666668,0.0,0.0,2025-09-15 06:34:10
wkrU5H3A6Bs,Played the biggest show I’ve ever played all by myself. It was terrifying! And thrilling!,Corook,Music Content,False,2024-10-08 16:48:11,2025-09-15,2025,9,38,Monday,342,1347,120,7,3.3674999999999997,8.908685968819599,0.5196733481811433,9.428359317000742,3.93859649122807,0.0,0.0,2025-09-15 06:33:41
wlDDantvVVI,Whatchu know about speed ramping? #flyanaboss #besties,Flyana Boss,Music Content,False,2023-05-01 07:07:46,2025-09-12,2025,9,37,Friday,865,96169,3990,23,240.42249999999999,4.148946126090528,0.023916230802025602,4.172862356892553,111.17803468208092,0.0,0.0,2025-09-12 08:06:50
wlDDantvVVI,Whatchu know about speed ramping? #flyanaboss #besties,Flyana Boss,Music Content,False,2023-05-01 07:07:46,2025-09-14,2025,9,37,Sunday,867,96172,3990,23,240.43,4.148816703406396,0.023915484756477978,4.1727321881628745,110.92502883506344,0.0031195083654816,0.003119508365490585,2025-09-14 03:26:56
wl_nj3ZUWAU,BiC Fizzle - Hot Boyy [Official Audio],BiC Fizzle,Official Audio,False,2023-11-02 04:00:30,2025-09-12,2025,9,37,Friday,680,51614,1274,21,129.035,2.468322548145852,0.04068663540899756,2.5090091835548494,75.90294117647059,0.0,0.0,2025-09-12 18:54:42
wl_nj3ZUWAU,BiC Fizzle - Hot Boyy [Official Audio],BiC Fizzle,Official Audio,False,2023-11-02 04:00:30,2025-09-14,2025,9,37,Sunday,682,51674,1274,21,129.185,2.4654565158493633,0.0406393931183961,2.5060959089677595,75.7683284457478,0.11624752973999303,0.11624752973999743,2025-09-14 03:25:42
wmpE4dtoiiI,I’m having so much fun on this tour can u tell?,Corook,Music Content,False,2025-03-22 02:10:02,2025-09-15,2025,9,38,Monday,177,4447,331,24,11.1175,7.443220148414661,0.5396896784348999,7.982909826849561,25.124293785310734,0.0,0.0,2025-09-15 06:33:34
wpO50tzrDYg,USA PRE SALE TOUR TICKETS SIGNUP LINK 🖤 COBRAHCORE.COM,COBRAH,Music Content,False,2023-04-04 15:15:19,2025-09-12,2025,9,37,Friday,892,21779,1145,50,54.4475,5.257358005418063,0.22957895220166216,5.486936957619726,24.41591928251121,0.0,0.0,2025-09-12 08:05:26
wpO50tzrDYg,USA PRE SALE TOUR TICKETS SIGNUP LINK 🖤 COBRAHCORE.COM,COBRAH,Music Content,False,2023-04-04 15:15:19,2025-09-14,2025,9,37,Sunday,894,21828,1145,50,54.57,5.245556166391791,0.22906358805204327,5.474619754443834,24.416107382550337,0.2249873731576289,0.22498737315763312,2025-09-14 03:25:58
wq2bW9gc8xo,"They ask us, Flyana boss y u acting different. #hiphop #boffum #besties",Flyana Boss,Music Content,False,2023-03-15 19:29:45,2025-09-12,2025,9,37,Friday,912,622828,41828,278,1557.07,6.715818813540817,0.0446351159549667,6.7604539294957835,682.9254385964912,0.0,0.0,2025-09-12 08:06:50
wq2bW9gc8xo,"They ask us, Flyana boss y u acting different. #hiphop #boffum #besties",Flyana Boss,Music Content,False,2023-03-15 19:29:45,2025-09-14,2025,9,37,Sunday,914,622832,41826,278,1557.08,6.7154545688082825,0.04463482929586148,6.760089398104144,681.4354485776805,0.0006422318842441251,0.0006422318842435411,2025-09-14 03:26:56
wynMCoXva2k,Candyman Dance #flyanaboss #badalee #kirstendodgen #candymandance Credit: @Nguyenthao16121,Flyana Boss,Music Content,False,2024-06-14 22:27:22,2025-09-12,2025,9,37,Friday,455,6085,356,5,15.2125,5.8504519309778145,0.08216926869350863,5.932621199671323,13.373626373626374,0.0,0.0,2025-09-12 08:06:17
wynMCoXva2k,Candyman Dance #flyanaboss #badalee #kirstendodgen #candymandance Credit: @Nguyenthao16121,Flyana Boss,Music Content,False,2024-06-14 22:27:22,2025-09-14,2025,9,37,Sunday,457,6105,356,5,15.262500000000001,5.831285831285831,0.08190008190008191,5.913185913185913,13.358862144420131,0.3286770747740345,0.3286770747740392,2025-09-14 03:26:30
x1AOial0SMk,candyman - Flyanaboss #dance,Flyana Boss,Music Content,False,2024-08-01 02:03:45,2025-09-12,2025,9,37,Friday,407,10063,505,6,25.157500000000002,5.018384179668091,0.059624366491106036,5.0780085461591975,24.724815724815723,0.0,0.0,2025-09-12 08:06:17
x1AOial0SMk,candyman - Flyanaboss #dance,Flyana Boss,Music Content,False,2024-08-01 02:03:45,2025-09-14,2025,9,37,Sunday,409,10104,505,6,25.259999999999998,4.998020585906572,0.05938242280285036,5.057403008709422,24.704156479217605,0.4074331710225578,0.40743317102254034,2025-09-14 03:26:30
x2yCV66xFrQ,Playing some cute shows!,Corook,Music Content,False,2023-04-30 18:20:51,2025-09-15,2025,9,38,Monday,869,12566,1151,105,31.415000000000003,9.159637116027374,0.8355880948591438,9.995225210886518,14.46029919447641,0.0,0.0,2025-09-15 06:34:10
x6wx-AB20Ck,I was nominated for Breakout Artist for the Queerty awards 🧡 🏳️‍🌈 I’m so honored.,Corook,Music Content,False,2024-02-06 20:58:28,2025-09-15,2025,9,38,Monday,587,5602,531,26,14.005,9.478757586576222,0.46411995715815785,9.94287754373438,9.543441226575808,0.0,0.0,2025-09-15 06:33:48
x8EXmWKyfUM,babydoll by dominic fike but by re6ce actually,re6ce,Music Content,False,2023-12-21 20:22:02,2025-09-14,2025,9,37,Sunday,633,9561,456,46,23.9025,4.7693755883275815,0.4811212216295367,5.250496809957118,15.104265402843602,0.0,0.0,2025-09-14 03:38:54
xBGUJ67fdA0,BiC Fizzle - So Icy Fizzle (feat. Cootie) [Official Music Video],BiC Fizzle,Official Music Video,False,2021-11-30 20:00:30,2025-09-12,2025,9,37,Friday,1382,1111707,18562,426,2779.2675000000004,1.6696845481768128,0.038319449279351485,1.7080039974561643,804.4189580318379,0.0,0.0,2025-09-12 18:54:52
xBGUJ67fdA0,BiC Fizzle - So Icy Fizzle (feat. Cootie) [Official Music Video],BiC Fizzle,Official Music Video,False,2021-11-30 20:00:30,2025-09-14,2025,9,37,Sunday,1384,1111984,18567,426,2779.96,1.6697182693276162,0.03830990373962215,1.7080281730672384,803.456647398844,0.024916637207465633,0.0249166372074532,2025-09-14 03:25:50
xBQhKShPZtI,BiC Fizzle - Shooting Star [Official Audio],BiC Fizzle,Official Audio,False,2023-11-02 04:00:35,2025-09-12,2025,9,37,Friday,680,45186,1147,23,112.965,2.538396848581419,0.05090072146239986,2.589297570043819,66.45,0.0,0.0,2025-09-12 18:54:42
xBQhKShPZtI,BiC Fizzle - Shooting Star [Official Audio],BiC Fizzle,Official Audio,False,2023-11-02 04:00:35,2025-09-14,2025,9,37,Sunday,682,45238,1148,23,113.095,2.537689553030638,0.05084221229939432,2.5885317653300324,66.33137829912023,0.1150798920019475,0.11507989200194348,2025-09-14 03:25:42
xIQeAD4uzao,Serious Person part 2 is out today! ’m excited that these songs are now for you all to hear 👽🐸,Corook,Music Content,False,2023-09-22 17:21:38,2025-09-15,2025,9,38,Monday,724,6191,370,22,15.4775,5.97641738006784,0.35535454692295265,6.331771926990792,8.55110497237569,0.0,0.0,2025-09-15 06:33:55
xN1qjn2sAvY,corook - committed to a bit (lyric video),Corook,Lyric Video,False,2025-02-28 05:00:56,2025-09-15,2025,9,38,Monday,199,3705,134,35,9.2625,3.616734143049932,0.9446693657219973,4.56140350877193,18.618090452261306,0.0,0.0,2025-09-15 06:33:34
xNWN-mpwgP4,Raiche -  Holy (Justin Bieber Cover),Raiche,Music Content,False,2020-11-10 15:39:45,2025-09-15,2025,9,38,Monday,1770,5642,287,27,14.105,5.086848635235732,0.47855370436015604,5.565402339595888,3.1875706214689266,0.0,0.0,2025-09-15 06:33:13
xYkydGzbYzU,corook - serious person (audio),Corook,Music Content,False,2023-05-19 04:03:59,2025-09-15,2025,9,38,Monday,850,41390,1456,126,103.475,3.5177579125392606,0.3044213578158976,3.822179270355158,48.694117647058825,0.0,0.0,2025-09-15 06:34:10
xa2p0X_LL_s,How old do you think we are??,Flyana Boss,Music Content,False,2022-08-01 22:05:42,2025-09-12,2025,9,37,Friday,1138,46001,4289,133,115.0025,9.323710354122737,0.2891241494750114,9.612834503597748,40.42267135325132,0.0,0.0,2025-09-12 08:07:01
xa2p0X_LL_s,How old do you think we are??,Flyana Boss,Music Content,False,2022-08-01 22:05:42,2025-09-14,2025,9,37,Sunday,1140,46006,4289,133,115.015,9.322697039516585,0.28909272703560407,9.611789766552189,40.35614035087719,0.010869328927632009,0.010869328927634479,2025-09-14 03:27:05
xalCPpH5Zuc,would she love me still?,Corook,Music Content,False,2025-01-11 19:54:39,2025-09-15,2025,9,38,Monday,247,1534,214,26,3.835,13.95045632333768,1.694915254237288,15.645371577574966,6.2105263157894735,0.0,0.0,2025-09-15 06:33:41
xcrw646a_ik,corook - sims (music video),Corook,Music Content,False,2021-11-05 15:01:13,2025-09-15,2025,9,38,Monday,1410,276348,1644,108,690.87,0.5949020799861044,0.03908115853923314,0.6339832385253376,195.99148936170212,0.0,0.0,2025-09-15 06:34:25
xiABQqm9PZ8,live laugh love yourself! my new song “smoothie” comes out tomorrow🍌 https://corook.lnk.to/smoothie,Corook,Live Performance,False,2022-10-25 20:41:47,2025-09-15,2025,9,38,Monday,1056,5909,647,22,14.772499999999999,10.949399221526484,0.3723134202064647,11.32171264173295,5.5956439393939394,0.0,0.0,2025-09-15 06:34:25
xkv_2nCSEYM,still my lil nutterbutter 💗 #candyman #flyanaboss,Flyana Boss,Music Content,False,2024-06-08 00:28:06,2025-09-12,2025,9,37,Friday,461,20492,1617,16,51.230000000000004,7.890884247511224,0.0780792504391958,7.968963497950419,44.45119305856833,0.0,0.0,2025-09-12 08:06:17
xkv_2nCSEYM,still my lil nutterbutter 💗 #candyman #flyanaboss,Flyana Boss,Music Content,False,2024-06-08 00:28:06,2025-09-14,2025,9,37,Sunday,463,20507,1617,16,51.267500000000005,7.885112400643683,0.07802213878187936,7.963134539425562,44.29157667386609,0.07319929728674605,0.07319929728674882,2025-09-14 03:26:30
xnd9jw_Nhoo,Raiche - Big Daddy [Official Music Video],Raiche,Official Music Video,False,2023-09-01 16:00:09,2025-09-15,2025,9,38,Monday,745,55793,1478,106,139.4825,2.649077841306257,0.18998799132507663,2.8390658326313334,74.88993288590603,0.0,0.0,2025-09-15 06:33:04
xo90agj9UGs,Want it?,COBRAH,Music Content,False,2022-02-14 18:25:55,2025-09-12,2025,9,37,Friday,1306,15848,980,31,39.620000000000005,6.18374558303887,0.19560827864714792,6.379353861686018,12.134762633996937,0.0,0.0,2025-09-12 08:05:35
xo90agj9UGs,Want it?,COBRAH,Music Content,False,2022-02-14 18:25:55,2025-09-14,2025,9,37,Sunday,1308,15862,980,31,39.655,6.17828773168579,0.1954356323288362,6.3737233640146265,12.12691131498471,0.08833922261484099,0.08833922261483237,2025-09-14 03:26:07
xxUdiyL_LkE,COROOK IS ALIVE !!!!!!! 100 days of corook starts today. 1/100.,Corook,Live Performance,False,2025-08-23 05:58:26,2025-09-15,2025,9,38,Monday,23,659,133,41,1.6475,20.18209408194234,6.22154779969651,26.403641881638848,28.652173913043477,0.0,0.0,2025-09-15 06:33:34
y-G0aI9e7vI,MAKING ROOM IS COMING OUT SOOONN! So I’ll be flooding you with these short videos till it drops xox,Raiche,Music Content,False,2024-06-20 20:00:57,2025-09-15,2025,9,38,Monday,452,1375,66,4,3.4375,4.8,0.2909090909090909,5.090909090909091,3.0420353982300883,0.0,0.0,2025-09-15 06:33:04
y4WLyAydl34,BiC Fizzle - Product of the Trenches [Official Audio],BiC Fizzle,Official Audio,False,2023-01-27 05:00:31,2025-09-12,2025,9,37,Friday,959,38191,789,31,95.4775,2.065931764028174,0.08117095650807782,2.147102720536252,39.823774765380605,0.0,0.0,2025-09-12 18:54:42
y4WLyAydl34,BiC Fizzle - Product of the Trenches [Official Audio],BiC Fizzle,Official Audio,False,2023-01-27 05:00:31,2025-09-14,2025,9,37,Sunday,961,38205,789,31,95.51249999999999,2.065174715351394,0.08114121188326136,2.1463159272346553,39.755463059313215,0.036657851326228695,0.03665785132621024,2025-09-14 03:25:42
y5YVryjVjBY,💁🏾‍♀️💁🏾‍♀️,Flyana Boss,Music Content,False,2023-04-04 19:18:01,2025-09-12,2025,9,37,Friday,892,47610,3986,42,119.025,8.372190716236085,0.08821676118462507,8.460407477420711,53.374439461883405,0.0,0.0,2025-09-12 08:06:50
y5YVryjVjBY,💁🏾‍♀️💁🏾‍♀️,Flyana Boss,Music Content,False,2023-04-04 19:18:01,2025-09-14,2025,9,37,Sunday,894,47611,3986,42,119.02749999999999,8.372014870513118,0.088214908319506,8.460229778832623,53.25615212527964,0.002100399075824407,0.002100399075810557,2025-09-14 03:26:56
yBQ6SQSTbgU,thanks to everyone that tuned into my blankets shenanigans… next song coming soon 🐸👀🩰,Corook,Music Content,False,2024-09-05 17:47:20,2025-09-15,2025,9,38,Monday,375,2653,266,17,6.6325,10.026385224274406,0.6407840180927252,10.667169242367132,7.074666666666666,0.0,0.0,2025-09-15 06:33:48
yDiNhgN16-k,DANCE CANDYMAN - FLYANABOSS,Flyana Boss,Music Content,False,2024-08-05 21:58:42,2025-09-12,2025,9,37,Friday,403,3990,236,4,9.975000000000001,5.9147869674185465,0.10025062656641603,6.015037593984962,9.900744416873449,0.0,0.0,2025-09-12 08:06:17
yDiNhgN16-k,DANCE CANDYMAN - FLYANABOSS,Flyana Boss,Music Content,False,2024-08-05 21:58:42,2025-09-14,2025,9,37,Sunday,405,4009,237,4,10.0225,5.911698677974557,0.09977550511349464,6.011474183088051,9.898765432098765,0.4761904761904762,0.47619047619047045,2025-09-14 03:26:30
yaNak3VgCXQ,BiC Fizzle - Servin [Official Music Video],BiC Fizzle,Official Music Video,False,2021-12-17 05:00:33,2025-09-12,2025,9,37,Friday,1365,13748192,124784,1137,34370.479999999996,0.9076393463227747,0.008270178362362119,0.9159095246851368,10071.93553113553,0.0,0.0,2025-09-12 18:54:52
yaNak3VgCXQ,BiC Fizzle - Servin [Official Music Video],BiC Fizzle,Official Music Video,False,2021-12-17 05:00:33,2025-09-14,2025,9,37,Sunday,1367,13763590,124889,1137,34408.975,0.9073868082382576,0.008260926110120978,0.9156477343483785,10068.463789319678,0.11200018155114505,0.11200018155115268,2025-09-14 03:25:50
ybCX9fbuVbg,Flyana Boss - Nu Nu (Lyric Video),Flyana Boss,Lyric Video,False,2023-02-24 05:00:27,2025-09-12,2025,9,37,Friday,931,360992,8694,297,902.48,2.408363620246432,0.08227329137487811,2.4906369116213103,387.74650912996776,0.0,0.0,2025-09-12 08:07:01
ybCX9fbuVbg,Flyana Boss - Nu Nu (Lyric Video),Flyana Boss,Lyric Video,False,2023-02-24 05:00:27,2025-09-14,2025,9,37,Sunday,933,361131,8696,297,902.8274999999999,2.40799045221817,0.08224162423054238,2.490232076448712,387.064308681672,0.03850500842123925,0.038505008421223126,2025-09-14 03:27:05
ycoFRGRE9WA,"My full docu-piece “Corook, I got a kazoo for you” is out now on my channel!",Corook,Music Content,False,2023-12-31 05:00:27,2025-09-15,2025,9,38,Monday,624,2228,164,3,5.57,7.360861759425494,0.13464991023339318,7.495511669658887,3.5705128205128207,0.0,0.0,2025-09-15 06:33:48
yfAjMWx5Vy4,re6ce - brown eyes*,re6ce,Music Content,False,2024-03-26 00:12:53,2025-09-14,2025,9,37,Sunday,537,471160,10245,270,1177.9,2.174420578996519,0.05730537397062569,2.2317259529671447,877.3929236499068,0.0,0.0,2025-09-14 03:38:54
yiS4gP7G1Q0,"MY FIRST EVER HEADLINE TOUR STARTS TOMORROW! I REPEAT, TOUR STARTS TOMORROW!! 🤯🐠",Corook,Music Content,False,2023-09-04 22:48:05,2025-09-15,2025,9,38,Monday,742,7196,447,30,17.99,6.211784324624792,0.4168982768204558,6.628682601445248,9.69811320754717,0.0,0.0,2025-09-15 06:34:02
ykX8E5JE_Bg,It’s all true. #flyanaboss,Flyana Boss,Music Content,False,2025-07-15 18:25:15,2025-09-12,2025,9,37,Friday,59,24302,1069,27,60.754999999999995,4.398814912352893,0.11110196691630318,4.509916879269196,411.89830508474574,0.0,0.0,2025-09-12 08:06:09
ykX8E5JE_Bg,It’s all true. #flyanaboss,Flyana Boss,Music Content,False,2025-07-15 18:25:15,2025-09-14,2025,9,37,Sunday,61,24503,1079,27,61.2575,4.403542423376729,0.11019058890748071,4.513733012284209,401.6885245901639,0.8270924203769237,0.8270924203769318,2025-09-14 03:26:22
z3W40yc09P0,BiC Fizzle - Turnt Sh*t [Official Audio],BiC Fizzle,Official Audio,False,2022-03-24 04:00:16,2025-09-12,2025,9,37,Friday,1268,436027,6636,167,1090.0674999999999,1.5219241010304407,0.03830038048102526,1.560224481511466,343.8698738170347,0.0,0.0,2025-09-12 18:54:52
z3W40yc09P0,BiC Fizzle - Turnt Sh*t [Official Audio],BiC Fizzle,Official Audio,False,2022-03-24 04:00:16,2025-09-14,2025,9,37,Sunday,1270,436173,6635,167,1090.4325,1.521185401205485,0.0382875602112006,1.5594729614166856,343.4433070866142,0.033484164971435255,0.033484164971436095,2025-09-14 03:25:50
z3b5O7n8f6Y,"It’s been hard work, but I’m almost to the UK and Ireland for my headline shows!! 🚣🏼‍♂️",Corook,Music Content,False,2023-11-21 18:00:58,2025-09-15,2025,9,38,Monday,664,4147,259,9,10.3675,6.245478659271763,0.2170243549553894,6.462503014227153,6.245481927710843,0.0,0.0,2025-09-15 06:33:55
zHWsZn3sGM0,Feeling extra soft 😅🤍 #cover #love #singwithme,Raiche,Music Content,False,2022-10-03 17:00:36,2025-09-15,2025,9,38,Monday,1078,2507,298,24,6.2675,11.886717191862784,0.9573195053849222,12.844036697247706,2.325602968460111,0.0,0.0,2025-09-15 06:33:13
zZ6Nxyn9QzA,All is we see is green 💸 #flyanaboss #spendit #newmusic,Flyana Boss,Music Content,False,2024-06-16 05:19:01,2025-09-12,2025,9,37,Friday,453,12350,1167,13,30.875,9.449392712550607,0.10526315789473684,9.554655870445343,27.26269315673289,0.0,0.0,2025-09-12 08:06:17
zZ6Nxyn9QzA,All is we see is green 💸 #flyanaboss #spendit #newmusic,Flyana Boss,Music Content,False,2024-06-16 05:19:01,2025-09-14,2025,9,37,Sunday,455,12360,1167,13,30.9,9.441747572815535,0.1051779935275081,9.546925566343043,27.164835164835164,0.08097165991902834,0.08097165991902373,2025-09-14 03:26:30
z_iXsUOWklg,AND FOR MY NEXT TRICK!!!!,Corook,Music Content,False,2024-10-01 16:56:09,2025-09-15,2025,9,38,Monday,349,2201,237,16,5.5025,10.76783280327124,0.7269422989550204,11.49477510222626,6.306590257879656,0.0,0.0,2025-09-15 06:33:41
zfLs6lrQY2c,corook - hell yeah (super wet version) [music video],Corook,Music Content,False,2022-09-09 19:01:07,2025-09-15,2025,9,38,Monday,1102,292621,3506,142,731.5525,1.1981368391195437,0.048526934157152084,1.2466637732766959,265.53629764065334,0.0,0.0,2025-09-15 06:34:25
zqswMb3Va7o,Raiche - Complicated [In Studio Video],Raiche,Music Content,False,2020-05-06 16:00:37,2025-09-15,2025,9,38,Monday,1958,8941,325,23,22.352500000000003,3.6349401632926965,0.2572419192484062,3.892182082541103,4.566394279877426,0.0,0.0,2025-09-15 06:33:13
zuw4fXFYiWk,SPEND IT 🤑 OUT NOWWW! #flyanaboss #spendit #besties,Flyana Boss,Music Content,False,2024-06-14 20:33:48,2025-09-12,2025,9,37,Friday,455,16353,1366,17,40.88250000000001,8.353207362563445,0.10395646058827127,8.457163823151717,35.94065934065934,0.0,0.0,2025-09-12 08:06:17
zuw4fXFYiWk,SPEND IT 🤑 OUT NOWWW! #flyanaboss #spendit #besties,Flyana Boss,Music Content,False,2024-06-14 20:33:48,2025-09-14,2025,9,37,Sunday,457,16361,1366,17,40.9025,8.349122914247294,0.10390562924026649,8.45302854348756,35.800875273522976,0.04892068733565706,0.04892068733564733,2025-09-14 03:26:30
