video_id,title,artist_name,video_type,has_isrc,published_at,initial_views,final_views,peak_views,initial_revenue,final_revenue,peak_revenue,avg_engagement_rate,avg_growth_rate,first_tracked,last_tracked,tracking_points,total_views_growth,total_revenue_growth,tracking_days
-Ia1XnE3ykI,C*NTY GANG,Flyana Boss,Music Content,False,2025-07-12 22:00:53,14691,14871,14871,36.7275,37.1775,37.1775,9.607036826008692,0.612619971411068,2025-09-12,2025-09-14,2,1.225239942822136,1.2252399428221439,2
-Pr88v9zlxI,Wait is this one for the C*NTs,Flyana Boss,Music Content,False,2025-06-14 18:47:18,18052,18107,18107,45.129999999999995,45.2675,45.2675,7.3315208174035895,0.15233769111455794,2025-09-12,2025-09-14,2,0.3046753822291159,0.3046753822291222,2
-goVrED-olQ,#BiCFizzle #TurntShit OUT NOW!!,BiC Fizzle,Music Content,False,2022-07-08 16:00:00,7310,7313,7313,18.275,18.2825,18.2825,5.942691865001385,0.02051983584131327,2025-09-12,2025-09-14,2,0.04103967168262654,0.0410396716826281,2
-qtAGkEV4a0,Black men don’t cheat!?,Flyana Boss,Music Content,False,2023-04-30 16:36:32,1098736,1098768,1098768,2746.84,2746.92,2746.92,8.26469486018892,0.0014562187823098543,2025-09-12,2025-09-14,2,0.0029124375646197086,0.002912437564617059,2
0-HwC9SGFdg,(:,Flyana Boss,Music Content,False,2024-08-08 20:33:09,16624,16661,16661,41.559999999999995,41.6525,41.6525,7.67613653464122,0.11128488931665063,2025-09-12,2025-09-14,2,0.22256977863330127,0.2225697786333211,2
0-j4k32WqG4,FLYANA BOSS TV | Episode 1,Flyana Boss,Music Content,False,2023-09-04 18:09:31,12476,12476,12476,31.19,31.19,31.19,11.942930426418725,0.0,2025-09-12,2025-09-14,2,0.0,0.0,2
01Xe4ZL4EEA,COBRAH & Only Fire-SWEAT IT OUT (TEQUILA Remix) [Official Audio],COBRAH,Official Audio,False,2024-07-26 04:00:00,92190,92364,92364,230.475,230.91000000000003,230.91000000000003,1.7772581628991975,0.09437032216075496,2025-09-12,2025-09-14,2,0.18874064432150991,0.18874064432152324,2
0Yu63kuif6M,BiC Fizzle-Reminded Myself (feat. KATO2X) [Official Audio],BiC Fizzle,Official Audio,False,2023-01-27 05:00:00,73523,73534,73534,183.8075,183.835,183.835,2.5343913897687997,0.007480652312881684,2025-09-12,2025-09-14,2,0.014961304625763368,0.01496130462576522,2
0hYaXKRpAwY,Flyana Boss-Trashboi (Acoustic Performance Video),Flyana Boss,Live Performance,False,2024-08-02 18:00:00,20839,20863,20863,52.0975,52.1575,52.1575,8.925231599814609,0.057584337060319596,2025-09-12,2025-09-14,2,0.11516867412063919,0.11516867412064355,2
0yQqjBINB0Y,Candyman Choreo-Bada Pop Up Class #badalee #kirstendodgen DC: @Bada_bebe @KirstenDodgenn,Flyana Boss,Music Content,False,2024-06-05 19:23:14,16448,16465,16465,41.120000000000005,41.1625,41.1625,6.337922877026022,0.05167801556420234,2025-09-12,2025-09-14,2,0.10335603112840468,0.10335603112839706,2
11A01A9s-js,Flyana Boss-daddy? (Official Music Video),Flyana Boss,Official Music Video,False,2021-05-24 16:58:22,148345,148420,148420,370.8625,371.04999999999995,371.04999999999995,3.5421967435349178,0.025278910647477167,2025-09-12,2025-09-14,2,0.050557821294954335,0.050557821294939,2
18OOXFkGoTU,LEAKING the new record 💦,COBRAH,Music Content,False,2023-09-28 17:31:17,13528,13582,13582,33.82,33.955,33.955,2.7222388207998884,0.1995860437610881,2025-09-12,2025-09-14,2,0.3991720875221762,0.3991720875221703,2
1MQhScwfy-w,new new (:,Flyana Boss,Music Content,False,2024-08-07 02:01:53,7606,7628,7628,19.015,19.07,19.07,7.916519070239721,0.14462266631606627,2025-09-12,2025-09-14,2,0.28924533263213253,0.28924533263213104,2
1P6FgxsgJz4,BiC Fizzle-Get Down Gang (feat. Li Rye) [Official Audio],BiC Fizzle,Official Audio,False,2023-01-24 17:00:01,29858,29859,29859,74.645,74.64750000000001,74.64750000000001,3.8615469642591576,0.0016745930738830466,2025-09-12,2025-09-14,2,0.0033491861477660933,0.003349186147782085,2
1QZxwgMx2KU,we love @TikTok and can’t believe we’ve hit 1 million followers 🦋✨,Flyana Boss,Music Content,False,2023-08-02 18:37:29,4337776,4337824,4337824,10844.439999999999,10844.56,10844.56,0.026580294159142766,0.000553278915278244,2025-09-12,2025-09-14,2,0.001106557830556488,0.0011065578305638683,2
1el1xIBiUcE,This sound has people in a tizzy 😱😱😱😱,Flyana Boss,Music Content,False,2023-05-19 19:01:07,222794,222797,222797,556.985,556.9925,556.9925,4.22876584302348,0.0006732676822535617,2025-09-12,2025-09-14,2,0.0013465353645071233,0.0013465353644956928,2
1m6SY_Yo7F4,IM BOUT TO SIN AGAIN #Flyanaboss VC: d_hatake8Daniel,Flyana Boss,Music Content,False,2024-08-14 23:10:38,9983,10027,10027,24.957500000000003,25.0675,25.0675,6.951524882616594,0.22037463688270056,2025-09-12,2025-09-14,2,0.44074927376540113,0.4407492737653846,2
2IroixX1C28,if you see us running through the streets of LA hide your bikes 📣 #hiphop #besties #flyanaboss,Flyana Boss,Music Content,False,2023-06-11 02:02:01,857140,857147,857147,2142.85,2142.8675000000003,2142.8675000000003,7.748994188859951,0.0004083346944489815,2025-09-12,2025-09-14,2,0.000816669388897963,0.0008166693889157891,2
2fawj2f8qSc,Flyana Boss-Spend It (Lyric Video),Flyana Boss,Lyric Video,False,2024-06-14 04:00:03,36466,36521,36521,91.165,91.30250000000001,91.30250000000001,3.6609279971756425,0.07541271321230736,2025-09-12,2025-09-14,2,0.15082542642461472,0.15082542642461783,2
2mhrce6cSAo,Who knew @NickCannon had his own candy store! 🍭🤷🏾‍♀️🤷🏿‍♀️ #drclipsstyle #flyanaboss,Flyana Boss,Music Content,False,2024-04-04 19:54:46,30584,30592,30592,76.46,76.47999999999999,76.47999999999999,6.378318403830811,0.013078733978550874,2025-09-12,2025-09-14,2,0.02615746795710175,0.02615746795709655,2
33bfjDnZm6w,Wait what!?!!🛹 #flyanaboss #drclipsstyle,Flyana Boss,Music Content,False,2024-04-10 17:28:20,69873,69883,69883,174.6825,174.70749999999998,174.70749999999998,5.631958636374673,0.0071558398809268235,2025-09-12,2025-09-14,2,0.014311679761853647,0.014311679761840631,2
3wAkOZPUGuw,We made an introvert anthem 🌸 #hiphop #besties,Flyana Boss,Music Content,False,2023-03-25 15:45:17,106154,106158,106158,265.385,265.395,265.395,16.503070975789043,0.0018840552404996514,2025-09-12,2025-09-14,2,0.0037681104809993027,0.0037681104809958762,2
3zWHWJUS-zk,Rose knew she had room on that door!!,Flyana Boss,Music Content,False,2023-03-05 19:20:36,13802,13803,13803,34.504999999999995,34.5075,34.5075,5.028074630760501,0.003622663382118534,2025-09-12,2025-09-14,2,0.007245326764237068,0.007245326764251071,2
43ekX9jqOE8,Candyman dance #flyanaboss,Flyana Boss,Music Content,False,2024-08-01 02:09:58,8062,8077,8077,20.154999999999998,20.1925,20.1925,9.690807932223425,0.09302902505581741,2025-09-12,2025-09-14,2,0.18605805011163482,0.18605805011164192,2
48V2471qxSY,CANDYMAN DANCE-Flyana boss,Flyana Boss,Music Content,False,2024-07-16 18:53:52,5768,5781,5781,14.42,14.452499999999999,14.452499999999999,6.788475135319418,0.11269070735090152,2025-09-12,2025-09-14,2,0.22538141470180303,0.22538141470179518,2
4FGNJC-cXgY,"COBRAH, VTSS, & MCR-T-T*TS, LIPS, HIPS, KISS (10/10 Remix) {Official Audio}",COBRAH,Official Audio,False,2024-07-12 04:00:02,135740,136253,136253,339.35,340.63249999999994,340.63249999999994,2.3438138022713924,0.1889641962575512,2025-09-12,2025-09-14,2,0.3779283925151024,0.37792839251507687,2
4PcHRTcZ_Ls,We almost got into a fight with a meat head on this one!!! Where should we run next!!!?!,Flyana Boss,Music Content,False,2023-07-06 19:26:52,7280778,7280842,7280842,18201.945,18202.105,18202.105,0.06385965300958785,0.000439513469577015,2025-09-12,2025-09-14,2,0.00087902693915403,0.0008790269391532304,2
4PzK_qweJlk,Flyana Boss-Airplane Mode (Official Visualizer￼),Flyana Boss,Visualizer,False,2025-02-11 20:00:06,22130,22177,22177,55.324999999999996,55.442499999999995,55.442499999999995,7.19074065836947,0.1061906913691821,2025-09-12,2025-09-14,2,0.2123813827383642,0.21238138273836374,2
4g0ByUFprDE,married to the game 💍 catch us on twitch :),Flyana Boss,Music Content,False,2025-05-30 17:42:21,18041,18119,18119,45.1025,45.2975,45.2975,0.0663719902443086,0.21617426971897347,2025-09-12,2025-09-14,2,0.43234853943794693,0.43234853943794754,2
4nOfxhls8Fc,FLYANA BOSS VEGETARIAN MEXICAN FAST FOOD MUKBANG!!,Flyana Boss,Music Content,False,2020-05-22 19:00:02,8368,8369,8369,20.92,20.9225,20.9225,4.959072730853439,0.0059751434034416824,2025-09-12,2025-09-14,2,0.011950286806883365,0.011950286806872495,2
4q9E5NvtggA,HIIIII GUYS #Flyanaboss #pregnancy #dance #hiphop,Flyana Boss,Music Content,False,2024-08-07 02:06:07,12070,12097,12097,30.175,30.2425,30.2425,8.528164254162313,0.11184755592377796,2025-09-12,2025-09-14,2,0.22369511184755592,0.22369511184755264,2
4tXPBa1sDlM,My new project CHOSEN 1K drop 11/2 hope y’all waiting to hear from me I love all my supporters ❤️❤️,BiC Fizzle,Music Content,False,2023-10-27 20:41:17,3766,3769,3769,9.415,9.4225,9.4225,6.264101855607988,0.03983005841741901,2025-09-12,2025-09-14,2,0.07966011683483802,0.07966011683484105,2
4uMfNChaO8Y,See you next Tuesday,Flyana Boss,Music Content,False,2025-07-07 17:42:08,14005,14104,14104,35.0125,35.26,35.26,8.968756448501193,0.3534451981435202,2025-09-12,2025-09-14,2,0.7068903962870404,0.7068903962870265,2
50W61GJ-4wk,FIZZLE ‼️‼️‼️,BiC Fizzle,Music Content,False,2023-01-18 17:00:02,13237,13245,13245,33.0925,33.1125,33.1125,5.188430350391432,0.030218327415577548,2025-09-12,2025-09-14,2,0.060436654831155096,0.06043665483114307,2
5CsAX9nqitA,CANDYMAN DANCE CHALLENGE-flyanaboss,Flyana Boss,Music Content,False,2024-08-07 18:25:12,6370,6391,6391,15.925,15.9775,15.9775,6.566901257090586,0.16483516483516483,2025-09-12,2025-09-14,2,0.32967032967032966,0.32967032967031984,2
5GKomPr0ZVE,buttaaaa #Flyanaboss,Flyana Boss,Music Content,False,2024-08-07 02:03:52,7132,7152,7152,17.83,17.88,17.88,7.665925136856792,0.14021312394840157,2025-09-12,2025-09-14,2,0.28042624789680315,0.28042624789680715,2
5JxbuCtyQPo,Keep it rolling like I’m Kelly! #hiphop #newmusic,Flyana Boss,Music Content,False,2023-04-13 19:28:04,109869,109869,109869,274.6725,274.6725,274.6725,9.01073096141769,0.0,2025-09-12,2025-09-14,2,0.0,0.0,2
5Tp8bJ59-S0,BiC Fizzle-Changes [Official Music Video],BiC Fizzle,Official Music Video,False,2022-02-18 05:00:02,3283159,3284062,3284062,8207.897500000001,8210.154999999999,8210.154999999999,1.3501753658649949,0.01375199921782649,2025-09-12,2025-09-14,2,0.02750399843565298,0.02750399843562727,2
5Y8f7FpAF2Y,BiC Fizzle-Legend (feat. Cootie & 1KJizzle) [Official Audio],BiC Fizzle,Official Audio,False,2023-01-27 05:00:05,350557,350822,350822,876.3925,877.0550000000001,877.0550000000001,1.7478425525331904,0.03779699164472539,2025-09-12,2025-09-14,2,0.07559398328945079,0.07559398328945338,2
6AO1adbJrfI,Up fa ah couple hours just here to let y’all know the Tape coming out this month stay tuned 🥶,BiC Fizzle,Music Content,False,2023-01-14 01:12:41,25594,25599,25599,63.985,63.9975,63.9975,6.661067006288338,0.009767914354926936,2025-09-12,2025-09-14,2,0.019535828709853872,0.019535828709858313,2
6DgumnZsPho,candyman besties #flyanaboss #candyman,Flyana Boss,Music Content,False,2024-06-08 00:35:56,5332,5335,5335,13.33,13.3375,13.3375,10.5746703779975,0.02813203300825206,2025-09-12,2025-09-14,2,0.05626406601650412,0.056264066016506256,2
6IinNE5i0qc,This song just makes me wanna - 🍭#candyman #flyanaboss,Flyana Boss,Music Content,False,2024-06-08 00:24:18,12339,12349,12349,30.8475,30.872500000000002,30.872500000000002,8.174013006693759,0.040521922359996757,2025-09-12,2025-09-14,2,0.08104384471999351,0.08104384472000042,2
6NHLuq3RAh4,SUCK video premiere on Friday 10 am PT https://cobrah.lnk.to/SUCKVideo,COBRAH,Music Content,False,2023-06-14 17:23:05,74565,75279,75279,186.4125,188.1975,188.1975,1.1819131336090107,0.4787769060551197,2025-09-12,2025-09-14,2,0.9575538121102394,0.9575538121102376,2
6TQ3QeeVcWs,KILLING IT! - CANDYMAN FLYANABOSS,Flyana Boss,Music Content,False,2024-07-16 18:54:45,4737,4740,4740,11.842500000000001,11.850000000000001,11.850000000000001,3.3554925806270597,0.031665611146295125,2025-09-12,2025-09-14,2,0.06333122229259025,0.06333122229259264,2
6TRLwOFe7b0,⚔️FEMININE ENERGY⚔️NEXT FRIDAY ⚔️,COBRAH,Music Content,False,2023-09-01 17:34:48,9202,9232,9232,23.005,23.08,23.08,6.238488910744669,0.16300804173005867,2025-09-12,2025-09-14,2,0.32601608346011735,0.3260160834601143,2
6Vtcpl1Tga8,Giggles in bestie 😭😂 #hiphop #besties,Flyana Boss,Music Content,False,2023-04-16 19:18:48,25428,25429,25429,63.57,63.5725,63.5725,5.010126434876497,0.001966336322164543,2025-09-12,2025-09-14,2,0.003932672644329086,0.0039326726443255095,2
6WBDGTzTA6g,#tbt 2 When Gucci Signed me now we #BLOWTHEDEPOSIT 🥶🥶 #fyp #bicfizzle #1017 #guccimane,BiC Fizzle,Music Content,False,2022-07-29 14:00:04,27706,27712,27712,69.265,69.28,69.28,4.143058260698069,0.010827979499025482,2025-09-12,2025-09-14,2,0.021655958998050964,0.021655958998051783,2
6azlQMS4g2c,Ring Around Dance TikTok compilation Pt2,Flyana Boss,Music Content,False,2020-05-02 18:04:47,4644,4644,4644,11.61,11.61,11.61,1.3565891472868217,0.0,2025-09-12,2025-09-14,2,0.0,0.0,2
6e-X70IVBTM,@beaulexx on Candyman 🍬 #candymandance #badalee #kirstendodgen #flyanaboss,Flyana Boss,Music Content,False,2024-06-07 20:31:40,5476,5487,5487,13.69,13.717500000000001,13.717500000000001,7.096604791217118,0.10043827611395179,2025-09-12,2025-09-14,2,0.20087655222790357,0.20087655222791553,2
6kZURuZgSJc,TEAAAAAA TIME 😭 #hiphop #flyanaboss #besties,Flyana Boss,Music Content,False,2023-04-26 04:32:03,46605,46606,46606,116.51249999999999,116.515,116.515,5.7997446659967355,0.0010728462611307799,2025-09-12,2025-09-14,2,0.0021456925222615598,0.0021456925222718055,2
6mDl2zR9KWY,LIL SWEETHEART-CANDYMAN DANCE,Flyana Boss,Music Content,False,2024-08-05 21:39:22,3018,3027,3027,7.545,7.567500000000001,7.567500000000001,6.7659126181135845,0.14910536779324055,2025-09-12,2025-09-14,2,0.2982107355864811,0.2982107355864924,2
6sg8vCZEqtk,COBRAH-Good PusS feat. cupcakKe (Official Visualizer),COBRAH,Visualizer,False,2022-02-23 05:00:08,681711,682143,682143,1704.2775000000001,1705.3575,1705.3575,2.96329381327478,0.03168498087899418,2025-09-12,2025-09-14,2,0.06336996175798836,0.06336996175798408,2
6t8muKNv2Ts,Flyana Boss-Trashboi (Lyric Video),Flyana Boss,Lyric Video,False,2023-06-16 04:00:04,202306,202364,202364,505.76500000000004,505.91,505.91,2.771146917331148,0.014334720670667206,2025-09-12,2025-09-14,2,0.028669441341334412,0.028669441341330815,2
7KNGLjfxzak,BiC Fizzle-Both Ways (feat. No Cap) [Official Audio],BiC Fizzle,Official Audio,False,2023-01-27 05:00:02,129386,129459,129459,323.465,323.64750000000004,323.64750000000004,2.5799225525485916,0.028210161841312045,2025-09-12,2025-09-14,2,0.05642032368262409,0.056420323682643075,2
7l8KtLcNu2c,Flyana Boss-Miss Me (Official Audio),Flyana Boss,Official Audio,False,2022-02-11 05:34:51,47205,47221,47221,118.01249999999999,118.0525,118.0525,3.64306451482406,0.016947357271475477,2025-09-12,2025-09-14,2,0.033894714542950954,0.033894714542956256,2
7yxmktWAZqs,you were so hot london 🖤,COBRAH,Music Content,False,2024-08-27 20:23:55,7333,7397,7397,18.3325,18.4925,18.4925,5.166395257449085,0.4363834719759989,2025-09-12,2025-09-14,2,0.8727669439519978,0.8727669439519987,2
8-8v-DTb7Yk,BiC Fizzle-Die [Official Audio],BiC Fizzle,Official Audio,False,2023-01-27 05:00:03,24609,24615,24615,61.52250000000001,61.537499999999994,61.537499999999994,3.2179425149001317,0.012190661952944045,2025-09-12,2025-09-14,2,0.02438132390588809,0.024381323905865913,2
8J8jBoGlODs,NEW MUSIC https://cobrah.lnk.to/newmusic,COBRAH,Music Content,False,2022-04-30 16:36:59,8202,8209,8209,20.505,20.5225,20.5225,7.897143597544865,0.042672518897829796,2025-09-12,2025-09-14,2,0.08534503779565959,0.08534503779566861,2
8LfE06MDxog,flyana boss-CANDYMAN dance,Flyana Boss,Music Content,False,2024-07-16 22:01:41,19119,19154,19154,47.7975,47.885,47.885,8.58569421789349,0.09153198389037084,2025-09-12,2025-09-14,2,0.1830639677807417,0.18306396778073872,2
8MCbqIufA80,Content Day With Your Favorite Duo! #besties,Flyana Boss,Music Content,False,2023-04-20 16:07:04,57221,57222,57222,143.05249999999998,143.055,143.055,6.329788644153897,0.0008738050715646354,2025-09-12,2025-09-14,2,0.0017476101431292707,0.0017476101431475497,2
8aGYWymNU3Y,0: #flyanaboss,Flyana Boss,Music Content,False,2024-08-07 18:35:57,12761,12781,12781,31.902499999999996,31.9525,31.9525,10.927104096049636,0.07836376459525116,2025-09-12,2025-09-14,2,0.1567275291905023,0.1567275291905157,2
8aQk_1Iv17U,Untitled video,COBRAH,Music Content,False,2022-05-06 19:34:14,8333,8341,8341,20.8325,20.8525,20.8525,5.733478589832959,0.048001920076803074,2025-09-12,2025-09-14,2,0.09600384015360615,0.09600384015360411,2
9H1Zzo1WPZw,Ring Around Dance TikTok Compilation,Flyana Boss,Music Content,False,2020-04-29 15:59:11,4425,4425,4425,11.0625,11.0625,11.0625,2.214689265536723,0.0,2025-09-12,2025-09-14,2,0.0,0.0,2
9Zb5adVxh_o,Caption this….,Flyana Boss,Music Content,False,2023-06-09 06:58:23,238108,238111,238111,595.27,595.2774999999999,595.2774999999999,3.4303545219002807,0.0006299662338098678,2025-09-12,2025-09-14,2,0.0012599324676197355,0.0012599324676090405,2
9aw1YXo1QQA,BiC Fizzle-Turnt Sh*t [Official Music Video],BiC Fizzle,Official Music Video,False,2022-03-25 19:00:03,4575424,4577876,4577876,11438.56,11444.69,11444.69,1.3134498473446181,0.026795330880810174,2025-09-12,2025-09-14,2,0.05359066176162035,0.05359066176162925,2
9ih3RFDJbjg,Never trust a beanie and a smile!!! #girlrap #hiphop,Flyana Boss,Music Content,False,2023-05-03 22:41:48,1495629,1495640,1495640,3739.0724999999998,3739.1000000000004,3739.1000000000004,6.6801748704924435,0.0003677382559444889,2025-09-12,2025-09-14,2,0.0007354765118889778,0.0007354765119050318,2
9vgmnV1c2rw,MAKE WAY FOR THE NEXT GEN 🫶🏿🏃🏾‍♀️💚 @sonos #GRAMMYsNextGen #SonosPartner #GRAMMYHouse,Flyana Boss,Music Content,False,2024-02-06 19:53:27,9938,9946,9946,24.845000000000002,24.865,24.865,10.098573350631547,0.04024954719259408,2025-09-12,2025-09-14,2,0.08049909438518817,0.08049909438517214,2
A8Ivq1EZ36M,The tea is that I’m her 💁🏾‍♀️ #hiphop #besties #femalerapper #blackgirlmagic,Flyana Boss,Music Content,False,2023-04-28 18:17:50,45157,45158,45158,112.89249999999998,112.89500000000001,112.89500000000001,6.858218458461348,0.0011072480457071994,2025-09-12,2025-09-14,2,0.002214496091414399,0.0022144960914375605,2
ADjCw_FksvM,we’re not sponsored by Dave & Buster’s but we wanna be 😉😂 #flyanaboss #evanblummadeit,Flyana Boss,Music Content,False,2023-07-11 18:05:54,1045106,1045117,1045117,2612.765,2612.7925,2612.7925,0.05099934313370022,0.0005262624078323156,2025-09-12,2025-09-14,2,0.001052524815664631,0.0010525248156702006,2
AH2i9g8H6zI,When Mama’s Got A Brand Nu Bag!?! #besties #flyanaboss #girlrap,Flyana Boss,Music Content,False,2023-03-14 19:49:30,365576,365583,365583,913.94,913.9575000000001,913.9575000000001,9.264058848339417,0.0009573932643280741,2025-09-12,2025-09-14,2,0.0019147865286561483,0.001914786528660626,2
Ac6Pio1CZ78,Two besties trying to help the world love themselves! #hiphop #femalerapper,Flyana Boss,Music Content,False,2023-04-11 17:50:31,29412,29412,29412,73.53,73.53,73.53,8.119135046919624,0.0,2025-09-12,2025-09-14,2,0.0,0.0,2
AhGX1SNLdr8,BiC Fizzle-Pink Tab [Official Audio],BiC Fizzle,Official Audio,False,2023-11-02 04:00:05,28415,28435,28435,71.0375,71.08749999999999,71.08749999999999,2.061565778457346,0.0351926799225761,2025-09-12,2025-09-14,2,0.0703853598451522,0.07038535984514821,2
Aoifp8a5HdE,you my lil sweetheart-CANDY MAN,Flyana Boss,Music Content,False,2024-07-10 17:35:49,6092,6103,6103,15.229999999999999,15.2575,15.2575,8.651086153016252,0.09028233749179251,2025-09-12,2025-09-14,2,0.18056467498358503,0.18056467498359577,2
Attgs3wPBqo,Collectible cards! For tour VIP and a few lucky vinyl purchases! Read more cobrahcore.com/succubus,COBRAH,Music Content,False,2023-11-16 17:37:13,6003,6033,6033,15.0075,15.082500000000001,15.082500000000001,5.383840484862823,0.24987506246876562,2025-09-12,2025-09-14,2,0.49975012493753124,0.4997501249375383,2
Az-x4hMKiwA,yous my lil sweetheart #candyman #flyanaboss,Flyana Boss,Music Content,False,2024-07-11 19:09:22,4643,4651,4651,11.6075,11.6275,11.6275,7.036803147899106,0.08615119534783545,2025-09-12,2025-09-14,2,0.1723023906956709,0.17230239069566722,2
B2fbBMiImtk,BiC Fizzle-Just Got Started [Official Audio],BiC Fizzle,Official Audio,False,2023-01-27 05:00:06,77526,77558,77558,193.815,193.895,193.895,2.3709731179312894,0.02063823749451797,2025-09-12,2025-09-14,2,0.04127647498903594,0.04127647498904239,2
Bcsa2VkDesk,Just rode bikes 🚲… where to next??? ☺️✨ #flyanaboss #evanblummadeit,Flyana Boss,Music Content,False,2023-07-03 17:57:12,5378749,5378776,5378776,13446.8725,13446.939999999999,13446.939999999999,0.06142676870415478,0.0002509877296746883,2025-09-12,2025-09-14,2,0.0005019754593493766,0.0005019754593434246,2
Bt5MFJozK7k,Behind the SUCCUBUS lore part 1 🖤,COBRAH,Music Content,False,2023-11-20 19:42:31,13273,13312,13312,33.1825,33.28,33.28,5.2586047568371885,0.14691478942213515,2025-09-12,2025-09-14,2,0.2938295788442703,0.2938295788442815,2
C20JEjCG_hQ,"Flyana Boss ""Bakes Cookies""",Flyana Boss,Music Content,False,2020-05-29 19:00:06,7914,7916,7916,19.785,19.79,19.79,3.322804854050676,0.012635835228708616,2025-09-12,2025-09-14,2,0.025271670457417232,0.02527167045741221,2
C3z7cV8vwY4,I got bills paid @ 17 like josh Allen🗣️,BiC Fizzle,Music Content,False,2024-06-30 03:54:27,3969,3972,3972,9.9225,9.93,9.93,5.314192925687675,0.03779289493575208,2025-09-12,2025-09-14,2,0.07558578987150416,0.07558578987150702,2
C7wdFvZdr8w,They’ve come to take me…             Feminine energy out Friday 👽,COBRAH,Music Content,False,2023-09-05 17:53:06,7417,7431,7431,18.5425,18.5775,18.5775,4.990569207224645,0.0943777807738978,2025-09-12,2025-09-14,2,0.1887555615477956,0.18875556154779638,2
CKGn6HGegBg,COBRAH-FEMININE ENERGY (Zorza Adrenaline Mix) [Visualizer],COBRAH,Visualizer,False,2024-08-01 17:05:02,46592,46744,46744,116.47999999999999,116.86,116.86,3.4531160592627037,0.16311813186813187,2025-09-12,2025-09-14,2,0.32623626373626374,0.32623626373627207,2
CP_YZdD7jxc,BiC Fizzle-Coke Flow (feat. Cootie) [Official Music Video],BiC Fizzle,Official Music Video,False,2024-08-08 22:00:07,153583,153799,153799,383.9575,384.4975,384.4975,3.1185957286790207,0.07032028284380433,2025-09-12,2025-09-14,2,0.14064056568760866,0.140640565687614,2
CbvClh1LsQM,nah you wish #youwish #flyanaboss Credit: @zekecieslak,Flyana Boss,Music Content,False,2024-06-12 01:26:24,23784,23792,23792,59.459999999999994,59.480000000000004,59.480000000000004,2.9342526472844255,0.016818028927009756,2025-09-12,2025-09-14,2,0.03363605785401951,0.03363605785403672,2
DN6xGGE2AnQ,she don’t eat 🐱 but she ate this verse up,COBRAH,Music Content,False,2024-07-29 17:00:16,7423,7464,7464,18.5575,18.66,18.66,4.722258199544621,0.27616866496025866,2025-09-12,2025-09-14,2,0.5523373299205173,0.5523373299205127,2
DaFrOHJkCDg,#ThrowBackThursday 1017 4 A Reason🏆 “BLOW THE DEPOSIT” w/ Gucci Mane,BiC Fizzle,Music Content,False,2022-08-04 15:00:10,870511,870527,870527,2176.2775,2176.3175,2176.3175,4.529022342226845,0.0009190004491614695,2025-09-12,2025-09-14,2,0.001838000898322939,0.0018380008983212672,2
Drxn6eYRg4Y,BiC Fizzle-Ride Fa Mine (feat. Lg Malique) [Official Music Video],BiC Fizzle,Official Music Video,False,2023-04-17 16:00:12,220626,220754,220754,551.565,551.885,551.885,2.779464509433259,0.02900836710088566,2025-09-12,2025-09-14,2,0.05801673420177132,0.058016734201759776,2
E0qyT8cgO7Y,FLYANA BOSS TV Episode 3 (tour vlog),Flyana Boss,Music Content,False,2023-09-30 17:00:06,8673,8673,8673,21.6825,21.6825,21.6825,6.526000230600715,0.0,2025-09-12,2025-09-14,2,0.0,0.0,2
E2m8YnHDsIY,More new music cominggggg 🌱 👀 #flyanaboss #evanblummadeit,Flyana Boss,Music Content,False,2024-02-13 23:31:26,46623,46634,46634,116.55749999999999,116.58500000000001,116.58500000000001,8.83472579279118,0.011796752675717994,2025-09-12,2025-09-14,2,0.02359350535143599,0.02359350535145111,2
E67TUYEVH3g,CANDYMAN DANCE CHALLENGE-Flyanaboss VC: @ twincity,Flyana Boss,Music Content,False,2024-08-08 20:31:44,5141,5153,5153,12.8525,12.882499999999999,12.882499999999999,7.023507060150788,0.11670881151526939,2025-09-12,2025-09-14,2,0.23341762303053878,0.23341762303053384,2
ECBCWUM8a6I,Laffy taffy 🍬 #candymandance #badalee #kirstendodgen #flyanaboss Credit: @jadebug98,Flyana Boss,Music Content,False,2024-06-10 23:41:00,4553,4555,4555,11.3825,11.3875,11.3875,5.467720948757444,0.021963540522732264,2025-09-12,2025-09-14,2,0.04392708104546453,0.043927081045455785,2
EDEG7QA18Nc,BiC Fizzle-Stable [Official Audio],BiC Fizzle,Official Audio,False,2023-11-02 04:00:09,91302,91396,91396,228.25500000000002,228.49,228.49,1.9113514786179344,0.05147751418369806,2025-09-12,2025-09-14,2,0.10295502836739612,0.10295502836738962,2
EG3UJUia6DU,B a a a a d Position ⛓️ Out on Friday on the SUCCUBUS Ep 🖤 #shorts,COBRAH,Music Content,False,2023-10-10 19:02:20,13397,13461,13461,33.4925,33.6525,33.6525,3.6413760797651435,0.23885944614465926,2025-09-12,2025-09-14,2,0.4777188922893185,0.47771889228932957,2
EIzvA1MGc5s,IM NOT FEELIN HIM #flyanaboss #besties #youwish,Flyana Boss,Music Content,False,2023-06-28 20:49:11,3194511,3194537,3194537,7986.2775,7986.3425,7986.3425,4.071655120782948,0.0004069480430651202,2025-09-12,2025-09-14,2,0.0008138960861302404,0.0008138960861252295,2
ENCpxXzmmyc,New music OTW #Clarkstbaby#1K4L#klanbussiness,BiC Fizzle,Music Content,False,2023-01-16 23:07:45,9757,9769,9769,24.3925,24.4225,24.4225,3.5849649922327416,0.06149431177616071,2025-09-12,2025-09-14,2,0.12298862355232142,0.12298862355232608,2
ES0WsYNbCLw,Flyana Boss-yeaaa (Official Music Video),Flyana Boss,Official Music Video,False,2024-03-08 18:00:06,246298,246420,246420,615.745,616.05,616.05,1.9698894905099738,0.024766745974388747,2025-09-12,2025-09-14,2,0.04953349194877749,0.049533491948769375,2
EZ1LD0B0ynw,Is this the cutest dog you’ve ever seen?!?! #flyanaboss #airplanemode,Flyana Boss,Music Content,False,2025-02-07 21:19:39,16048,16072,16072,40.12,40.18,40.18,16.338734232841546,0.07477567298105683,2025-09-12,2025-09-14,2,0.14955134596211367,0.14955134596211933,2
EaYWt45o86Y,Watch This Short!! #flyanaboss,Flyana Boss,Music Content,False,2023-05-11 18:53:37,76477,76477,76477,191.1925,191.1925,191.1925,7.245969376413824,0.0,2025-09-12,2025-09-14,2,0.0,0.0,2
F1-eP2GrmWU,BiC Fizzle-Story [Official Audio],BiC Fizzle,Official Audio,False,2023-01-27 05:00:06,37865,37878,37878,94.66250000000001,94.695,94.695,2.893996890236334,0.017166248514459262,2025-09-12,2025-09-14,2,0.034332497028918524,0.034332497028902315,2
F5828hmVUjc,ispy Big Ellie 🐘🗽 @NewYorkLiberty,Flyana Boss,Music Content,False,2023-08-22 18:31:33,1396199,1396220,1396220,3490.4975000000004,3490.55,3490.55,5.982125177295012,0.0007520417934692691,2025-09-12,2025-09-14,2,0.0015040835869385382,0.0015040835869322843,2
F5Wr_WeN82g,UNIDENTIFIED FLYAASSHOOEE 👽💜👽💚 #flyanaboss #evanblummadeit,Flyana Boss,Music Content,False,2024-01-15 20:04:45,43796,43802,43802,109.49,109.505,109.505,7.852919131450172,0.00684994063384784,2025-09-12,2025-09-14,2,0.01369988126769568,0.013699881267696199,2
FEacgFzDlRM,BiC Fizzle-Hustle Music [Official Audio],BiC Fizzle,Official Audio,False,2025-07-02 19:00:24,43038,43609,43609,107.595,109.02250000000001,109.02250000000001,3.3170353684062066,0.6633672568427901,2025-09-12,2025-09-14,2,1.3267345136855802,1.3267345136855886,2
FQ7oPG8aKIU,Himiah northern 🥶#hourpost#projectcominsoon🥶#CHOSEN1k,BiC Fizzle,Music Content,False,2022-11-14 18:18:09,48173,48181,48181,120.4325,120.45249999999999,120.45249999999999,5.654150359669394,0.008303406472505345,2025-09-12,2025-09-14,2,0.01660681294501069,0.016606812944995587,2
FT39yYiCUPY,Black girls 🆙☝🏾☝🏿,Flyana Boss,Music Content,False,2023-10-25 21:27:45,466069,466086,466086,1165.1725000000001,1165.2150000000001,1165.2150000000001,10.24132253219571,0.0018237642924116386,2025-09-12,2025-09-14,2,0.003647528584823277,0.0036475285848248376,2
FTevCOruqcE,You’re Nu Fav Duo! 🦋🦋 #hiphop #blackgirlmagic,Flyana Boss,Music Content,False,2023-03-27 00:41:13,201382,201390,201390,503.45500000000004,503.47499999999997,503.47499999999997,7.980693795169781,0.0019862748408497285,2025-09-12,2025-09-14,2,0.003972549681699457,0.003972549681684552,2
FX8dRtx-V3U,Candyman is out!!! 🍫🍭🍬 #flyanaboss #candyman,Flyana Boss,Music Content,False,2024-01-30 00:59:41,32908,32914,32914,82.27000000000001,82.285,82.285,9.092704780902475,0.009116324298043028,2025-09-12,2025-09-14,2,0.018232648596086056,0.018232648596069476,2
FjzVtPozZrs,Flyana Boss-Hot Butter Summertime (Lyric Video),Flyana Boss,Lyric Video,False,2024-07-19 04:08:04,17496,17524,17524,43.739999999999995,43.81,43.81,4.27184739105463,0.0800182898948331,2025-09-12,2025-09-14,2,0.1600365797896662,0.1600365797896831,2
FzkIJeHNreo,Flyana Boss-You Wish (Lyric Video),Flyana Boss,Lyric Video,False,2023-06-16 04:00:08,3881573,3882396,3882396,9703.932499999999,9705.99,9705.99,2.5112413818604002,0.010601372175661775,2025-09-12,2025-09-14,2,0.02120274435132355,0.021202744351331796,2
G8UlTTVEvfY,JENNY FROM THE BLOCK,Flyana Boss,Music Content,False,2020-10-21 00:45:01,33185,33191,33191,82.9625,82.9775,82.9775,4.457936503832945,0.009040229019135152,2025-09-12,2025-09-14,2,0.018080458038270304,0.018080458038270988,2
GOzj9WmBmRM,Dipping and dripping,COBRAH,Music Content,False,2022-06-21 02:28:28,6075,6085,6085,15.1875,15.2125,15.2125,5.016450760995635,0.0823045267489712,2025-09-12,2025-09-14,2,0.1646090534979424,0.16460905349794472,2
GQ8-raZZ3J4,Yall remember Tootsie pops,Flyana Boss,Music Content,False,2025-07-18 18:54:21,7087,7247,7247,17.7175,18.1175,18.1175,9.404918339432854,1.1288274305065613,2025-09-12,2025-09-14,2,2.2576548610131226,2.2576548610131146,2
GfKKbtp078U,Hello Christ? #flyanaboss #anime,Flyana Boss,Music Content,False,2024-08-14 23:08:48,11812,11828,11828,29.529999999999998,29.57,29.57,6.45516370150736,0.06772773450728073,2025-09-12,2025-09-14,2,0.13545546901456146,0.13545546901457062,2
GkRQxQgZYfM,Flyana Boss-Skateboard,Flyana Boss,Music Content,False,2024-04-26 22:33:00,61678,61735,61735,154.195,154.3375,154.3375,5.148566546227896,0.04620772398586206,2025-09-12,2025-09-14,2,0.09241544797172412,0.09241544797173223,2
H8ZL0PrVLJQ,festival season is over….. or is it?? dates and tix at cobrahcore.com,COBRAH,Music Content,False,2024-08-30 17:07:17,7341,7402,7402,18.3525,18.505,18.505,4.2529105094287285,0.415474730963084,2025-09-12,2025-09-14,2,0.830949461926168,0.8309494619261674,2
H9mxcexSkBA,COBRAH -  IDFKA (Official Video),COBRAH,Official Music Video,False,2018-11-02 06:59:38,607312,608236,608236,1518.28,1520.59,1520.59,2.044675181907383,0.07607292462523382,2025-09-12,2025-09-14,2,0.15214584925046765,0.15214584925046404,2
HNn7m9HXFSA,hello christ #flyanaboss,Flyana Boss,Music Content,False,2024-08-14 23:32:03,29482,29525,29525,73.705,73.8125,73.8125,5.282423219414698,0.07292585306288583,2025-09-12,2025-09-14,2,0.14585170612577167,0.14585170612577397,2
HTD0zq2YFws,I put out  SIGNED tour posters for you babes 🖤 link in comments,COBRAH,Music Content,False,2023-07-31 18:33:58,8564,8587,8587,21.41,21.4675,21.4675,6.512743675239398,0.1342830453059318,2025-09-12,2025-09-14,2,0.2685660906118636,0.26856609061186826,2
HWZL6fLEQM8,🍬🍭🍫 #candymandance #flyanaboss,Flyana Boss,Music Content,False,2024-06-06 23:56:28,5177,5181,5181,12.942499999999999,12.9525,12.9525,9.77022736938287,0.038632412594166506,2025-09-12,2025-09-14,2,0.07726482518833301,0.0772648251883451,2
Hg5D3M3xORM,The camera man going crazy #hiphop #besties,Flyana Boss,Music Content,False,2023-03-11 19:05:38,79921,79924,79924,199.8025,199.81,199.81,10.77168509718872,0.0018768533927253162,2025-09-12,2025-09-14,2,0.0037537067854506324,0.003753706785447219,2
HgAvVd6ABtA,BiC Fizzle-Blow the Deposit (feat. Gucci Mane) [Official Music Video],BiC Fizzle,Official Music Video,False,2022-06-17 04:00:09,1729221,1729673,1729673,4323.0525,4324.1825,4324.1825,2.1542146423411426,0.01306946885331603,2025-09-12,2025-09-14,2,0.02613893770663206,0.026138937706634585,2
HgoxTymA-_Y,where is she? #flyanaboss #newmusic,Flyana Boss,Music Content,False,2024-08-14 23:05:17,14823,14846,14846,37.057500000000005,37.115,37.115,7.7892770690374356,0.07758213586993186,2025-09-12,2025-09-14,2,0.15516427173986372,0.1551642717398568,2
HvrRUADDUlk,CRAZIEST thing I Ever did in High School….,BiC Fizzle,Music Content,False,2022-08-09 14:00:16,50613,50615,50615,126.5325,126.53750000000001,126.53750000000001,3.5592918773946596,0.001975776974295142,2025-09-12,2025-09-14,2,0.003951553948590284,0.00395155394859792,2
I-vocLNxNqI,BiC Fizzle-Fish Scale (feat.Sett) [Official Audio],BiC Fizzle,Official Audio,False,2023-11-02 04:00:07,64940,64970,64970,162.35,162.425,162.425,2.032176230302972,0.02309824453341546,2025-09-12,2025-09-14,2,0.04619648906683092,0.04619648906684143,2
IEvpLvHKEz0,BiC Fizzle-Mo Money [Official Audio],BiC Fizzle,Official Audio,False,2021-10-15 04:00:06,424531,424610,424610,1061.3275,1061.525,1061.525,1.8059427161917316,0.009304385309906698,2025-09-12,2025-09-14,2,0.018608770619813395,0.018608770619812535,2
II3tY5MXwRo,CANDYMAN DANCE CHALLENGE -Flyanaboss VC: badalinglee #dancechallenge,Flyana Boss,Music Content,False,2024-08-08 20:35:22,14674,14691,14691,36.685,36.7275,36.7275,7.71667209074654,0.05792558266321385,2025-09-12,2025-09-14,2,0.1158511653264277,0.11585116532641918,2
IJ9DIt9c-kM,...,COBRAH,Music Content,False,2023-06-02 17:55:08,11094,11160,11160,27.735,27.9,27.9,3.1724912817351627,0.29745808545159547,2025-09-12,2025-09-14,2,0.5949161709031909,0.5949161709031879,2
IRSnlajWOpY,All the plugs skedd to front me so I gotta hit my cousinnn 🥶🥶🥶 #1Klan #1017,BiC Fizzle,Music Content,False,2022-10-03 17:30:03,72868,72895,72895,182.17,182.23749999999998,182.23749999999998,5.967220967211695,0.01852665093044958,2025-09-12,2025-09-14,2,0.03705330186089916,0.03705330186089667,2
IltcRLPz71Y,Just two besties trying to get a lifetime supply of #chipotle 🌯 #flyanaboss,Flyana Boss,Music Content,False,2023-07-19 22:01:31,17824078,17824171,17824171,44560.19500000001,44560.4275,44560.4275,0.03386702107778419,0.000260883059421082,2025-09-12,2025-09-14,2,0.000521766118842164,0.0005217661188219166,2
IoyA-oqCqtc,BiC Fizzle-Intro [Official Audio],BiC Fizzle,Official Audio,False,2023-11-02 04:00:08,12963,12972,12972,32.4075,32.43,32.43,2.8494302755804735,0.03471418653089563,2025-09-12,2025-09-14,2,0.06942837306179125,0.06942837306179388,2
ItpdPsh4gZg,Flyana Boss-Airplane Mode (Official Audio),Flyana Boss,Official Audio,False,2025-02-07 05:08:53,9257,9268,9268,23.1425,23.17,23.17,7.935225469939137,0.0594144971373015,2025-09-12,2025-09-14,2,0.118828994274603,0.11882899427461775,2
IzpCSNFIqrc,Flyana Boss-You Wish (Clean-Lyric Video),Flyana Boss,Lyric Video,False,2023-07-21 20:23:40,141145,141157,141157,352.8625,352.89250000000004,352.89250000000004,2.3095833581699745,0.004250947607070743,2025-09-12,2025-09-14,2,0.008501895214141486,0.008501895214149862,2
J0oK_emT25A,#Sponsored #PressPlay Wash day to wash day! Get into this NEW Kalahari Melon & Aloe!,Flyana Boss,Music Content,False,2025-01-31 17:14:02,5364,5406,5406,13.41,13.514999999999999,13.514999999999999,8.820932661613039,0.39149888143176736,2025-09-12,2025-09-14,2,0.7829977628635347,0.7829977628635246,2
J4L1inqG0JA,WE’RE HAVING SO MUCH FUN MAKING THESE VIDEOS 😭😭 #flyanaboss #evanblummadeit,Flyana Boss,Music Content,False,2023-07-09 17:34:09,5883858,5883881,5883881,14709.645,14709.702500000001,14709.702500000001,0.06639338280687855,0.00019544999216500466,2025-09-12,2025-09-14,2,0.0003908999843300093,0.00039089998433545033,2
J8WOBOIJ1TI,SWAG NOT FOR SALE #hiphop #besties,Flyana Boss,Music Content,False,2023-03-29 22:00:13,299370,299373,299373,748.425,748.4325,748.4325,9.207289271253941,0.0005010522096402445,2025-09-12,2025-09-14,2,0.001002104419280489,0.0010021044192871729,2
JBB8mmicZN4,2 bosses walk in a bar,Flyana Boss,Music Content,False,2025-09-11 18:17:34,2298,7152,7152,5.745,17.88,17.88,9.705331744557567,105.61357702349869,2025-09-12,2025-09-14,2,211.22715404699738,211.22715404699736,2
JIV6BzElq2Q,Move Back! By Flyana Boss prod. by Marky Style (Vertical Video),Flyana Boss,Music Content,False,2020-12-01 20:27:54,28415,28428,28428,71.0375,71.07000000000001,71.07000000000001,3.8439215787058885,0.02287524194967447,2025-09-12,2025-09-14,2,0.04575048389934894,0.045750483899367346,2
JOYRsso6bDo,This is your sign to go on #AirplaneMode,Flyana Boss,Music Content,False,2025-02-12 23:00:17,6959,6996,6996,17.3975,17.490000000000002,17.490000000000002,0.02866376294840046,0.26584279350481393,2025-09-12,2025-09-14,2,0.5316855870096279,0.5316855870096343,2
JclHtV9fmZc,baby bumpin' to hot butter summertime-flyanaboss #dance #flyanaboss,Flyana Boss,Music Content,False,2024-08-01 02:02:04,5693,5709,5709,14.232499999999998,14.272499999999999,14.272499999999999,9.664990089484627,0.14052344985069384,2025-09-12,2025-09-14,2,0.2810468997013877,0.2810468997013942,2
JuVTOVfCK5Y,RUN FLYANA BOSS RUN #besties #hiphopmusic #flyanaboss,Flyana Boss,Music Content,False,2023-05-27 18:40:19,290662,290668,290668,726.655,726.6700000000001,726.6700000000001,6.8052569133771605,0.0010321266625840323,2025-09-12,2025-09-14,2,0.0020642533251680646,0.0020642533251818327,2
K0lYzo_3fAU,First runner on our last first tour!!!😱,Flyana Boss,Music Content,False,2023-10-13 05:13:16,306108,306114,306114,765.27,765.285,765.285,6.483105803713779,0.0009800462581833864,2025-09-12,2025-09-14,2,0.0019600925163667728,0.00196009251636499,2
K0zh2bXRuj4,2/23 🥰🥰🌼🦋🌱🦋💜🌼 #evanblummadeit #flyanaboss,Flyana Boss,Music Content,False,2024-02-16 20:07:19,49352,49360,49360,123.38,123.4,123.4,7.54214276669067,0.008105041335710812,2025-09-12,2025-09-14,2,0.016210082671421624,0.01621008267142992,2
K2txaqXNO34,Chosen 1K two days away..Long Live Big Scarr 🖤,BiC Fizzle,Live Performance,False,2023-10-31 19:05:14,18418,18430,18430,46.045,46.075,46.075,5.905341486044197,0.03257682701704854,2025-09-12,2025-09-14,2,0.06515365403409708,0.06515365403409955,2
K4T3-pmiCwQ,Do you Phuck with yourself!?,Flyana Boss,Music Content,False,2023-02-25 00:36:40,11592,11593,11593,28.98,28.9825,28.9825,6.41794264726394,0.004313319530710835,2025-09-12,2025-09-14,2,0.00862663906142167,0.008626639061426083,2
K908hUhWcXQ,BiC Fizzle-Voices [Official Music Video],BiC Fizzle,Official Music Video,False,2023-10-30 22:00:10,126009,126129,126129,315.0225,315.3225,315.3225,2.7068514345302264,0.04761564650144037,2025-09-12,2025-09-14,2,0.09523129300288075,0.09523129300288437,2
KMEk5Aonqyk,Runs inside of me 🖤,COBRAH,Music Content,False,2024-07-29 17:30:06,10752,10811,10811,26.880000000000003,27.0275,27.0275,7.234669012711921,0.2743675595238095,2025-09-12,2025-09-14,2,0.548735119047619,0.548735119047609,2
KW5Y583jGQ4,Have you heard!?,Flyana Boss,Music Content,False,2023-04-05 19:55:11,222948,222951,222951,557.37,557.3774999999999,557.3774999999999,7.077387480444786,0.0006728026266214543,2025-09-12,2025-09-14,2,0.0013456052532429086,0.0013456052532314863,2
Kto4u2rZ5o8,Be my little sweetheart 🖤🍬🍭#flyanaboss #candyman,Flyana Boss,Music Content,False,2024-01-30 21:35:31,37550,37561,37561,93.875,93.9025,93.9025,8.522054404462573,0.014647137150466047,2025-09-12,2025-09-14,2,0.029294274300932094,0.029294274300935726,2
Kuj0fDH38W0,My Biggest Turnoff is….,BiC Fizzle,Music Content,False,2022-07-22 16:00:22,26350,26355,26355,65.875,65.8875,65.8875,3.7871170059078763,0.009487666034155597,2025-09-12,2025-09-14,2,0.018975332068311195,0.01897533206831551,2
KuvjOjw_d6o,HUNGRY RAPPER 😂 #hiphop,Flyana Boss,Music Content,False,2023-03-21 18:33:15,137222,137223,137223,343.055,343.0575,343.0575,13.8024012098974,0.00036437305971345703,2025-09-12,2025-09-14,2,0.0007287461194269141,0.0007287461194262512,2
LhRjDSyz3NM,WE RAN THROUGH OUR FAVORITE SEARCH ENGINE @Google ‼️ 🦋💜#evanblummadeit #flyanaboss,Flyana Boss,Music Content,False,2023-07-08 02:58:32,6313871,6314122,6314122,15784.6775,15785.305,15785.305,0.07357463710620613,0.0019876871098570116,2025-09-12,2025-09-14,2,0.003975374219714023,0.00397537421971725,2
LiiZPhTVRcY,Candyman dance-Flyanaboss VC: @jaedengomezz,Flyana Boss,Music Content,False,2024-08-01 02:06:45,3839,3846,3846,9.5975,9.615,9.615,6.55823576001128,0.09116957541026309,2025-09-12,2025-09-14,2,0.18233915082052618,0.18233915082052693,2
LkkZqh7S7co,I’m not feeling him #youwish #flyanaboss Credit: @nebulagirlvibes,Flyana Boss,Music Content,False,2024-06-17 22:41:15,25030,25049,25049,62.575,62.6225,62.6225,5.293636059420221,0.0379544546544147,2025-09-12,2025-09-14,2,0.0759089093088294,0.07590890930882849,2
LlkeT3X87-s,https://m.twitch.tv/iamcobrah,COBRAH,Music Content,False,2023-03-22 16:01:38,20892,20932,20932,52.23,52.33,52.33,7.636765992514478,0.09573042312847023,2025-09-12,2025-09-14,2,0.19146084625694046,0.19146084625694318,2
Lm_9_klZqgY,She’s alive ..,COBRAH,Live Performance,False,2022-09-06 18:39:33,12437,12446,12446,31.092499999999998,31.115,31.115,4.589479361002755,0.036182359089812655,2025-09-12,2025-09-14,2,0.07236471817962531,0.07236471817962806,2
LvWYkR-J1XQ,COBRAH-BAD POSITION (Official Audio),COBRAH,Official Audio,False,2023-10-13 04:00:12,359100,360337,360337,897.75,900.8425,900.8425,1.5036792803430994,0.17223614592035644,2025-09-12,2025-09-14,2,0.3444722918407129,0.3444722918407099,2
M02lg0i3VLQ,This is how we turn bones into bread!,Flyana Boss,Music Content,False,2023-01-05 18:09:02,493194,493196,493196,1232.9850000000001,1232.99,1232.99,7.272072912572359,0.00020275996869386083,2025-09-12,2025-09-14,2,0.00040551993738772166,0.00040551993737813233,2
M6V78kMwmbU,BiC Fizzle-Voices [Official Audio],BiC Fizzle,Official Audio,False,2023-10-18 22:00:23,26593,26598,26598,66.4825,66.495,66.495,4.876764909328657,0.009400970180122589,2025-09-12,2025-09-14,2,0.018801940360245177,0.01880194036024945,2
MJaL7hO6KYQ,We ran through Pizzana Kitchen!! Where to next?!? #flyanaboss,Flyana Boss,Music Content,False,2023-07-07 17:58:35,25737909,25738133,25738133,64344.7725,64345.332500000004,64345.332500000004,0.04042657359008693,0.00043515578518829953,2025-09-12,2025-09-14,2,0.0008703115703765991,0.0008703115703842882,2
MTZxmjPl5Y0,"In the clurb, we all c*nt 😍 #flyanaboss",Flyana Boss,Music Content,False,2025-06-30 21:28:27,7658,7764,7764,19.145,19.41,19.41,6.607444084698124,0.6920867067119353,2025-09-12,2025-09-14,2,1.3841734134238706,1.3841734134238735,2
MUoVKRW8hNs,BiC Fizzle-Where U From [Official Music Video],BiC Fizzle,Official Music Video,False,2023-01-27 05:17:55,330037,330130,330130,825.0925,825.325,825.325,2.783992569132331,0.01408932937822123,2025-09-12,2025-09-14,2,0.02817865875644246,0.02817865875645128,2
MVdzLLpA_gY,Aaah!,COBRAH,Music Content,False,2022-02-20 19:44:21,14514,14553,14553,36.285,36.3825,36.3825,4.045823214015502,0.1343530384456387,2025-09-12,2025-09-14,2,0.2687060768912774,0.26870607689128756,2
MZn3WKjxsXY,BiC Fizzle-Both (Freestyle),BiC Fizzle,Music Content,False,2023-01-23 23:00:19,135466,135505,135505,338.665,338.7625,338.7625,4.001166259338208,0.014394755879704133,2025-09-12,2025-09-14,2,0.028789511759408266,0.02878951175939886,2
Mh0M0-jcgDI,BiC Fizzle-Cruise Control [Official Music Video],BiC Fizzle,Official Music Video,False,2023-08-09 16:00:08,571626,572140,572140,1429.065,1430.35,1430.35,2.0065293984693797,0.044959466504322754,2025-09-12,2025-09-14,2,0.08991893300864551,0.08991893300863532,2
MiC7b-Solvw,Flyana Boss-Skateboard (Lyric Video),Flyana Boss,Lyric Video,False,2024-03-29 06:22:34,18285,18298,18298,45.7125,45.745,45.745,3.5590306000440615,0.03554826360404704,2025-09-12,2025-09-14,2,0.07109652720809408,0.07109652720809158,2
MiIthSrugko,#TurntShit #1017 #BiCFizzle,BiC Fizzle,Music Content,False,2022-07-20 15:00:19,10982,10984,10984,27.455,27.46,27.46,4.352180678891486,0.009105809506465124,2025-09-12,2025-09-14,2,0.01821161901293025,0.018211619012939568,2
MlLx_pzaxfY,BiC Fizzle-Sno Cone (feat. Quavo & Gucci Mane [Official Audio],BiC Fizzle,Official Audio,False,2021-10-15 04:00:13,562407,562509,562509,1406.0175000000002,1406.2725,1406.2725,2.236700350621029,0.009068165936768213,2025-09-12,2025-09-14,2,0.018136331873536426,0.018136331873528016,2
MrU3aA8gg0U,☕️🫖🫶🏾 #hiphop #besties #flyanaboss,Flyana Boss,Music Content,False,2023-05-10 22:52:45,192354,192357,192357,480.88500000000005,480.8925,480.8925,7.700325699499475,0.0007798122212171308,2025-09-12,2025-09-14,2,0.0015596244424342617,0.0015596244424210227,2
N1dnK0HHBUk,COBRAH-BRAND NEW BITCH (Official Audio),COBRAH,Official Audio,False,2022-06-22 04:00:10,523827,524397,524397,1309.5675,1310.9925,1310.9925,2.5541301475366214,0.05440727568452944,2025-09-12,2025-09-14,2,0.10881455136905888,0.10881455136905538,2
NESZwtElTWU,BiC Fizzle-Older Times [Official Music Video],BiC Fizzle,Official Music Video,False,2024-03-20 22:00:07,680258,681154,681154,1700.645,1702.885,1702.885,1.5589701398685256,0.06585736588176838,2025-09-12,2025-09-14,2,0.13171473176353676,0.13171473176353732,2
NZl2XUz1LOs,Candyman Dance-Flyanaboss VC: @notnolendubuc,Flyana Boss,Music Content,False,2024-08-01 02:08:22,5631,5639,5639,14.0775,14.0975,14.0975,5.31499194301905,0.07103534008169064,2025-09-12,2025-09-14,2,0.14207068016338129,0.14207068016337823,2
NuH0ZuzbKRg,And yes we will sign your….,Flyana Boss,Music Content,False,2025-06-28 19:58:58,7133,7221,7221,17.8325,18.052500000000002,18.052500000000002,7.294280065776189,0.6168512547315295,2025-09-12,2025-09-14,2,1.233702509463059,1.2337025094630727,2
OID8SHnv8Rs,Is This The Silliest Christmas Song In History?? #rapxmas #cuterap,Flyana Boss,Music Content,False,2022-12-07 20:03:25,18902,18904,18904,47.255,47.26,47.26,6.226524907654524,0.0052904454555073544,2025-09-12,2025-09-14,2,0.010580890911014709,0.010580890911005083,2
OPtM7DSuyrY,The coordination!! #flyanaboss #youwish #running Credit: @merrickhanna,Flyana Boss,Music Content,False,2024-06-14 22:37:21,28284,28290,28290,70.71,70.725,70.725,2.297875374946404,0.010606703436571913,2025-09-12,2025-09-14,2,0.021213406873143825,0.02121340687314463,2
OaQZ5oL_v3g,@playgroundlastudios x @FlyanaBoss for Candyman 🍬🍭 #candymandance Credit: @beaulexx,Flyana Boss,Music Content,False,2024-06-07 20:38:00,6988,6995,6995,17.470000000000002,17.4875,17.4875,8.22427439175828,0.05008586147681741,2025-09-12,2025-09-14,2,0.10017172295363481,0.10017172295362503,2
OrDbSJRPVsc,Dingles dropping soon! 😱,Flyana Boss,Music Content,False,2023-04-24 15:16:07,62200,62201,62201,155.5,155.5025,155.5025,4.448517308088067,0.0008038585209003215,2025-09-12,2025-09-14,2,0.001607717041800643,0.001607717041799181,2
OwtStc3wUU8,9/29!!!!!!! 🥰🥰 #flyanaboss #evanblummadeit,Flyana Boss,Music Content,False,2023-09-20 22:05:07,428849,428857,428857,1072.1225,1072.1425000000002,1072.1425000000002,10.525518071053288,0.000932729235698346,2025-09-12,2025-09-14,2,0.001865458471396692,0.0018654584714162036,2
OxfMR_f0tSM,I’m bout to sin again #flyanaboss #youwish #transition Credit: @kallmekris,Flyana Boss,Music Content,False,2024-06-17 22:36:08,29342,29376,29376,73.35499999999999,73.44,73.44,6.842876441808858,0.057937427578215524,2025-09-12,2025-09-14,2,0.11587485515643105,0.11587485515644191,2
PapzJa8_e3E,Flyana Boss-yeaaa (Lyric Video),Flyana Boss,Lyric Video,False,2024-02-23 05:00:12,160214,160314,160314,400.53499999999997,400.78499999999997,400.78499999999997,2.034767636788982,0.031208258953649495,2025-09-12,2025-09-14,2,0.06241651790729899,0.06241651790729899,2
Pulqxah6MNA,Give me space I don’t like ppl #flyanaboss #evanblummadeit,Flyana Boss,Music Content,False,2024-03-12 19:26:48,46951,46956,46956,117.3775,117.39000000000001,117.39000000000001,7.426496448370069,0.00532470021937765,2025-09-12,2025-09-14,2,0.0106494004387553,0.010649400438769826,2
PwSzCWsFEtc,BiC Fizzle-Can't Go Broke [Official Audio],BiC Fizzle,Official Audio,False,2023-01-27 05:00:09,279045,279176,279176,697.6125000000001,697.9399999999999,697.9399999999999,1.8376235514120447,0.02347291655467756,2025-09-12,2025-09-14,2,0.04694583310935512,0.046945833109336865,2
QOlkswtbUjg,How did we film this??,Flyana Boss,Music Content,False,2023-02-26 03:28:25,12499,12500,12500,31.247500000000002,31.25,31.25,5.080203216257301,0.004000320025602048,2025-09-12,2025-09-14,2,0.008000640051204096,0.00800064005119682,2
QPIvYHbkwI0,BiC Fizzle-Soulja Talk [Official Music Video],BiC Fizzle,Official Music Video,False,2023-10-05 22:00:15,133694,133867,133867,334.23499999999996,334.66749999999996,334.66749999999996,2.6379042351922957,0.064699986536419,2025-09-12,2025-09-14,2,0.129399973072838,0.12939997307283935,2
QPZ4Xwap19s,Hello Christ? #flyanaboss #youwish #animation #art Credit: @cryptiddraws3376,Flyana Boss,Music Content,False,2024-06-12 02:02:25,68342,68350,68350,170.855,170.875,170.875,13.98326168720222,0.0058529162155043744,2025-09-12,2025-09-14,2,0.011705832431008749,0.01170583243101474,2
QUVqquo2Ki0,Get in ma belly #flyanaboss #youwish #dance Credit: @paigetaylors,Flyana Boss,Music Content,False,2024-06-12 01:19:26,4937,4942,4942,12.342500000000001,12.355,12.355,5.7900612058353715,0.05063803929511849,2025-09-12,2025-09-14,2,0.10127607859023698,0.10127607859023122,2
QelqNaQmFq4,Flyana Boss-UFHO (Lyric Video),Flyana Boss,Lyric Video,False,2023-12-13 05:15:45,141582,141665,141665,353.955,354.16249999999997,354.16249999999997,2.636921255409269,0.029311635659900272,2025-09-12,2025-09-14,2,0.058623271319800545,0.0586232713197954,2
QfLWZtmDdhE,TEA TIME #besties,Flyana Boss,Music Content,False,2023-03-17 21:55:54,685191,685193,685193,1712.9775,1712.9825,1712.9825,9.620588098061585,0.00014594470738815894,2025-09-12,2025-09-14,2,0.0002918894147763179,0.0002918894147826892,2
QmdUOlH4Tbo,Is Goofy A Dog??? #flyanaboss #drclipsstyle,Flyana Boss,Music Content,False,2024-05-03 23:25:07,85569,85609,85609,213.9225,214.02249999999998,214.02249999999998,8.727173224394257,0.0233729504844044,2025-09-12,2025-09-14,2,0.0467459009688088,0.04674590096879285,2
R44f5uDmGKI,Mid work vibes  song: Candyman-Flyanaboss,Flyana Boss,Music Content,False,2024-08-05 21:37:09,3950,3961,3961,9.875,9.9025,9.9025,6.383511387931063,0.13924050632911392,2025-09-12,2025-09-14,2,0.27848101265822783,0.27848101265822645,2
RDw_TP96v3o,need inspiration to become a brand new new one? This is the song you need! #hiphop #girlrap,Flyana Boss,Music Content,False,2023-03-02 18:50:56,44779,44780,44780,111.9475,111.95,111.95,7.452070702924424,0.0011165948323991156,2025-09-12,2025-09-14,2,0.0022331896647982312,0.0022331896647962003,2
RPBxFhegvvw,Hiii Airplane Mode Video Drops Today!! Right here on YouTube!! Go watch!! ✈️✈️ #flyanaboss #drclips,Flyana Boss,Music Content,False,2025-02-11 20:03:36,7756,7788,7788,19.39,19.47,19.47,12.750954709285493,0.2062919030428056,2025-09-12,2025-09-14,2,0.4125838060856112,0.4125838060856023,2
RUpqQ7Iwgi4,Turn that boy into a 😵,Flyana Boss,Music Content,False,2024-04-05 18:08:08,42645,42654,42654,106.61250000000001,106.635,106.635,7.22751727818774,0.010552233556102708,2025-09-12,2025-09-14,2,0.021104467112205417,0.02110446711219955,2
RWh8ScuXgG8,BOSSI CLIP COMPILATION FULL SONG,Flyana Boss,Music Content,False,2019-10-29 20:59:57,12152,12153,12153,30.38,30.3825,30.3825,3.6124254329820573,0.004114549045424621,2025-09-12,2025-09-14,2,0.008229098090849242,0.008229098090853454,2
RZSQtCm8dyo,BiC Fizzle-CREEPIN [Official Music Video],BiC Fizzle,Official Music Video,False,2025-06-27 19:00:33,2894058,2963966,2963966,7235.145,7409.915,7409.915,1.490760936135585,1.2077850547570228,2025-09-12,2025-09-14,2,2.4155701095140456,2.415570109514039,2
Rcr1ZsW93EA,Flyana Boss-You Wish (With Missy Elliott & Kaliii) - Remix (Lyric Video),Flyana Boss,Lyric Video,False,2023-09-07 05:49:37,542357,542602,542602,1355.8925,1356.5049999999999,1356.5049999999999,4.512428810350106,0.022586598863847982,2025-09-12,2025-09-14,2,0.045173197727695964,0.04517319772769261,2
RdlVWrSV4OY,Made some new besties at #AcademyProud 💜 @sonos #SonosPartner #GRAMMYHouse,Flyana Boss,Music Content,False,2024-02-06 19:54:24,18456,18459,18459,46.14,46.1475,46.1475,6.783150525633339,0.008127438231469442,2025-09-12,2025-09-14,2,0.016254876462938883,0.016254876462939497,2
Rliok-wV8NQ,do you ever feel like a plastic bag drifting through the wind wanting to start again? #boffum,Flyana Boss,Music Content,False,2023-03-01 19:37:46,145711,145715,145715,364.27750000000003,364.2875,364.2875,9.88346955717769,0.0013725799699404987,2025-09-12,2025-09-14,2,0.0027451599398809973,0.0027451599398785,2
RwgCEVoZs0k,we made it on the wall 🥹 ft. Our favorite producer @markystyle #flyanaboss #evanblummadeit,Flyana Boss,Music Content,False,2023-08-04 18:14:24,3547343,3547390,3547390,8868.3575,8868.475,8868.475,0.061200330067950656,0.000662467655369103,2025-09-12,2025-09-14,2,0.001324935310738206,0.0013249353107414878,2
S2Rh3NHJA-Y,You’re Favorite Nu Duo! #hiphop #femalerapper #besties,Flyana Boss,Music Content,False,2023-03-20 18:59:54,1122605,1122619,1122619,2806.5125,2806.5474999999997,2806.5474999999997,6.305339690460274,0.0006235496902294217,2025-09-12,2025-09-14,2,0.0012470993804588435,0.0012470993804536586,2
SXb81qdkvVg,@KirstenDodgenn and @Bada_bebe dancing to Candyman 🔥#flyanaboss #badalee #kirstendodgen,Flyana Boss,Music Content,False,2024-06-12 01:53:01,11019,11035,11035,27.5475,27.5875,27.5875,6.83322783939575,0.07260186949813958,2025-09-12,2025-09-14,2,0.14520373899627917,0.14520373899627606,2
Sa_hh4cuS2o,BiC Fizzle x Gwapo-We Got It [Official Video],BiC Fizzle,Official Music Video,False,2022-09-01 19:00:16,873469,873693,873693,2183.6725,2184.2325,2184.2325,2.4312571153565914,0.012822435598744774,2025-09-12,2025-09-14,2,0.02564487119748955,0.02564487119748705,2
ShBPDQOksPU,BiC Fizzle-Where U From [Official Audio],BiC Fizzle,Official Audio,False,2023-01-27 05:00:11,29632,29645,29645,74.08,74.1125,74.1125,2.274069309908066,0.02193574514038877,2025-09-12,2025-09-14,2,0.04387149028077754,0.043871490280776,2
Suk4rrMP_94,Candyman Dance #flyanaboss #badalee #kirstendodgen Dance Credit: @Bada_bebe @KirstenDodgenn,Flyana Boss,Music Content,False,2024-06-05 19:17:24,87846,88003,88003,219.615,220.0075,220.0075,8.203632743022677,0.08936092707693008,2025-09-12,2025-09-14,2,0.17872185415386016,0.1787218541538529,2
T8XxmbvRYOs,Flyana Boss-Candyman (Lyric Video),Flyana Boss,Lyric Video,False,2024-01-26 05:01:06,1534888,1536087,1536087,3837.22,3840.2174999999997,3840.2174999999997,1.2346243075062358,0.03905822444373791,2025-09-12,2025-09-14,2,0.07811644888747582,0.0781164488874744,2
TIU5VZ8XDmM,lil GUMDROP-CANDYMAN by FlyanaBoss,Flyana Boss,Music Content,False,2024-07-11 19:17:33,21279,21293,21293,53.1975,53.2325,53.2325,9.884432150417648,0.032896282720052634,2025-09-12,2025-09-14,2,0.06579256544010527,0.06579256544011221,2
TIcnnUL3EHo,Little Miss Car Rap!,Flyana Boss,Music Content,False,2022-08-06 16:55:04,161488,161491,161491,403.72,403.7275,403.7275,14.192253986777702,0.0009288615872386802,2025-09-12,2025-09-14,2,0.0018577231744773604,0.0018577231744756708,2
TUlOtBhgnTc,👀👀 #hiphop #music #flyanaboss,Flyana Boss,Music Content,False,2025-01-18 05:32:18,13932,13991,13991,34.83,34.9775,34.9775,11.929279656892756,0.2117427505024404,2025-09-12,2025-09-14,2,0.4234855010048808,0.42348550100488336,2
TbP9fd9aOko,COBRAH-ACTIVATE (Official Audio),COBRAH,Official Audio,False,2023-10-13 04:00:12,419554,420834,420834,1048.885,1052.085,1052.085,1.1712461592250514,0.1525429384536913,2025-09-12,2025-09-14,2,0.3050858769073826,0.3050858769073869,2
Tw3kaaAVxMc,Does he exist!?!,Flyana Boss,Music Content,False,2023-04-27 01:44:33,381856,381860,381860,954.64,954.6500000000001,954.6500000000001,8.004022439251234,0.0005237576468616442,2025-09-12,2025-09-14,2,0.0010475152937232885,0.0010475152937342446,2
U3H96Enx7go,BiC Fizzle-Church [Official Music Video],BiC Fizzle,Official Music Video,False,2025-07-11 14:00:49,37994,38253,38253,94.985,95.6325,95.6325,4.334624511286065,0.3408432910459546,2025-09-12,2025-09-14,2,0.6816865820919092,0.6816865820919027,2
U9gDZ7mRTME,Flyana Boss-Stupendous (Lyric Video),Flyana Boss,Lyric Video,False,2024-03-29 06:22:39,26616,26652,26652,66.53999999999999,66.63,66.63,4.135689304500703,0.06762849413886385,2025-09-12,2025-09-14,2,0.1352569882777277,0.13525698827773283,2
UL5WaDQSXrY,Flyana Boss are C*NTs,Flyana Boss,Music Content,False,2025-06-09 20:45:29,17223,17279,17279,43.0575,43.1975,43.1975,10.94720619382067,0.16257330314114846,2025-09-12,2025-09-14,2,0.3251466062822969,0.32514660628229825,2
UNIggpXg8ME,🥶🥶🥶,BiC Fizzle,Music Content,False,2022-08-22 03:46:49,17392,17401,17401,43.48,43.5025,43.5025,2.8856381087552885,0.025873965041398342,2025-09-12,2025-09-14,2,0.051747930082796684,0.05174793008279865,2
UtuZhXQVeTY,"Flyana Boss, Marky Style-Jingle Dem Bells (Lyric Video)",Flyana Boss,Lyric Video,False,2023-11-22 17:46:42,16977,16980,16980,42.4425,42.45,42.45,6.4139942191587,0.008835483300936562,2025-09-12,2025-09-14,2,0.017670966601873124,0.01767096660187379,2
UzfCQ0jjYc0,BiC Fizzle-On God (feat. Gucci Mane & Cootie) [Official Audio],BiC Fizzle,Official Audio,False,2021-09-01 04:00:18,188922,188945,188945,472.305,472.36249999999995,472.36249999999995,2.8597363728600977,0.006087168249330412,2025-09-12,2025-09-14,2,0.012174336498660824,0.01217433649864975,2
VI4suaeMByk,Ring Around (Audio) Flyana Boss,Flyana Boss,Music Content,False,2020-04-28 17:38:01,23668,23679,23679,59.17,59.1975,59.1975,3.34551309586233,0.023238127429440595,2025-09-12,2025-09-14,2,0.04647625485888119,0.046476254858874945,2
VJw1-CSVJb0,Double trouble! CANDYMAN-Flyanaboss,Flyana Boss,Music Content,False,2024-07-10 17:38:00,10331,10345,10345,25.8275,25.8625,25.8625,7.00329204818806,0.0677572355047914,2025-09-12,2025-09-14,2,0.1355144710095828,0.13551447100958336,2
VOzSs9T_Eeg,Yeaaaaaaaaas just like that #lyrics #flyanaboss,Flyana Boss,Lyric Video,False,2024-03-04 18:01:50,42842,42851,42851,107.10499999999999,107.1275,107.1275,7.24679970184177,0.010503711311330004,2025-09-12,2025-09-14,2,0.021007422622660008,0.02100742262266744,2
Vjj-hamtX10,DKB’s Harry June on the Candyman dance  #flyanaboss #badalee #kirstendodgen  Credit: @DKBOFFICIAL,Flyana Boss,Music Content,False,2024-06-07 00:16:31,31471,31649,31649,78.6775,79.1225,79.1225,9.011433830713514,0.2828000381303422,2025-09-12,2025-09-14,2,0.5656000762606844,0.5656000762606939,2
W4afJY4ygus,COBRAH-MANIC (Official Music Video),COBRAH,Official Music Video,False,2023-08-11 17:00:06,423766,424619,424619,1059.415,1061.5475000000001,1061.5475000000001,2.569707027837753,0.10064516738011071,2025-09-12,2025-09-14,2,0.20129033476022143,0.20129033476023692,2
W6KxVxS1onI,Ready for the new,COBRAH,Music Content,False,2023-05-31 17:21:39,6908,6940,6940,17.27,17.35,17.35,4.8093844333679865,0.23161551823972204,2025-09-12,2025-09-14,2,0.4632310364794441,0.46323103647945485,2
WBM6PYAeK3g,Money At Out Now!!🐀🧀! #flyanaboss #evanblummadeit #lyrics,Flyana Boss,Lyric Video,False,2024-03-25 16:40:08,32026,32030,32030,80.06500000000001,80.075,80.075,7.802547801126071,0.006244925997626928,2025-09-12,2025-09-14,2,0.012489851995253856,0.012489851995242494,2
Wac3ngpEaNY,BiC Fizzle-Born Winner [Official Music Video],BiC Fizzle,Official Music Video,False,2025-02-09 17:00:20,172492,172672,172672,431.22999999999996,431.68,431.68,2.2180763460531217,0.05217633281543491,2025-09-12,2025-09-14,2,0.10435266563086983,0.10435266563088039,2
WqUxQBBPRi4,COBRAH-Record Deal (Official Visualizer),COBRAH,Visualizer,False,2024-10-25 14:55:26,533069,536370,536370,1332.6725,1340.925,1340.925,2.2568021097160513,0.30962220650609956,2025-09-12,2025-09-14,2,0.6192444130121991,0.6192444130122033,2
X-iMIBo1WUY,BiC Fizzle-Stay With Me [Official Music Video],BiC Fizzle,Official Music Video,False,2024-09-09 22:00:07,109310,109390,109390,273.275,273.475,273.475,2.983082246439949,0.036593175372792976,2025-09-12,2025-09-14,2,0.07318635074558595,0.07318635074560259,2
X063GtX5veQ,"January 4, 2023",Flyana Boss,Music Content,False,2023-01-04 19:25:52,58976,58980,58980,147.44,147.45,147.45,5.408796506609836,0.0033912099837221923,2025-09-12,2025-09-14,2,0.006782419967444385,0.006782419967438215,2
X1fz5MGECic,Flyana Boss-Big One (Lyric Video),Flyana Boss,Lyric Video,False,2023-09-29 04:00:40,274910,275051,275051,687.2750000000001,687.6274999999999,687.6274999999999,2.634550576496133,0.025644756465752427,2025-09-12,2025-09-14,2,0.051289512931504855,0.05128951293148302,2
X5d20dE3dXs,Flyana boss-Candyman,Flyana Boss,Music Content,False,2024-07-10 17:33:40,23250,23279,23279,58.125,58.1975,58.1975,9.897055955642333,0.06236559139784947,2025-09-12,2025-09-14,2,0.12473118279569893,0.1247311827956955,2
XAYLco1DIM8,Candyman Dance #flyanaboss #badalee #kirstendodgen #candyman Credit: @pjosephp,Flyana Boss,Music Content,False,2024-06-12 01:35:01,5310,5316,5316,13.274999999999999,13.29,13.29,7.980427916151221,0.05649717514124294,2025-09-12,2025-09-14,2,0.11299435028248588,0.11299435028249018,2
XJOkYzG3IuU,my sugar plum-CANDYMAN DANCE #candyman,Flyana Boss,Music Content,False,2024-08-05 21:55:47,5313,5325,5325,13.282499999999999,13.3125,13.3125,5.198341564538747,0.1129305477131564,2025-09-12,2025-09-14,2,0.2258610954263128,0.22586109542632138,2
XceA8E5Sgiw,BiC Fizzle-Outro [Official Audio],BiC Fizzle,Official Audio,False,2023-01-27 05:00:16,7349,7350,7350,18.372500000000002,18.375,18.375,0.9524457490167111,0.006803646754660498,2025-09-12,2025-09-14,2,0.013607293509320996,0.013607293509308619,2
XxIuSr7ZkDQ,BiC Fizzle-Reminded Myself (feat. KATO2X) [Official Music Video],BiC Fizzle,Official Music Video,False,2023-02-02 23:00:18,291222,291374,291374,728.055,728.4350000000001,728.4350000000001,2.157069405338354,0.026096929490217084,2025-09-12,2025-09-14,2,0.05219385898043417,0.05219385898044916,2
XyHv5tOl3U0,You Wish 🕺#flyanaboss #youwish #dance Credit: @_purple_lee,Flyana Boss,Music Content,False,2024-06-14 22:42:03,19795,19807,19807,49.487500000000004,49.5175,49.5175,4.623503522811754,0.030310684516291993,2025-09-12,2025-09-14,2,0.060621369032583985,0.06062136903257192,2
Y4IZq0SvUP4,You Wish x @MTV Live: #WomenInRap,Flyana Boss,Live Performance,False,2023-11-09 23:18:09,48476,48479,48479,121.19,121.19749999999999,121.19749999999999,11.012325348011505,0.0030943147124350198,2025-09-12,2025-09-14,2,0.0061886294248700395,0.006188629424864411,2
YDRSKyxMj30,Jack and the beanstalk bars #hiphop #besties,Flyana Boss,Music Content,False,2023-03-31 18:28:09,196880,196881,196881,492.2,492.2025,492.2025,9.394277239944582,0.0002539618041446566,2025-09-12,2025-09-14,2,0.0005079236082893132,0.0005079236082888513,2
YSJABarXF2Q,COBRAH-SUCK (Trailer),COBRAH,Music Content,False,2023-06-14 17:00:32,20481,20590,20590,51.2025,51.475,51.475,2.90718124681782,0.26610028807187147,2025-09-12,2025-09-14,2,0.5322005761437429,0.5322005761437446,2
YWAmqLNcRLo,Have you been called a C*NT?!? you may be entitled to compensation!,Flyana Boss,Music Content,False,2025-06-23 19:03:38,6571,6663,6663,16.4275,16.6575,16.6575,7.360186437649519,0.7000456551514229,2025-09-12,2025-09-14,2,1.4000913103028458,1.4000913103028485,2
Y_UsTB_Uxug,BiC Fizzle-Last Nite [Official Music Video],BiC Fizzle,Official Music Video,False,2024-07-17 22:00:14,467455,468211,468211,1168.6375,1170.5275000000001,1170.5275000000001,1.9063432879591913,0.08086339861590956,2025-09-12,2025-09-14,2,0.16172679723181912,0.16172679723182765,2
Yejow_ylKJI,9/26*** 💫✨💫 #flyanaboss #evanblummadeit,Flyana Boss,Music Content,False,2023-09-22 21:52:16,91114,91117,91117,227.78500000000003,227.79250000000002,227.79250000000002,12.621343261661657,0.0016462892639989464,2025-09-12,2025-09-14,2,0.003292578527997893,0.003292578527994898,2
YfL_h6U1WLM,MAMAS GOT A BRAND NU BAG 💁🏽‍♀️💁🏾‍♀️🌸🫶🏾 #boffum #hiphop #besties,Flyana Boss,Music Content,False,2023-03-05 22:18:17,267066,267068,267068,667.665,667.67,667.67,9.792673750074346,0.00037443927718241933,2025-09-12,2025-09-14,2,0.0007488785543648387,0.0007488785543641576,2
Yis7gQDATt8,“TURNT SHIT” OUT NOW 🥶🥶 #TurntShit #1Klan #BicFizzle #fyp #1017,BiC Fizzle,Music Content,False,2022-07-06 15:00:19,10713,10718,10718,26.7825,26.795,26.795,4.974103205751612,0.02333613366937366,2025-09-12,2025-09-14,2,0.04667226733874732,0.04667226733875793,2
YqjGNV9LfUc,yous my lil sweetheart #flyanaboss,Flyana Boss,Music Content,False,2024-08-05 21:35:47,9737,9748,9748,24.3425,24.369999999999997,24.369999999999997,8.519376592482411,0.05648557050426209,2025-09-12,2025-09-14,2,0.11297114100852418,0.11297114100850901,2
YtvC06AgrlU,COBRAH-SUCK (Official Music Video),COBRAH,Official Music Video,False,2023-06-16 17:00:06,10477286,10563064,10563064,26193.215,26407.66,26407.66,0.42987207942459016,0.40935219292477076,2025-09-12,2025-09-14,2,0.8187043858495415,0.8187043858495404,2
YwxSOMtpqH4,How many licks does it take to get to the…..,Flyana Boss,Music Content,False,2025-08-07 19:14:11,11548,11839,11839,28.87,29.5975,29.5975,12.477778512792856,1.2599584343609282,2025-09-12,2025-09-14,2,2.5199168687218565,2.519916868721854,2
YyGN9rBmbos,GUESS WHOOOO #flyanaboss,Flyana Boss,Music Content,False,2023-09-05 01:13:48,49655,49660,49660,124.1375,124.14999999999999,124.14999999999999,5.665810869060147,0.0050347397039573055,2025-09-12,2025-09-14,2,0.010069479407914611,0.010069479407905453,2
Z2wOkD1JCCg,Let’s try it and rate it 1-10 #hiphop #boffum #besties,Flyana Boss,Music Content,False,2023-03-12 21:08:00,62572,62574,62574,156.43,156.435,156.435,8.12331197369187,0.0015981589209230964,2025-09-12,2025-09-14,2,0.0031963178418461928,0.003196317841843286,2
Z7aG_ZGG76w,BiC Fizzle-I See You [Official Audio],BiC Fizzle,Official Audio,False,2023-01-27 05:00:23,49583,49622,49622,123.9575,124.055,124.055,2.4716499964221783,0.03932799548232257,2025-09-12,2025-09-14,2,0.07865599096464514,0.07865599096465385,2
ZCCvaMtDL5c,Flyana Boss-Buddha (Official Audio),Flyana Boss,Official Audio,False,2022-10-14 04:04:46,42994,43025,43025,107.485,107.5625,107.5625,3.119079167215933,0.03605154207563846,2025-09-12,2025-09-14,2,0.07210308415127692,0.07210308415127745,2
ZGpsYmNfkd8,Jenny By Flyana Boss JLO and HAYDEN lyric video!,Flyana Boss,Lyric Video,False,2020-10-22 16:39:32,6895,6896,6896,17.237499999999997,17.24,17.24,3.915597149149742,0.00725163161711385,2025-09-12,2025-09-14,2,0.0145032632342277,0.014503263234235123,2
ZL3l8-E39uI,Candyman Dance #flyanaboss #badalee #kirstendodgen #candymandance Credit: @lizzyforeal,Flyana Boss,Music Content,False,2024-06-17 22:34:05,10938,10951,10951,27.345000000000002,27.3775,27.3775,8.94513541337475,0.059425854818065456,2025-09-12,2025-09-14,2,0.11885170963613091,0.11885170963612675,2
ZjWYjpxR9Qo,Candyman dance,Flyana Boss,Music Content,False,2024-07-10 17:30:42,1439,1447,1447,3.5975,3.6175,3.6175,12.47410832505296,0.27797081306462823,2025-09-12,2025-09-14,2,0.5559416261292565,0.5559416261292569,2
_2XdanNU62w,Ice Spice on the brain! #icespice #femalerapper,Flyana Boss,Music Content,False,2023-03-24 18:10:49,29440,29442,29442,73.60000000000001,73.605,73.605,6.19544173806718,0.0033967391304347825,2025-09-12,2025-09-14,2,0.006793478260869565,0.006793478260863385,2
_9diu65NJMU,#BiCFizzle #GucciMane #BlowTheDeposit  OUT NOW!! #1017 #1K4L,BiC Fizzle,Music Content,False,2022-07-13 15:00:30,32097,32102,32102,80.2425,80.255,80.255,3.663608489644092,0.007788889927407546,2025-09-12,2025-09-14,2,0.015577779854815092,0.015577779854800923,2
_ShOEeFD54A,Found a little gum drop!! 🍬🤭 #flyanaboss #candyman #nickcannon,Flyana Boss,Music Content,False,2024-01-31 17:53:12,43943,43959,43959,109.85749999999999,109.89750000000001,109.89750000000001,8.261472863598012,0.01820540245317798,2025-09-12,2025-09-14,2,0.03641080490635596,0.03641080490637459,2
__otVttRX_o,BiC Fizzle-All The Way Up [Official Music Video],BiC Fizzle,Official Music Video,False,2023-07-27 04:00:12,206646,206896,206896,516.615,517.24,517.24,2.7711820734162544,0.06048991995973791,2025-09-12,2025-09-14,2,0.12097983991947582,0.12097983991947582,2
_ub9G9rURzQ,Devil’s in the details,COBRAH,Music Content,False,2023-08-16 17:35:35,18262,18288,18288,45.655,45.72,45.72,9.521212540840127,0.07118606943379695,2025-09-12,2025-09-14,2,0.1423721388675939,0.14237213886758893,2
_vVTl-uWAwo,COBRAH-DIP N DRIP,COBRAH,Music Content,False,2021-02-21 14:58:02,1017202,1018605,1018605,2543.005,2546.5125,2546.5125,1.9454699437291412,0.0689636866620396,2025-09-12,2025-09-14,2,0.1379273733240792,0.13792737332406774,2
aPPtNngy3A8,keep it GUSHY🍬 #candymandance #flyanaboss DC: @jaedenrae @karaleighcannella,Flyana Boss,Music Content,False,2024-06-07 00:02:16,2853,2857,2857,7.1325,7.1425,7.1425,8.651492862059857,0.07010164738871363,2025-09-12,2025-09-14,2,0.14020329477742727,0.14020329477742427,2
aTfhJthvEyk,BiC Fizzle-Pressure (feat. PME JayBee) [Official Audio],BiC Fizzle,Official Audio,False,2023-11-02 04:00:00,50392,50419,50419,125.98,126.04749999999999,126.04749999999999,2.3330788988435662,0.026789966661374818,2025-09-12,2025-09-14,2,0.053579933322749636,0.05357993332273475,2
aZ1g3zSLVPo,BiC Fizzle-GTM [Official Music Video],BiC Fizzle,Official Music Video,False,2025-09-12 19:00:03,637,3584,3584,1.5925,8.96,8.96,15.571802639324961,231.31868131868134,2025-09-12,2025-09-14,2,462.6373626373627,462.6373626373627,2
adepfLsWLfE,Are you sick🤧🤧🤧,Flyana Boss,Music Content,False,2024-03-21 05:24:48,35877,35884,35884,89.69250000000001,89.71000000000001,89.71000000000001,9.971990451764828,0.009755553697354851,2025-09-12,2025-09-14,2,0.019511107394709702,0.019511107394707797,2
asZctgZ3WAY,SNEAKING ON A ROOFTOP IN DOWNTOWN LA JUST TO MAKE CONTENT #boffum #hiphop,Flyana Boss,Music Content,False,2023-02-27 20:14:51,59149,59151,59151,147.8725,147.8775,147.8775,15.803888423790081,0.0016906456575766287,2025-09-12,2025-09-14,2,0.0033812913151532575,0.0033812913151501814,2
ateZYgF0it4,BiC Fizzle-Tunnel Vision [Official Audio],BiC Fizzle,Official Audio,False,2021-10-18 04:00:01,160543,160568,160568,401.3575,401.42,401.42,2.1350872569163446,0.007786076004559526,2025-09-12,2025-09-14,2,0.015572152009119052,0.015572152009119052,2
awbouHSY3AA,When that “Airplane Mode” beat drops 💃🏽,Flyana Boss,Music Content,False,2025-02-13 16:00:04,10935,10981,10981,27.337500000000002,27.4525,27.4525,0.07300634462477422,0.21033379058070417,2025-09-12,2025-09-14,2,0.42066758116140834,0.42066758116140257,2
b8QiLaasWEM,💰💰💰 #hiphop #besties #flyanaboss,Flyana Boss,Music Content,False,2023-05-04 15:53:00,108730,108733,108733,271.825,271.8325,271.8325,6.545481301512872,0.0013795640577577485,2025-09-12,2025-09-14,2,0.002759128115515497,0.002759128115512988,2
b_C0wBdLTrE,my lil gumdrop #candymandance #flyanaboss Credit: @nakashima_yunon,Flyana Boss,Music Content,False,2024-06-11 00:14:17,3899,3904,3904,9.7475,9.76,9.76,5.254391494876787,0.06411900487304437,2025-09-12,2025-09-14,2,0.12823800974608873,0.12823800974608143,2
beKEG8S7SH8,Have you counted how many squeaks are in this song??? yeaaa out now!! #flyanaboss #evanblummadeit,Flyana Boss,Music Content,False,2024-02-26 01:13:33,48178,48186,48186,120.445,120.465,120.465,9.26694622633585,0.008302544729959734,2025-09-12,2025-09-14,2,0.016605089459919467,0.01660508945992796,2
bisPUK4VANg,BiC Fizzle -  First Day [Official Audio],BiC Fizzle,Official Audio,False,2024-05-02 20:00:23,189357,189663,189663,473.3925,474.1575,474.1575,2.4581821635151058,0.08079975918503145,2025-09-12,2025-09-14,2,0.1615995183700629,0.16159951837007203,2
bjRvs2Dfsng,FLASH WARNING!! Also bad beach warning 🤭 hi we’re two besties that do music together! #besties,Flyana Boss,Music Content,False,2023-04-20 20:05:44,32206,32207,32207,80.51500000000001,80.5175,80.5175,4.7009144128200955,0.0015525057442712538,2025-09-12,2025-09-14,2,0.0031050114885425076,0.003105011488522033,2
bnrXyeCZeIU,Candyman class by @Bada_bebe @KirstenDodgenn #badalee #kirstendodgen Credit: @kade__hnxg,Flyana Boss,Music Content,False,2024-06-17 22:39:52,13847,13863,13863,34.6175,34.6575,34.6575,4.994588456972769,0.05777424712934209,2025-09-12,2025-09-14,2,0.11554849425868419,0.11554849425868172,2
bueEvjbp9ks,COBRAH & Amanda Lepore-LET'S GET F*CKED (TEQUILA Remix) {Official Audio},COBRAH,Official Audio,False,2024-07-19 04:00:20,56443,56568,56568,141.1075,141.42,141.42,2.525420969347397,0.11073118012862534,2025-09-12,2025-09-14,2,0.2214623602572507,0.2214623602572507,2
buqAtWp5ykU,BIG ONEEEEE 9/29 #flyanaboss,Flyana Boss,Music Content,False,2023-09-21 20:27:36,109683,109687,109687,274.20750000000004,274.2175,274.2175,7.823768074003002,0.0018234366310184806,2025-09-12,2025-09-14,2,0.0036468732620369613,0.0036468732620129137,2
cN1gKpUIyFI,“Creepin” Out now link in my bio  #riskmademe #7/11,BiC Fizzle,Music Content,False,2025-06-27 19:36:49,5274,5285,5285,13.185,13.2125,13.2125,5.578175939589045,0.10428517254455821,2025-09-12,2025-09-14,2,0.20857034508911643,0.20857034508911534,2
cTB9HkiSJtI,You wish live! Full session on @uproxxmusicvideos’s channel 🦋💕🥰,Flyana Boss,Live Performance,False,2023-09-13 23:54:54,301363,301417,301417,753.4075,753.5424999999999,753.5424999999999,10.28053359563103,0.008959294936671058,2025-09-12,2025-09-14,2,0.017918589873342116,0.017918589873325817,2
cdOYQPESf2U,Gotta think Big!!! #flyanaboss #hiphop,Flyana Boss,Music Content,False,2023-10-21 23:03:43,202005,202012,202012,505.0125,505.03,505.03,9.248125700457237,0.0017326303804361279,2025-09-12,2025-09-14,2,0.0034652607608722558,0.0034652607608691042,2
cw0lHW-QirU,BiC Fizzle-Outro [Official Audio],BiC Fizzle,Official Audio,False,2023-11-02 04:00:15,6296,6296,6296,15.74,15.74,15.74,3.081321473951715,0.0,2025-09-12,2025-09-14,2,0.0,0.0,2
d4LrS1c_-0E,Flyana Boss-C*NT (Official Performance Visualizer),Flyana Boss,Visualizer,False,2025-06-06 03:00:55,192143,192863,192863,480.3575,482.1575,482.1575,4.15215080444448,0.18736045549408514,2025-09-12,2025-09-14,2,0.3747209109881703,0.3747209109881726,2
d8B---x6Mhg,BiC Fizzle-Hold Me Down [Official Audio],BiC Fizzle,Official Audio,False,2025-07-27 19:00:33,6364,6441,6441,15.91,16.1025,16.1025,5.661914690331844,0.6049654305468259,2025-09-12,2025-09-14,2,1.2099308610936519,1.2099308610936454,2
dYrVt95BY2Q,can yall believe we still haven’t bumped into anyone!! where too next?! #flyanaboss #evanblummadeit,Flyana Boss,Music Content,False,2023-07-02 19:29:24,7666770,7667253,7667253,19166.925000000003,19168.1325,19168.1325,0.10940377538002685,0.003149957544050493,2025-09-12,2025-09-14,2,0.006299915088100986,0.006299915088084283,2
db-evVPA_yE,If you’re watching this you have an internal glow you don’t even gotta brag #hiphop #boffum #besties,Flyana Boss,Music Content,False,2023-03-07 19:15:23,39277,39279,39279,98.1925,98.1975,98.1975,7.775344981871703,0.0025460192988262854,2025-09-12,2025-09-14,2,0.005092038597652571,0.005092038597662412,2
dmeslCn6E30,Nepo Babyyyy,Flyana Boss,Music Content,False,2024-09-24 18:34:20,29986,30034,30034,74.965,75.085,75.085,9.415196959397903,0.08003735076368972,2025-09-12,2025-09-14,2,0.16007470152737943,0.16007470152736653,2
douEYASnGWU,COBRAH-FEMININE ENERGY (Zorza Adrenaline Mix) [Official Audio],COBRAH,Official Audio,False,2024-07-26 04:00:23,8954,8972,8972,22.385,22.43,22.43,2.644206615653136,0.10051373687737324,2025-09-12,2025-09-14,2,0.20102747375474647,0.2010274737547382,2
e-SyAR0timo,BiC Fizzle-Pressure (feat. PME JayBee) [Official Music Video],BiC Fizzle,Official Music Video,False,2023-11-22 20:00:08,197721,197986,197986,494.3025,494.965,494.965,2.6191104298600285,0.06701362020220411,2025-09-12,2025-09-14,2,0.13402724040440822,0.13402724040440134,2
eS5osFLkJBM,Wow can’t believe we’re on a billboard!! ✨🦋 @YouTube @YouTubeMusic #Shorts,Flyana Boss,Music Content,False,2023-07-22 22:56:06,1837552,1837557,1837557,4593.88,4593.8925,4593.8925,2.932674922213246,0.00013605057163008176,2025-09-12,2025-09-14,2,0.0002721011432601635,0.0002721011432562039,2
eXPry_3HTps,OUT NOW 🥶🥶🥶!! #1017 #1Klan #1K4L,BiC Fizzle,Music Content,False,2022-07-01 16:00:27,8331,8332,8332,20.8275,20.830000000000002,20.830000000000002,6.061333515198946,0.006001680470531749,2025-09-12,2025-09-14,2,0.012003360941063497,0.012003360941069638,2
ejy1T4IJQAI,POV: You just put your phone on Airplane Mode ✈️🔥 #newmusic,Flyana Boss,Music Content,False,2025-02-12 20:13:25,5966,5992,5992,14.915000000000001,14.98,14.98,0.11707698766530589,0.2179014415018438,2025-09-12,2025-09-14,2,0.4358028830036876,0.4358028830036842,2
f20pRmRLVGU,CHOCOLATE FONDUE 🥵🫠😮‍💨 #hiphop #besties #flyanaboss,Flyana Boss,Music Content,False,2023-04-22 19:57:17,46127,46128,46128,115.31750000000001,115.32,115.32,3.5271800990540667,0.001083963838966332,2025-09-12,2025-09-14,2,0.002167927677932664,0.002167927677918369,2
fIhGfBF4ano,⁉️TEA TIME!!!!! #hiphop #flyanaboss,Flyana Boss,Music Content,False,2023-04-17 21:16:59,25920,25922,25922,64.80000000000001,64.805,64.805,4.675745541467707,0.0038580246913580245,2025-09-12,2025-09-14,2,0.007716049382716049,0.00771604938270903,2
fIhsmL8pfPw,YOUTUBE JUST SHOWED OUT AND PUT US ON A BILLBOARD:’) #flyanaboss #youtubeshorts #evanblummadeit,Flyana Boss,Music Content,False,2023-07-31 21:25:50,2387821,2387830,2387830,5969.5525,5969.575,5969.575,3.4952721630649113,0.0001884563373887741,2025-09-12,2025-09-14,2,0.0003769126747775482,0.00037691267477815764,2
fN8Cflmmd20,BiC Fizzle-Loaded [Official Audio],BiC Fizzle,Official Audio,False,2023-11-02 04:00:19,41781,41820,41820,104.4525,104.55,104.55,2.655471206235341,0.046671932217993824,2025-09-12,2025-09-14,2,0.09334386443598765,0.09334386443598439,2
fWO5_xCrBvk,… 🖤,COBRAH,Music Content,False,2023-06-06 16:48:36,12061,12113,12113,30.1525,30.2825,30.2825,3.97122711195661,0.21557084818837574,2025-09-12,2025-09-14,2,0.4311416963767515,0.4311416963767482,2
fZdB4yCm-WM,LIKE PLZ CAN U TAKE HIM ☎️ #flyanaboss #evanblummadeit,Flyana Boss,Music Content,False,2023-10-01 22:53:39,112776,112778,112778,281.94,281.945,281.945,6.759356961613943,0.000886713485138682,2025-09-12,2025-09-14,2,0.001773426970277364,0.0017734269702757508,2
fsFz8XlcmaQ,BiC Fizzle-Forever Klan [Official Audio],BiC Fizzle,Official Audio,False,2023-11-02 04:00:31,26636,26652,26652,66.59,66.63,66.63,2.597207860629098,0.03003453972067878,2025-09-12,2025-09-14,2,0.06006907944135756,0.06006907944134561,2
g5a-28doS2s,BiC Fizzle-Soulja Talk [Official Music Video],BiC Fizzle,Official Music Video,False,2023-10-12 19:00:30,4406,4410,4410,11.014999999999999,11.025,11.025,6.578948722778566,0.04539264639128461,2025-09-12,2025-09-14,2,0.09078529278256922,0.09078529278258343,2
gO27AB_S9hs,Big One x @MTV Live: #WomenInRap,Flyana Boss,Live Performance,False,2023-11-10 19:42:06,68125,68129,68129,170.3125,170.32250000000002,170.32250000000002,10.726290635102513,0.0029357798165137615,2025-09-12,2025-09-14,2,0.005871559633027523,0.0058715596330388715,2
gUSf-SQTvPQ,"still running, where we going next?!? 😭💕💜‼️ #flyanaboss #evanblummadeit",Flyana Boss,Music Content,False,2023-06-29 17:25:20,2048672,2048686,2048686,5121.68,5121.715,5121.715,5.020942764164197,0.0003416847596882273,2025-09-12,2025-09-14,2,0.0006833695193764546,0.0006833695193736133,2
gUy4vIWnlck,Flyana Boss-Nepo Baby (Lyric Video),Flyana Boss,Lyric Video,False,2024-09-20 19:00:21,42011,42082,42082,105.0275,105.205,105.205,4.13589810172029,0.08450167813191783,2025-09-12,2025-09-14,2,0.16900335626383567,0.16900335626383078,2
geS90j8zaG8,👀👀👀 remix coming soooon 🦋 #flyanaboss,Flyana Boss,Remix,False,2023-09-05 18:15:42,3115044,3115153,3115153,7787.61,7787.8825,7787.8825,7.871821714868249,0.0017495740028070231,2025-09-12,2025-09-14,2,0.0034991480056140462,0.003499148005614513,2
ggv9UO-CLug,COBRAH-FEMININE ENERGY (Official Music Video),COBRAH,Official Music Video,False,2023-09-08 04:00:09,1159410,1161973,1161973,2898.525,2904.9325,2904.9325,1.8726349682679062,0.11053035595690912,2025-09-12,2025-09-14,2,0.22106071191381824,0.22106071191381133,2
ghQ6DKlMDzk,we wanna go run at the pyramids 😭 #flyanaboss #hiphop,Flyana Boss,Music Content,False,2023-07-31 23:35:44,1032405,1032447,1032447,2581.0125,2581.1175,2581.1175,4.6512776741585675,0.002034085460647711,2025-09-12,2025-09-14,2,0.004068170921295422,0.0040681709212961265,2
h-m4CKnXmVM,How old are they? #flyanaboss,Flyana Boss,Music Content,False,2025-07-11 18:52:51,10006,10146,10146,25.015,25.365000000000002,25.365000000000002,9.08121596586696,0.6995802518488907,2025-09-12,2025-09-14,2,1.3991605036977814,1.399160503697787,2
hDuqyDae4R0,TELL US WHERE WE SHOULD RUN NEXT ✨🏃🏾‍♀️🏃🏽‍♀️💜 #flyanaboss #besties,Flyana Boss,Music Content,False,2023-06-24 18:50:39,4061551,4061691,4061691,10153.8775,10154.227499999999,10154.227499999999,4.629690957148464,0.0017234795278946394,2025-09-12,2025-09-14,2,0.003446959055789279,0.003446959055774947,2
hOU07qaUBYc,LIKE A SYNONYM!!!!!!! 🫰🏾 #flyanaboss #besties #hiphop,Flyana Boss,Music Content,False,2023-06-17 17:18:07,6021076,6021484,6021484,15052.69,15053.710000000001,15053.710000000001,5.478486306516312,0.003388098738497903,2025-09-12,2025-09-14,2,0.006776197476995806,0.0067761974769987065,2
hVeKGAb_K4g,Vday anthem loading... #flyanaboss,Flyana Boss,Music Content,False,2024-01-18 23:28:44,31247,31253,31253,78.1175,78.1325,78.1325,10.894400254002793,0.009600921688482094,2025-09-12,2025-09-14,2,0.01920184337696419,0.019201843376946724,2
haAFZ0SgFGo,CALL ME KHALEESI #hiphop #besties #flyanaboss,Flyana Boss,Music Content,False,2023-05-09 01:04:53,620871,620874,620874,1552.1775,1552.185,1552.185,9.929494381533047,0.00024159608034519248,2025-09-12,2025-09-14,2,0.00048319216069038495,0.00048319216068628336,2
hijS2cBWITA,BiC Fizzle-No Tomorrow [Official Audio],BiC Fizzle,Official Audio,False,2023-01-27 05:00:31,114266,114334,114334,285.665,285.83500000000004,285.83500000000004,2.1132986548248915,0.02975513276040117,2025-09-12,2025-09-14,2,0.05951026552080234,0.0595102655208079,2
i6h271WIm1g,COBRAH-TEQUILA (Official Audio),COBRAH,Official Audio,False,2023-10-13 04:00:33,226281,227119,227119,565.7025,567.7975,567.7975,2.0165457201722488,0.18516799908078893,2025-09-12,2025-09-14,2,0.37033599816157786,0.3703359981615827,2
i94oYhn_d0c,Flyana Boss-You Wish (Official Music Video),Flyana Boss,Official Music Video,False,2023-09-13 18:00:11,1372167,1373972,1373972,3430.4174999999996,3434.93,3434.93,4.245525708031372,0.06577187762130994,2025-09-12,2025-09-14,2,0.13154375524261988,0.13154375524262785,2
iEL5yL4aThc,COBRAH-GOOD PUSS (Official Music Video),COBRAH,Official Music Video,False,2021-07-22 16:00:09,4139859,4144125,4144125,10349.647500000001,10360.3125,10360.3125,2.1713469049734107,0.05152349391609714,2025-09-12,2025-09-14,2,0.10304698783219428,0.10304698783218515,2
iK1as9XJ8qw,The cutest besties you’ve ever seen #besties #hiphop #flyanaboss,Flyana Boss,Music Content,False,2023-04-06 18:58:06,41708,41710,41710,104.27,104.275,104.275,7.964707861395838,0.0023976215594130623,2025-09-12,2025-09-14,2,0.0047952431188261245,0.004795243118835392,2
iNMx_JbAO2Q,🏃🏽‍♀️🏃🏾‍♀️WHERE NEXT?? 🙃 #flyanaboss #besties,Flyana Boss,Music Content,False,2023-06-25 05:20:51,3041209,3041357,3041357,7603.022499999999,7603.3925,7603.3925,5.032958135621797,0.0024332428320447555,2025-09-12,2025-09-14,2,0.004866485664089511,0.004866485664100039,2
iUK9erMDW-0,Your favorite duo back with another one!! 👽🛸,Flyana Boss,Music Content,False,2023-12-20 23:55:20,38884,38890,38890,97.21000000000001,97.225,97.225,7.82652314831947,0.007715255632136611,2025-09-12,2025-09-14,2,0.015430511264273222,0.015430511264259188,2
iaB9Qn70gXs,CANDYMAN DANCE (: - FLYANA BOSS,Flyana Boss,Music Content,False,2024-07-11 19:05:32,11794,11805,11805,29.485,29.5125,29.5125,8.974958515938262,0.04663388163472952,2025-09-12,2025-09-14,2,0.09326776326945904,0.09326776326945857,2
idbycqEa4ek,"4,000 GALLON SLIME BATH (BRAND NEW BITCH-Behind The Scenes)",COBRAH,Music Content,False,2022-09-21 16:00:26,57369,57491,57491,143.4225,143.7275,143.7275,1.8509510695921074,0.10632920218236329,2025-09-12,2025-09-14,2,0.21265840436472658,0.2126584043647115,2
ijfvBM6jeRo,COBRAH-BRAND NEW BITCH (Official Rebirth Video),COBRAH,Music Content,False,2022-09-09 17:00:10,1349020,1350935,1350935,3372.55,3377.3374999999996,3377.3374999999996,2.6958976142831563,0.07097745029725283,2025-09-12,2025-09-14,2,0.14195490059450566,0.14195490059448945,2
ik4s0sJ9Kys,COBRAH & Ayesha Erotica-QUICK LICK (TEQUILA REMIX) [Official Audio],COBRAH,Official Audio,False,2024-07-26 04:00:28,56651,56749,56749,141.6275,141.8725,141.8725,3.5634939627635798,0.0864945014209811,2025-09-12,2025-09-14,2,0.1729890028419622,0.1729890028419654,2
ikXA4e7JIaE,Candyman Dance 💗 #flyanaboss #candyman #dance Credit: @PiperRockelle,Flyana Boss,Music Content,False,2024-06-07 00:09:39,3616,3622,3622,9.040000000000001,9.055,9.055,4.6698014957755705,0.08296460176991151,2025-09-12,2025-09-14,2,0.16592920353982302,0.16592920353980964,2
imMMzRFJWfg,Which friend are youuu??,Flyana Boss,Music Content,False,2023-01-02 20:43:38,16826,16828,16828,42.065,42.07,42.07,5.128662287085499,0.005943183168905266,2025-09-12,2025-09-14,2,0.011886366337810532,0.011886366337816612,2
itOMRnzERGg,Who’s been naughty this year?,COBRAH,Music Content,False,2021-12-24 19:21:17,10531,10536,10536,26.3275,26.34,26.34,5.2783977910391755,0.023739435951001805,2025-09-12,2025-09-14,2,0.04747887190200361,0.04747887190200091,2
iueBQ6CdyuU,Flyana Boss-Miss Me (Visualizer),Flyana Boss,Visualizer,False,2022-03-15 20:38:01,283888,283989,283989,709.7199999999999,709.9725,709.9725,3.32536809861098,0.01778870540494843,2025-09-12,2025-09-14,2,0.03557741080989686,0.03557741080990456,2
iyhK8womAeI,BiC Fizzle-Part 1 [Official Music Video],BiC Fizzle,Official Music Video,False,2025-05-16 23:02:02,103171,103417,103417,257.9275,258.5425,258.5425,2.0083462305353192,0.11921954812883465,2025-09-12,2025-09-14,2,0.2384390962576693,0.23843909625767282,2
izbpvOPd9fw,SHINE BRIGHT SHINE FAR 💫✨ #flyanaboss #evanblummadeit,Flyana Boss,Music Content,False,2023-09-23 20:46:14,209280,209284,209284,523.2,523.21,523.21,10.929272470468264,0.00095565749235474,2025-09-12,2025-09-14,2,0.00191131498470948,0.0019113149847077415,2
jLRL_3RoJjY,BiC Fizzle-Don't Panic [Official Audio],BiC Fizzle,Official Audio,False,2023-01-27 05:00:18,85782,85857,85857,214.45499999999998,214.64249999999998,214.64249999999998,2.034503036461917,0.04371546478282157,2025-09-12,2025-09-14,2,0.08743092956564313,0.08743092956564315,2
jPGK0LZTIHU,Flyana Boss-Fondue (Lyric Video),Flyana Boss,Lyric Video,False,2023-04-28 04:00:30,218729,218823,218823,546.8225,547.0575,547.0575,2.878515094539771,0.02148777711231707,2025-09-12,2025-09-14,2,0.04297555422463414,0.042975554224636635,2
jPrF8zVf4eg,Is this the best live duo!?! #flyanaboss,Flyana Boss,Live Performance,False,2023-05-15 18:24:13,134516,134516,134516,336.28999999999996,336.28999999999996,336.28999999999996,5.1098010645573755,0.0,2025-09-12,2025-09-14,2,0.0,0.0,2
jWu7rW3jdPM,okay now where?! 🏰💜💕🙃🙃🙃,Flyana Boss,Music Content,False,2023-06-30 21:06:58,3996856,3996869,3996869,9992.140000000001,9992.1725,9992.1725,0.13202855990202206,0.00016262782547082008,2025-09-12,2025-09-14,2,0.00032525565094164015,0.0003252556509350866,2
jpK361VATog,CANDYMAN DANCE-Flyanaboss,Flyana Boss,Music Content,False,2024-08-07 01:59:53,4112,4132,4132,10.280000000000001,10.329999999999998,10.329999999999998,5.3372463566130905,0.24319066147859922,2025-09-12,2025-09-14,2,0.48638132295719844,0.4863813229571708,2
jsf75gRULiU,CANDYMAN DANCE CHALLENGE-flyanaboss,Flyana Boss,Music Content,False,2024-08-07 18:27:21,3629,3641,3641,9.0725,9.1025,9.1025,6.657514699895687,0.16533480297602646,2025-09-12,2025-09-14,2,0.3306696059520529,0.33066960595204586,2
jx3UlMJ6j6k,Period… 4/28,Flyana Boss,Music Content,False,2023-04-21 17:50:57,36191,36192,36192,90.4775,90.48,90.48,3.64864680148581,0.0013815589511204443,2025-09-12,2025-09-14,2,0.0027631179022408886,0.0027631179022383754,2
k-Z5hZmmskc,FLYANA BOSS TV | Episode 2 (tour vlog),Flyana Boss,Music Content,False,2023-09-12 15:00:38,7049,7049,7049,17.622500000000002,17.622500000000002,17.622500000000002,9.093488438076323,0.0,2025-09-12,2025-09-14,2,0.0,0.0,2
kcGWJP4kAS4,What’s the tea????☕️,Flyana Boss,Music Content,False,2023-05-02 14:44:02,109187,109188,109188,272.9675,272.97,272.97,8.561877506569594,0.00045792997334847554,2025-09-12,2025-09-14,2,0.0009158599466969511,0.0009158599467169425,2
kdrNxgwMPds,BiC Fizzle-Check (feat. Big Yavo) [Official Music Video],BiC Fizzle,Official Music Video,False,2023-01-06 05:00:09,667128,667490,667490,1667.8200000000002,1668.725,1668.725,2.2717362883510805,0.02713122519216702,2025-09-12,2025-09-14,2,0.05426245038433404,0.05426245038431877,2
kiDY2zb13ng,Candyman Dance #flyanaboss #badalee #kirstendodgen Credit: @lauraonce9,Flyana Boss,Music Content,False,2024-06-11 00:01:35,9023,9028,9028,22.557499999999997,22.57,22.57,6.7364694105464045,0.0277069710739222,2025-09-12,2025-09-14,2,0.0554139421478444,0.055413942147857005,2
kjH_lplSRg8,Flyana Boss on Trillerfest!!,Flyana Boss,Music Content,False,2020-06-12 23:45:01,8509,8510,8510,21.2725,21.275,21.275,2.5735942271119856,0.005876131155247385,2025-09-12,2025-09-14,2,0.01175226231049477,0.01175226231048408,2
kphNAD7T0_o,Don’t try this at home kids! #flyanaboss #evanblummadeit,Flyana Boss,Music Content,False,2023-09-21 13:08:59,319023,319029,319029,797.5575000000001,797.5725,797.5725,9.39468883939107,0.0009403710704243894,2025-09-12,2025-09-14,2,0.0018807421408487787,0.0018807421408328139,2
kw0RorzgU-M,CANDYMAN DANCE CHALLENGE-flyanaboss #dance,Flyana Boss,Music Content,False,2024-08-08 20:36:53,11008,11034,11034,27.519999999999996,27.585,27.585,5.847929470642537,0.11809593023255813,2025-09-12,2025-09-14,2,0.23619186046511625,0.23619186046513388,2
lGAjqVO_UcY,nicky c is our lil gum drop #flyanaboss,Flyana Boss,Music Content,False,2024-08-07 18:31:52,7528,7545,7545,18.82,18.8625,18.8625,6.083726123598472,0.11291179596174283,2025-09-12,2025-09-14,2,0.22582359192348567,0.22582359192348792,2
lM8oYQCqOqk,C*NT OUT NOWWWWW 😈😈 #flyanaboss,Flyana Boss,Music Content,False,2025-06-06 20:35:16,39098,39197,39197,97.745,97.9925,97.9925,14.071155619244056,0.12660494142922912,2025-09-12,2025-09-14,2,0.25320988285845825,0.2532098828584605,2
lV3oFPdqx90,Trying to make a Nepo Baby!,Flyana Boss,Music Content,False,2024-09-20 23:08:45,17268,17308,17308,43.17,43.269999999999996,43.269999999999996,8.10678677271357,0.11582117211026176,2025-09-12,2025-09-14,2,0.23164234422052352,0.23164234422051033,2
laWsUUhXK4w,Is this the self love anthem of 2023!?!,Flyana Boss,Music Content,False,2023-02-07 21:30:07,22968,22969,22969,57.42,57.4225,57.4225,17.79828896940266,0.002176941832114246,2025-09-12,2025-09-14,2,0.004353883664228492,0.004353883664224532,2
ldF6mp0rwBI,Let’s get C*nty,Flyana Boss,Music Content,False,2025-06-05 20:45:53,6965,7060,7060,17.4125,17.65,17.65,7.579525511003012,0.6819813352476669,2025-09-12,2025-09-14,2,1.3639626704953338,1.3639626704953174,2
lexUuVAddh4,best friends for real 💕🥰 @AppleMusic @zanelowetv,Flyana Boss,Music Content,False,2023-09-29 06:38:56,54789,54794,54794,136.9725,136.98499999999999,136.98499999999999,8.333409396541105,0.004562959718191608,2025-09-12,2025-09-14,2,0.009125919436383216,0.009125919436374917,2
lrDGFL2WGTk,have you been tuned in to our twitch livestreams? :),Flyana Boss,Live Performance,False,2025-03-03 21:12:32,10293,10342,10342,25.732499999999998,25.855,25.855,7.026889642656022,0.23802584280579034,2025-09-12,2025-09-14,2,0.4760516856115807,0.47605168561158956,2
lyQNjTla41g,🖕🏾 Wat Ya Heard,BiC Fizzle,Music Content,False,2022-08-12 14:00:34,22550,22555,22555,56.375,56.3875,56.3875,7.1854560003853605,0.011086474501108647,2025-09-12,2025-09-14,2,0.022172949002217293,0.022172949002222338,2
mNtCJyec0MA,TEA TIME HAD BEGUN #hiphop #besties #flyanaboss,Flyana Boss,Music Content,False,2023-05-21 01:25:04,148488,148489,148489,371.22,371.2225,371.2225,6.576940301848784,0.0003367275470071656,2025-09-12,2025-09-14,2,0.0006734550940143311,0.0006734550940137186,2
mOcQ6AS5_D4,Flyana Boss x DJ Smallz-You Wish-Jersey Club Remix (Lyric Video),Flyana Boss,Lyric Video,False,2023-08-18 04:00:27,26798,26804,26804,66.99499999999999,67.00999999999999,67.00999999999999,4.08566849639945,0.011194865288454363,2025-09-12,2025-09-14,2,0.022389730576908726,0.022389730576909576,2
mX3WYECNanU,Raise your hand if you feel personally victimized by prestreched hair #besties,Flyana Boss,Music Content,False,2023-03-27 20:39:51,31651,31653,31653,79.1275,79.1325,79.1325,5.291924686186997,0.0031594578370351648,2025-09-12,2025-09-14,2,0.0063189156740703295,0.006318915674064582,2
mcrdqSJNYlk,MANIC dropping THIS Friday 🖤,COBRAH,Music Content,False,2023-08-09 17:07:16,8359,8378,8378,20.8975,20.945,20.945,7.0502570393048565,0.1136499581289628,2025-09-12,2025-09-14,2,0.2272999162579256,0.22729991625792287,2
mh7QcuggbmA,BiC Fizzle-So Icy Fizzle (feat. Cootie) [Official Audio],BiC Fizzle,Official Audio,False,2021-10-18 04:00:15,115805,115810,115810,289.51250000000005,289.525,289.525,2.271873584375886,0.002158801433444152,2025-09-12,2025-09-14,2,0.004317602866888304,0.004317602866864742,2
mkNzCJRnvrg,BiC Fizzle-Get Down Gang (feat. Li Rye) [Official Music Video],BiC Fizzle,Official Music Video,False,2023-01-24 19:26:59,294645,294713,294713,736.6125,736.7825,736.7825,2.5916336425966993,0.01153931001713927,2025-09-12,2025-09-14,2,0.02307862003427854,0.023078620034288417,2
mpakjtRJ-cw,Have you ever had a trashboi?,Flyana Boss,Music Content,False,2023-05-29 20:08:01,263438,263443,263443,658.595,658.6075,658.6075,4.907749568181179,0.0009489898951555964,2025-09-12,2025-09-14,2,0.0018979797903111927,0.0018979797903008353,2
nAT3G4WRCwM,Even I can’t breathe.. presave: https://cobrah.lnk.to/SUCK,COBRAH,Music Content,False,2023-06-09 18:12:38,12477,12535,12535,31.192500000000003,31.3375,31.3375,2.962584621998854,0.2324276669071091,2025-09-12,2025-09-14,2,0.4648553338142182,0.4648553338142054,2
nvC6_Uufbbs,lol 🖤,COBRAH,Music Content,False,2023-02-19 13:29:08,11621,11633,11633,29.052500000000002,29.082499999999996,29.082499999999996,7.043951303842299,0.05163066861715859,2025-09-12,2025-09-14,2,0.10326133723431719,0.10326133723429663,2
nwMT0Tnkjwg,Candyman Dance #flyanaboss #candyman Credit: @notnolendubuc,Flyana Boss,Music Content,False,2024-06-07 00:07:53,11694,11704,11704,29.235000000000003,29.26,29.26,4.265322601480145,0.04275696938600992,2025-09-12,2025-09-14,2,0.08551393877201983,0.08551393877201496,2
nwjYWEGGFCI,Learn the Candyman dance🕺🍬 #badalee #kirstendogden #dancetutorial Credit: @Nguyenthao16121,Flyana Boss,Music Content,False,2024-06-14 22:34:39,12390,12397,12397,30.975,30.9925,30.9925,6.051559767740418,0.02824858757062147,2025-09-12,2025-09-14,2,0.05649717514124294,0.056497175141237435,2
nwvjY0juBIE,Heyyyyy big cheddddaaaaa 🐀🧀🦋 #flyanaboss #evanblummadeit,Flyana Boss,Music Content,False,2024-03-19 20:08:40,29236,29241,29241,73.09,73.10249999999999,73.10249999999999,9.59864554531232,0.008551101381857983,2025-09-12,2025-09-14,2,0.017102202763715966,0.017102202763700412,2
o-MbpnUvAC8,I’m so late for the Swedish Grammys babes!!,COBRAH,Music Content,False,2022-05-20 09:21:06,24334,24352,24352,60.835,60.88,60.88,6.4166298874824275,0.036985288074299336,2025-09-12,2025-09-14,2,0.07397057614859867,0.07397057614860146,2
oLBF5JM-P3c,BiC Fizzle-Rich Criminals (feat. Cootie & Big 30) [Official Music Video],BiC Fizzle,Official Music Video,False,2021-10-18 04:00:13,1251972,1252147,1252147,3129.93,3130.3675,3130.3675,1.9279834499225155,0.006988974194311055,2025-09-12,2025-09-14,2,0.01397794838862211,0.01397794838862211,2
oMHkTpOTBKI,BiC Fizzle-Never A Dream (Freestyle),BiC Fizzle,Music Content,False,2021-08-25 22:13:33,490713,490748,490748,1226.7825,1226.87,1226.87,3.2779702953977417,0.003566239329302464,2025-09-12,2025-09-14,2,0.007132478658604928,0.007132478658593807,2
oUmkhPbkEPU,Flyana Boss-Bitch Imma Star (Lyric Video),Flyana Boss,Lyric Video,False,2023-09-26 16:00:43,183793,183892,183892,459.4825,459.73,459.73,3.359941351189334,0.026932472945106724,2025-09-12,2025-09-14,2,0.05386494589021345,0.053864945890213935,2
oYqS3MEc7o8,Flyana Boss-Mango Bananas (Lyric Video),Flyana Boss,Lyric Video,False,2022-06-23 04:01:27,99572,99625,99625,248.93,249.0625,249.0625,2.512086203228362,0.02661390752420359,2025-09-12,2025-09-14,2,0.05322781504840718,0.053227815048404445,2
o_obL11smuI,Flyana Boss-You Wish (Official Music Video),Flyana Boss,Official Music Video,False,2023-10-03 21:31:23,150843,150860,150860,377.10749999999996,377.15000000000003,377.15000000000003,7.915400325771269,0.005634997978030137,2025-09-12,2025-09-14,2,0.011269995956060274,0.011269995956080173,2
odUfJRRygpM,JBLiens crash landed on your planet!🛸👽 Thank you!! @jbl #JBLMakesEarbuds #ad 🎥Evan Blum,Flyana Boss,Music Content,False,2023-12-15 20:49:28,26746,26750,26750,66.865,66.875,66.875,7.884701704019328,0.007477753682793689,2025-09-12,2025-09-14,2,0.014955507365587378,0.01495550736559503,2
ogD5i7x0c0U,CAR RAPS W\ BLOOPERS,Flyana Boss,Music Content,False,2022-08-29 19:20:57,10913,10915,10915,27.2825,27.287499999999998,27.287499999999998,4.398020927521586,0.009163383121048292,2025-09-12,2025-09-14,2,0.018326766242096584,0.018326766242092937,2
oq8G1dZqyMo,LIVE PREMIERE 9/9  10 AM PST -  7 PM CET-3 AM NSW,COBRAH,Live Performance,False,2022-09-08 18:05:39,11589,11618,11618,28.9725,29.045,29.045,3.8781462722625903,0.12511864699283803,2025-09-12,2025-09-14,2,0.25023729398567607,0.2502372939856815,2
p0Sw0mI5PQc,Flyana Boss-See Sumn (Official Visualizer),Flyana Boss,Visualizer,False,2025-01-17 19:00:28,114507,114731,114731,286.26750000000004,286.8275,286.8275,5.827135486233029,0.09781061419825861,2025-09-12,2025-09-14,2,0.19562122839651722,0.19562122839649815,2
pOldjOXF2xk,check 🖤,COBRAH,Music Content,False,2024-09-13 15:52:29,15613,15777,15777,39.0325,39.442499999999995,39.442499999999995,2.593220039463021,0.5252033561775443,2025-09-12,2025-09-14,2,1.0504067123550886,1.05040671235508,2
pS7BvwPUH9Y,MANIC premiere right here tmrw ⛓️,COBRAH,Music Content,False,2023-08-10 17:13:22,9362,9407,9407,23.405,23.5175,23.5175,5.0242582084043965,0.24033326212347791,2025-09-12,2025-09-14,2,0.48066652424695583,0.4806665242469436,2
pSGAFzbVlXo,BiC Fizzle-Clark Street Baby (feat. Big Scarr) [Official Audio],BiC Fizzle,Official Audio,False,2021-10-18 04:00:16,3022561,3023556,3023556,7556.4025,7558.89,7558.89,1.1305934101205941,0.016459552015658244,2025-09-12,2025-09-14,2,0.03291910403131649,0.032919104031318897,2
pSPryuOsTdc,BiC Fizzle-Ndrangheta (feat. Sett) [Official Music Video],BiC Fizzle,Official Music Video,False,2023-11-02 04:00:09,336158,336313,336313,840.395,840.7825,840.7825,1.9591923621177156,0.023054635022816652,2025-09-12,2025-09-14,2,0.046109270045633304,0.046109270045638716,2
pYU_elZ2tls,We made a Christmas song called jingle dem bells 😂😂🎄🥰🥰,Flyana Boss,Music Content,False,2023-12-24 22:10:21,49531,49535,49535,123.8275,123.83749999999999,123.83749999999999,8.21977273095992,0.004037875270032909,2025-09-12,2025-09-14,2,0.008075750540065818,0.008075750540058473,2
pqd7qpdDYzY,Candyman dance by Flyanaboss VC: Jade W,Flyana Boss,Music Content,False,2024-08-01 02:05:16,2596,2604,2604,6.49,6.51,6.51,5.923090942227082,0.15408320493066258,2025-09-12,2025-09-14,2,0.30816640986132515,0.30816640986131855,2
ptRuwi2BaUs,C*NT Drops next week!! Friday 6/6! 🫦✨ #newmusic,Flyana Boss,Music Content,False,2025-05-30 17:45:35,29489,29543,29543,73.7225,73.8575,73.8575,10.494315403700192,0.09155956458340399,2025-09-12,2025-09-14,2,0.18311912916680798,0.18311912916681491,2
qCruXoSRaJE,COBRAH-10/10 (Official Audio),COBRAH,Official Audio,False,2023-10-13 04:00:24,246012,246930,246930,615.03,617.325,617.325,1.7973741545001949,0.18657626457245988,2025-09-12,2025-09-14,2,0.37315252914491975,0.3731525291449316,2
qHPZiFJ4J_w,Send this song to your Ex! #hiphop #besties,Flyana Boss,Music Content,False,2023-04-09 19:54:54,59830,59831,59831,149.575,149.57750000000001,149.57750000000001,8.72381144156073,0.0008357011532675915,2025-09-12,2025-09-14,2,0.001671402306535183,0.0016714023065526648,2
qO4_sN_34S0,Grrrl Rap,Flyana Boss,Music Content,False,2023-02-28 20:10:36,25731,25732,25732,64.3275,64.33,64.33,6.085925813074603,0.0019431813765496873,2025-09-12,2025-09-14,2,0.0038863627530993745,0.0038863627530958396,2
qWkmQW0WdaM,BiC Fizzle-Mr. Bigg (feat. BIG30 & Cootie) [Official Video],BiC Fizzle,Official Music Video,False,2023-08-03 19:00:19,537077,537266,537266,1342.6925,1343.165,1343.165,2.7335776240328014,0.017595242395410715,2025-09-12,2025-09-14,2,0.03519048479082143,0.035190484790810585,2
r6hQGjauhIE,thank you to everyone who is supporting our twitch journey 🥰 we love yall sm #flyanaboss,Flyana Boss,Music Content,False,2025-03-04 18:00:44,8780,8822,8822,21.95,22.055,22.055,0.306785066738827,0.23917995444191342,2025-09-12,2025-09-14,2,0.47835990888382685,0.47835990888382884,2
rFKiQltlrRw,He my little sweetheart 🍬 #badalee #kirstendodgen #candymandance Credit: @akanenmiyoshi,Flyana Boss,Music Content,False,2024-06-05 20:28:02,4873,4879,4879,12.182500000000001,12.197499999999998,12.197499999999998,7.711241639298354,0.0615637184485943,2025-09-12,2025-09-14,2,0.1231274368971886,0.12312743689716409,2
rGbizBBgrmc,Flyana Boss-Hot Tea (Lyric Video),Flyana Boss,Lyric Video,False,2023-04-28 04:00:32,84378,84417,84417,210.945,211.04250000000002,211.04250000000002,3.538019679971854,0.023110289411932022,2025-09-12,2025-09-14,2,0.046220578823864045,0.046220578823875896,2
rKLHifphOwM,Me & MAMI 🖤,COBRAH,Music Content,False,2024-07-19 17:34:47,4816,4857,4857,12.04,12.1425,12.1425,4.6625024710029095,0.42566445182724255,2025-09-12,2025-09-14,2,0.8513289036544851,0.8513289036544927,2
rLCqCaiIwNM,HOT BUTTER SUMMERTIME 7/19 🥵🧈 #flyanaboss,Flyana Boss,Music Content,False,2024-07-04 18:27:00,10060,10067,10067,25.150000000000002,25.1675,25.1675,11.929248982118022,0.03479125248508946,2025-09-12,2025-09-14,2,0.06958250497017893,0.06958250497017214,2
rNNEIEDFm0Y,yall ready? 🔥,BiC Fizzle,Music Content,False,2023-01-17 17:00:36,20440,20443,20443,51.1,51.1075,51.1075,3.8695790634701632,0.007338551859099804,2025-09-12,2025-09-14,2,0.014677103718199608,0.014677103718200165,2
r_t3mgfh1QU,Good juice my rain.. Good pusS ft CupcakKe remix out tomorrow 🖤,COBRAH,Remix,False,2022-02-22 13:55:50,15567,15584,15584,38.917500000000004,38.96,38.96,4.166801664699282,0.054602685167341174,2025-09-12,2025-09-14,2,0.10920537033468235,0.1092053703346743,2
rhzDHhHAGTE,Studio vlog 😂 #music #hiphop #besties #flyanaboss,Flyana Boss,Music Content,False,2023-04-08 21:55:38,84409,84411,84411,211.0225,211.0275,211.0275,9.31465467009474,0.0011847077918231469,2025-09-12,2025-09-14,2,0.0023694155836462938,0.0023694155836441384,2
s0c3uQ2ni6g,U my Lil Sweetheart,Flyana Boss,Music Content,False,2024-07-16 18:57:51,2720,2728,2728,6.800000000000001,6.82,6.82,8.590326893220631,0.14705882352941177,2025-09-12,2025-09-14,2,0.29411764705882354,0.2941176470588172,2
sEv2faib5p4,Flyana Boss-Money At (Lyric Video),Flyana Boss,Lyric Video,False,2024-03-25 05:46:40,64756,64923,64923,161.89,162.3075,162.3075,3.446204511203766,0.12894558033232442,2025-09-12,2025-09-14,2,0.25789116066464884,0.2578911606646601,2
sJT3rqXN7Sg,BiC Fizzle-Clarity [Official Music Video],BiC Fizzle,Official Music Video,False,2023-09-25 17:00:39,230511,230758,230758,576.2775,576.895,576.895,2.0610537865194143,0.05357661890321937,2025-09-12,2025-09-14,2,0.10715323780643873,0.10715323780643006,2
sMVtI3BBpAM,BiC Fizzle-Knowing (feat. BigWalkDog) [Official Music Video],BiC Fizzle,Official Music Video,False,2023-08-24 16:00:41,390007,390192,390192,975.0175,975.48,975.48,2.456809234275978,0.02371752301881761,2025-09-12,2025-09-14,2,0.04743504603763522,0.047435046037632884,2
s_tnKSXNkdI,Are we you’re favorite duo?? #girlrap #flyanaboss,Flyana Boss,Music Content,False,2023-04-01 22:16:02,262407,262408,262408,656.0174999999999,656.02,656.02,9.93226184468608,0.00019054369738612156,2025-09-12,2025-09-14,2,0.0003810873947722431,0.0003810873947805615,2
szOm8GYC3Ew,BiC Fizzle-Stay With Me [Official Audio],BiC Fizzle,Official Audio,False,2024-09-04 22:00:39,16241,16252,16252,40.6025,40.629999999999995,40.629999999999995,5.475024975683535,0.03386490979619482,2025-09-12,2025-09-14,2,0.06772981959238963,0.06772981959238053,2
t5j2qhmgJOs,I KEEP IT GUSHY GUSHY,Flyana Boss,Music Content,False,2024-07-16 18:55:43,4718,4730,4730,11.795,11.825000000000001,11.825000000000001,7.938200782034885,0.1271725307333616,2025-09-12,2025-09-14,2,0.2543450614667232,0.25434506146673286,2
t5kongS2wJU,Name a better duo?!? #hiphop #besties,Flyana Boss,Music Content,False,2023-03-06 21:00:25,13532,13535,13535,33.83,33.8375,33.8375,7.788081523242367,0.011084835944428023,2025-09-12,2025-09-14,2,0.022169671888856046,0.022169671888856886,2
tJTjprC5Jyw,What should our Fandom name be?!? 🦋 #flyanaboss #hiphop,Flyana Boss,Music Content,False,2023-08-14 18:47:58,534319,534327,534327,1335.7975,1335.8175,1335.8175,6.596010282999883,0.0007486164631989505,2025-09-12,2025-09-14,2,0.001497232926397901,0.001497232926413561,2
tPnMXvFH3BM,SHIT!,COBRAH,Music Content,False,2021-11-19 16:00:15,10511,10520,10520,26.277499999999996,26.299999999999997,26.299999999999997,4.574200828174575,0.04281229188469223,2025-09-12,2025-09-14,2,0.08562458376938446,0.08562458376938771,2
tVOuOhgsILw,Who wanna run with us?!?? 😂😭💜💕 #evanblummadeit #flyanaboss,Flyana Boss,Music Content,False,2023-07-12 17:55:58,2528336,2528356,2528356,6320.839999999999,6320.89,6320.89,0.09215510851902584,0.00039551705153112563,2025-09-12,2025-09-14,2,0.0007910341030622513,0.0007910341030795178,2
tat2ZExudKA,If I spend it 👏 I need it 👏 “Spend It” - OUT NOW 💰 #flyanaboss #newmusic,Flyana Boss,Music Content,False,2024-06-17 22:45:41,36065,36076,36076,90.1625,90.19,90.19,7.162362550634244,0.015250242617496189,2025-09-12,2025-09-14,2,0.030500485234992377,0.03050048523499616,2
txPwruM6NK0,😲 #newmusic,Flyana Boss,Music Content,False,2025-06-04 19:22:33,9273,9335,9335,23.182499999999997,23.337500000000002,23.337500000000002,7.770901704420185,0.3343038930227542,2025-09-12,2025-09-14,2,0.6686077860455084,0.6686077860455288,2
uA22ODmD-Ws,BiC Fizzle-B.A.N. [Official Music Video],BiC Fizzle,Official Music Video,False,2022-08-24 04:00:10,585374,585600,585600,1463.435,1464.0,1464.0,2.3415550497574564,0.019303898020752545,2025-09-12,2025-09-14,2,0.03860779604150509,0.03860779604150882,2
uIzeP71NPwQ,BiC Fizzle-Chief [Official Music Video],BiC Fizzle,Official Music Video,False,2022-10-17 16:00:08,399391,399551,399551,998.4775000000001,998.8774999999999,998.8774999999999,2.586545785366882,0.020030496430815916,2025-09-12,2025-09-14,2,0.04006099286163183,0.04006099286161817,2
uO5-0VjYHTM,#1017 #BiCFizzle #TurntShit,BiC Fizzle,Music Content,False,2022-07-15 16:00:39,7106,7108,7108,17.765,17.77,17.77,5.8744890658872375,0.014072614691809739,2025-09-12,2025-09-14,2,0.028145229383619477,0.028145229383613878,2
ur0Gruggt_U,3 more kids then I wanna get my body done!!! #fashion,Flyana Boss,Music Content,False,2025-06-25 21:39:47,11756,11836,11836,29.39,29.59,29.59,7.502600758626947,0.3402517863218782,2025-09-12,2025-09-14,2,0.6805035726437564,0.6805035726437539,2
uyB0kb36bMw,Stoop kids 🥰 #boffum #hiphop,Flyana Boss,Music Content,False,2023-03-03 18:42:43,872005,872009,872009,2180.0125,2180.0225,2180.0225,8.922176083495806,0.00022935648304768893,2025-09-12,2025-09-14,2,0.00045871296609537786,0.00045871296610539063,2
v2-ISjJshdU,LIKEEEEEEEEEE #flyanaboss,Flyana Boss,Music Content,False,2023-03-19 18:48:37,20407,20408,20408,51.0175,51.02,51.02,5.341173591347863,0.002450139657960504,2025-09-12,2025-09-14,2,0.004900279315921008,0.004900279315930478,2
v75-s41rzPw,Always silly when caught posing..,COBRAH,Music Content,False,2021-11-16 19:37:33,34518,34538,34538,86.295,86.345,86.345,6.74814699791429,0.02897039225911119,2025-09-12,2025-09-14,2,0.05794078451822238,0.05794078451821908,2
v7d29elCnTs,"Had to catch our breath for this one, back to running soon 😂 lol comment where we need to go next.",Flyana Boss,Music Content,False,2023-07-14 19:31:46,3443559,3443700,3443700,8608.897500000001,8609.25,8609.25,0.2732291613817214,0.0020473004818561263,2025-09-12,2025-09-14,2,0.004094600963712253,0.004094600963701265,2
vDfQ5G7Q6IY,COBRAH-GLUE (Official Video),COBRAH,Official Music Video,False,2019-04-05 07:23:21,271162,271287,271287,677.905,678.2175,678.2175,2.6210759525994787,0.02304895228682485,2025-09-12,2025-09-14,2,0.0460979045736497,0.046097904573649706,2
vFTDbO647Ys,It’s the FEMININE ENERGY 👽 out Friday…,COBRAH,Music Content,False,2023-09-06 17:37:21,10673,10699,10699,26.6825,26.7475,26.7475,7.013854585200912,0.12180267965895249,2025-09-12,2025-09-14,2,0.24360535931790497,0.24360535931789648,2
vH3ACi6j2t0,Why won’t this sample get cleared!?!,Flyana Boss,Music Content,False,2022-12-16 21:41:04,15957,15958,15958,39.8925,39.895,39.895,6.398245345463817,0.0031334210691232687,2025-09-12,2025-09-14,2,0.006266842138246537,0.00626684213825865,2
vXoi63T7rqY,LITTLE MISS…..,Flyana Boss,Music Content,False,2022-12-15 17:58:54,332930,332943,332943,832.325,832.3575,832.3575,10.927158783763588,0.0019523623584537292,2025-09-12,2025-09-14,2,0.0039047247169074584,0.003904724716897077,2
vfmrQGToT28,BiC Fizzle-Dope Fein [Official Video],BiC Fizzle,Official Music Video,False,2022-01-07 20:00:29,4332034,4334623,4334623,10830.085,10836.557499999999,10836.557499999999,1.1295935925970078,0.029882036936921548,2025-09-12,2025-09-14,2,0.059764073873843096,0.05976407387384175,2
vl44kKonFio,Where should we run next??? #flyanaboss,Flyana Boss,Music Content,False,2023-07-01 18:09:53,6846278,6846315,6846315,17115.695,17115.7875,17115.7875,0.060602108016068176,0.000270219818710254,2025-09-12,2025-09-14,2,0.000540439637420508,0.0005404396374137062,2
vueC6BuuuCg,BiC Fizzle-Skraight Up (feat. Big Scarr) [Official Audio],BiC Fizzle,Official Audio,False,2023-11-02 04:00:25,94293,94334,94334,235.73250000000002,235.835,235.835,3.309176236798403,0.021740744275821112,2025-09-12,2025-09-14,2,0.043481488551642224,0.04348148855163884,2
w-Z1U54qy8w,Flyana Boss-Really Really (Lyric Video),Flyana Boss,Lyric Video,False,2023-02-24 05:00:23,74320,74367,74367,185.79999999999998,185.91750000000002,185.91750000000002,3.3446099395366216,0.03162002152852529,2025-09-12,2025-09-14,2,0.06324004305705058,0.06324004305706957,2
w3xRACFvDKA,Flyana Boss-Hot Butter Summertime (First and Only Take),Flyana Boss,Music Content,False,2024-07-26 18:00:37,49677,49761,49761,124.1925,124.4025,124.4025,5.703054367616806,0.08454616824687482,2025-09-12,2025-09-14,2,0.16909233649374963,0.16909233649375605,2
wBqC_xmtfdk,"July 28, 2022",Flyana Boss,Music Content,False,2022-07-28 22:57:28,38132,38136,38136,95.33,95.34,95.34,7.225835163780608,0.0052449386342179796,2025-09-12,2025-09-14,2,0.010489877268435959,0.010489877268441326,2
wHJqblO0Nbs,WINNING #flyanaboss,Flyana Boss,Music Content,False,2023-03-30 21:34:45,36859,36860,36860,92.14750000000001,92.15,92.15,4.6202471555864,0.0013565207954637946,2025-09-12,2025-09-14,2,0.002713041590927589,0.002713041590925121,2
wUyQpOtOfBA,👀👀😍 #hiphop #flyanaboss,Flyana Boss,Music Content,False,2023-05-06 20:15:38,394960,394968,394968,987.4,987.4200000000001,987.4200000000001,5.57519166617363,0.0010127607859023698,2025-09-12,2025-09-14,2,0.0020255215718047396,0.0020255215718144115,2
we7MIUoQAV8,C*NT WALK,Flyana Boss,Music Content,False,2025-06-18 23:08:35,26695,26800,26800,66.7375,67.0,67.0,11.045923687425393,0.19666604233002435,2025-09-12,2025-09-14,2,0.3933320846600487,0.393332084660053,2
wlDDantvVVI,Whatchu know about speed ramping? #flyanaboss #besties,Flyana Boss,Music Content,False,2023-05-01 07:07:46,96169,96172,96172,240.42249999999999,240.43,240.43,4.172797272527713,0.0015597541827408,2025-09-12,2025-09-14,2,0.0031195083654816,0.003119508365490585,2
wl_nj3ZUWAU,BiC Fizzle-Hot Boyy [Official Audio],BiC Fizzle,Official Audio,False,2023-11-02 04:00:30,51614,51674,51674,129.035,129.185,129.185,2.507552546261304,0.058123764869996514,2025-09-12,2025-09-14,2,0.11624752973999303,0.11624752973999743,2
wpO50tzrDYg,USA PRE SALE TOUR TICKETS SIGNUP LINK 🖤 COBRAHCORE.COM,COBRAH,Music Content,False,2023-04-04 15:15:19,21779,21828,21828,54.4475,54.57,54.57,5.48077835603178,0.11249368657881445,2025-09-12,2025-09-14,2,0.2249873731576289,0.22498737315763312,2
wq2bW9gc8xo,"They ask us, Flyana boss y u acting different. #hiphop #boffum #besties",Flyana Boss,Music Content,False,2023-03-15 19:29:45,622828,622832,622832,1557.07,1557.08,1557.08,6.760271663799964,0.00032111594212206257,2025-09-12,2025-09-14,2,0.0006422318842441251,0.0006422318842435411,2
wynMCoXva2k,Candyman Dance #flyanaboss #badalee #kirstendodgen #candymandance Credit: @Nguyenthao16121,Flyana Boss,Music Content,False,2024-06-14 22:27:22,6085,6105,6105,15.2125,15.262500000000001,15.262500000000001,5.9229035564286185,0.16433853738701726,2025-09-12,2025-09-14,2,0.3286770747740345,0.3286770747740392,2
x1AOial0SMk,candyman-Flyanaboss #dance,Flyana Boss,Music Content,False,2024-08-01 02:03:45,10063,10104,10104,25.157500000000002,25.259999999999998,25.259999999999998,5.06770577743431,0.2037165855112789,2025-09-12,2025-09-14,2,0.4074331710225578,0.40743317102254034,2
xBGUJ67fdA0,BiC Fizzle-So Icy Fizzle (feat. Cootie) [Official Music Video],BiC Fizzle,Official Music Video,False,2021-11-30 20:00:30,1111707,1111984,1111984,2779.2675000000004,2779.96,2779.96,1.7080160852617015,0.012458318603732817,2025-09-12,2025-09-14,2,0.024916637207465633,0.0249166372074532,2
xBQhKShPZtI,BiC Fizzle-Shooting Star [Official Audio],BiC Fizzle,Official Audio,False,2023-11-02 04:00:35,45186,45238,45238,112.965,113.095,113.095,2.5889146676869257,0.05753994600097375,2025-09-12,2025-09-14,2,0.1150798920019475,0.11507989200194348,2
xa2p0X_LL_s,How old do you think we are??,Flyana Boss,Music Content,False,2022-08-01 22:05:42,46001,46006,46006,115.0025,115.015,115.015,9.61231213507497,0.005434664463816004,2025-09-12,2025-09-14,2,0.010869328927632009,0.010869328927634479,2
xkv_2nCSEYM,still my lil nutterbutter 💗 #candyman #flyanaboss,Flyana Boss,Music Content,False,2024-06-08 00:28:06,20492,20507,20507,51.230000000000004,51.267500000000005,51.267500000000005,7.966049018687991,0.03659964864337303,2025-09-12,2025-09-14,2,0.07319929728674605,0.07319929728674882,2
xo90agj9UGs,Want it?,COBRAH,Music Content,False,2022-02-14 18:25:55,15848,15862,15862,39.620000000000005,39.655,39.655,6.376538612850322,0.044169611307420496,2025-09-12,2025-09-14,2,0.08833922261484099,0.08833922261483237,2
y4WLyAydl34,BiC Fizzle-Product of the Trenches [Official Audio],BiC Fizzle,Official Audio,False,2023-01-27 05:00:31,38191,38205,38205,95.4775,95.51249999999999,95.51249999999999,2.1467093238854535,0.018328925663114348,2025-09-12,2025-09-14,2,0.036657851326228695,0.03665785132621024,2
y5YVryjVjBY,💁🏾‍♀️💁🏾‍♀️,Flyana Boss,Music Content,False,2023-04-04 19:18:01,47610,47611,47611,119.025,119.02749999999999,119.02749999999999,8.460318628126668,0.0010501995379122034,2025-09-12,2025-09-14,2,0.002100399075824407,0.002100399075810557,2
yDiNhgN16-k,DANCE CANDYMAN-FLYANABOSS,Flyana Boss,Music Content,False,2024-08-05 21:58:42,3990,4009,4009,9.975000000000001,10.0225,10.0225,6.013255888536507,0.2380952380952381,2025-09-12,2025-09-14,2,0.4761904761904762,0.47619047619047045,2
yaNak3VgCXQ,BiC Fizzle-Servin [Official Music Video],BiC Fizzle,Official Music Video,False,2021-12-17 05:00:33,13748192,13763590,13763590,34370.479999999996,34408.975,34408.975,0.9157786295167576,0.056000090775572525,2025-09-12,2025-09-14,2,0.11200018155114505,0.11200018155115268,2
ybCX9fbuVbg,Flyana Boss-Nu Nu (Lyric Video),Flyana Boss,Lyric Video,False,2023-02-24 05:00:27,360992,361131,361131,902.48,902.8274999999999,902.8274999999999,2.490434494035011,0.019252504210619626,2025-09-12,2025-09-14,2,0.03850500842123925,0.038505008421223126,2
ykX8E5JE_Bg,It’s all true. #flyanaboss,Flyana Boss,Music Content,False,2025-07-15 18:25:15,24302,24503,24503,60.754999999999995,61.2575,61.2575,4.511824945776702,0.4135462101884618,2025-09-12,2025-09-14,2,0.8270924203769237,0.8270924203769318,2
z3W40yc09P0,BiC Fizzle-Turnt Sh*t [Official Audio],BiC Fizzle,Official Audio,False,2022-03-24 04:00:16,436027,436173,436173,1090.0674999999999,1090.4325,1090.4325,1.5598487214640757,0.016742082485717628,2025-09-12,2025-09-14,2,0.033484164971435255,0.033484164971436095,2
zZ6Nxyn9QzA,All is we see is green 💸 #flyanaboss #spendit #newmusic,Flyana Boss,Music Content,False,2024-06-16 05:19:01,12350,12360,12360,30.875,30.9,30.9,9.550790718394193,0.04048582995951417,2025-09-12,2025-09-14,2,0.08097165991902834,0.08097165991902373,2
zuw4fXFYiWk,SPEND IT 🤑 OUT NOWWW! #flyanaboss #spendit #besties,Flyana Boss,Music Content,False,2024-06-14 20:33:48,16353,16361,16361,40.88250000000001,40.9025,40.9025,8.45509618331964,0.02446034366782853,2025-09-12,2025-09-14,2,0.04892068733565706,0.04892068733564733,2
