video_id,title,song_title,artist_name,video_type,isrc,has_isrc,published_at,view_count,like_count,comment_count,est_revenue_usd,like_rate,comment_rate,engagement_rate,days_since_publish,views_per_day,metrics_date,fetched_at
yaNak3VgCXQ,BiC Fizzle-Servin [Official Music Video],Servin,BiC Fizzle,Official Music Video,,False,2021-12-17 05:00:33,13763590,124889,1137,34408.975,0.9073868082382576,0.008260926110120978,0.9156477343483785,1366,10075.834553440704,2025-09-14,2025-09-14 03:25:50
9aw1YXo1QQA,BiC Fizzle-Turnt Sh*t [Official Music Video],Turnt Sh*t,BiC Fizzle,Official Music Video,,False,2022-03-25 19:00:03,4577876,59453,666,11444.69,1.298702717155292,0.014548231537944671,1.3132509486932367,1268,3610.312302839117,2025-09-14,2025-09-14 03:25:50
vfmrQGToT28,BiC Fizzle-Dope Fein [Official Video],Dope Fein,BiC Fizzle,Official Music Video,,False,2022-01-07 20:00:29,4334623,48378,582,10836.557499999999,1.1160832210782807,0.013426773216494261,1.129509994294775,1345,3222.768029739777,2025-09-14,2025-09-14 03:25:50
5Tp8bJ59-S0,BiC Fizzle-Changes [Official Music Video],Changes,BiC Fizzle,Official Music Video,,False,2022-02-18 05:00:02,3284062,43803,537,8210.154999999999,1.3338055128070054,0.016351701033658926,1.3501572138406643,1303,2520.3852647735994,2025-09-14,2025-09-14 03:25:50
pSGAFzbVlXo,BiC Fizzle-Clark Street Baby (feat. Big Scarr) [Official Audio],Clark Street Baby (feat. Big Scarr),BiC Fizzle,Official Audio,,False,2021-10-18 04:00:16,3023556,33734,449,7558.89,1.1157061420393735,0.014850063964418056,1.1305562060037915,1426,2120.305750350631,2025-09-14,2025-09-14 03:25:50
RZSQtCm8dyo,BiC Fizzle-CREEPIN [Official Music Video],CREEPIN,BiC Fizzle,Official Music Video,,False,2025-06-27 19:00:33,2963966,43382,586,7409.915,1.4636470188929294,0.019770807087530692,1.48341782598046,78,37999.5641025641,2025-09-14,2025-09-14 03:25:42
HgAvVd6ABtA,BiC Fizzle-Blow the Deposit (feat. Gucci Mane) [Official Music Video],Blow the Deposit (feat. Gucci Mane),BiC Fizzle,Official Music Video,,False,2022-06-17 04:00:09,1729673,36654,603,4324.1825,2.119128875804849,0.034862080867308444,2.1539909566721573,1184,1460.8724662162163,2025-09-14,2025-09-14 03:25:50
oLBF5JM-P3c,BiC Fizzle-Rich Criminals (feat. Cootie & Big 30) [Official Music Video],Rich Criminals (feat. Cootie & Big 30),BiC Fizzle,Official Music Video,,False,2021-10-18 04:00:13,1252147,23450,692,3130.3675,1.8727833073912248,0.05526507670425277,1.9280483840954776,1426,878.0834502103787,2025-09-14,2025-09-14 03:25:50
xBGUJ67fdA0,BiC Fizzle-So Icy Fizzle (feat. Cootie) [Official Music Video],So Icy Fizzle (feat. Cootie),BiC Fizzle,Official Music Video,,False,2021-11-30 20:00:30,1111984,18567,426,2779.96,1.6697182693276162,0.03830990373962215,1.7080281730672384,1383,804.0375994215474,2025-09-14,2025-09-14 03:25:50
Sa_hh4cuS2o,BiC Fizzle x Gwapo-We Got It [Official Video],x Gwapo-We Got It,BiC Fizzle,Official Music Video,,False,2022-09-01 19:00:16,873693,21010,230,2184.2325,2.4047348439325944,0.026325036368610024,2.4310598803012042,1108,788.5315884476535,2025-09-14,2025-09-14 03:25:50
DaFrOHJkCDg,#ThrowBackThursday 1017 4 A Reason🏆 “BLOW THE DEPOSIT” w/ Gucci Mane,#ThrowBackThursday 1017 4 A Reason🏆 “BLOW THE DEPOSIT” w/ Gucci Mane,BiC Fizzle,Music Content,,False,2022-08-04 15:00:10,870527,38598,828,2176.3175,4.433865922596312,0.09511479827736533,4.528980720873678,1136,766.3089788732394,2025-09-14,2025-09-14 03:25:50
NESZwtElTWU,BiC Fizzle-Older Times [Official Music Video],Older Times,BiC Fizzle,Official Music Video,,False,2024-03-20 22:00:07,681154,10420,194,1702.885,1.529756853809858,0.028481077700490635,1.5582379315103487,542,1256.7416974169741,2025-09-14,2025-09-14 03:25:42
kdrNxgwMPds,BiC Fizzle-Check (feat. Big Yavo) [Official Music Video],Check (feat. Big Yavo),BiC Fizzle,Official Music Video,,False,2023-01-06 05:00:09,667490,14883,278,1668.725,2.2296963250385775,0.04164856402343106,2.2713448890620085,981,680.4179408766564,2025-09-14,2025-09-14 03:25:50
uA22ODmD-Ws,BiC Fizzle-B.A.N. [Official Music Video],B.A.N.,BiC Fizzle,Official Music Video,,False,2022-08-24 04:00:10,585600,13429,281,1464.0,2.293203551912568,0.047984972677595626,2.341188524590164,1116,524.7311827956989,2025-09-14,2025-09-14 03:25:50
Mh0M0-jcgDI,BiC Fizzle-Cruise Control [Official Music Video],Cruise Control,BiC Fizzle,Official Music Video,,False,2023-08-09 16:00:08,572140,11291,188,1430.35,1.9734680322997868,0.03285909043241165,2.0063271227321984,766,746.9190600522193,2025-09-14,2025-09-14 03:25:42
MlLx_pzaxfY,BiC Fizzle-Sno Cone (feat. Quavo & Gucci Mane [Official Audio],Sno Cone (feat. Quavo & Gucci Mane,BiC Fizzle,Official Audio,,False,2021-10-15 04:00:13,562509,12326,255,1406.2725,2.1912538288276275,0.04533260801160515,2.2365864368392327,1429,393.63820853743874,2025-09-14,2025-09-14 03:25:50
qWkmQW0WdaM,BiC Fizzle-Mr. Bigg (feat. BIG30 & Cootie) [Official Video],Mr. Bigg (feat. BIG30 & Cootie),BiC Fizzle,Official Music Video,,False,2023-08-03 19:00:19,537266,14439,248,1343.165,2.687495579470877,0.04615963042515253,2.733655209896029,772,695.9404145077721,2025-09-14,2025-09-14 03:25:42
oMHkTpOTBKI,BiC Fizzle-Never A Dream (Freestyle),Never A Dream (Freestyle),BiC Fizzle,Music Content,,False,2021-08-25 22:13:33,490748,15614,472,1226.87,3.181673689959001,0.09617970934165804,3.277853399300659,1480,331.5864864864865,2025-09-14,2025-09-14 03:25:50
Y_UsTB_Uxug,BiC Fizzle-Last Nite [Official Music Video],Last Nite,BiC Fizzle,Official Music Video,,False,2024-07-17 22:00:14,468211,8735,187,1170.5275000000001,1.8656118715707235,0.03993925815497714,1.9055511297257006,423,1106.8817966903073,2025-09-14,2025-09-14 03:25:42
z3W40yc09P0,BiC Fizzle-Turnt Sh*t [Official Audio],Turnt Sh*t,BiC Fizzle,Official Audio,,False,2022-03-24 04:00:16,436173,6635,167,1090.4325,1.521185401205485,0.0382875602112006,1.5594729614166856,1269,343.7139479905437,2025-09-14,2025-09-14 03:25:50
IEvpLvHKEz0,BiC Fizzle-Mo Money [Official Audio],Mo Money,BiC Fizzle,Official Audio,,False,2021-10-15 04:00:06,424610,7504,164,1061.525,1.7672687878288313,0.038623678198817735,1.805892466027649,1429,297.13785864240725,2025-09-14,2025-09-14 03:25:50
uIzeP71NPwQ,BiC Fizzle-Chief [Official Music Video],Chief,BiC Fizzle,Official Music Video,,False,2022-10-17 16:00:08,399551,10138,195,998.8774999999999,2.5373481733245566,0.048804783369332076,2.586152956693889,1062,376.22504708097927,2025-09-14,2025-09-14 03:25:50
sMVtI3BBpAM,BiC Fizzle-Knowing (feat. BigWalkDog) [Official Music Video],Knowing (feat. BigWalkDog),BiC Fizzle,Official Music Video,,False,2023-08-24 16:00:41,390192,9360,224,975.48,2.3988190429327103,0.057407635215483664,2.456226678148194,751,519.5632490013315,2025-09-14,2025-09-14 03:25:42
5Y8f7FpAF2Y,BiC Fizzle-Legend (feat. Cootie & 1KJizzle) [Official Audio],Legend (feat. Cootie & 1KJizzle),BiC Fizzle,Official Audio,,False,2023-01-27 05:00:05,350822,6043,88,877.0550000000001,1.7225259533324593,0.025083945704659345,1.7476098990371187,960,365.43958333333336,2025-09-14,2025-09-14 03:25:50
pSPryuOsTdc,BiC Fizzle-Ndrangheta (feat. Sett) [Official Music Video],Ndrangheta (feat. Sett),BiC Fizzle,Official Music Video,,False,2023-11-02 04:00:09,336313,6439,149,840.7825,1.9145855200363948,0.044303966840413544,1.9588894868768083,681,493.85168869309837,2025-09-14,2025-09-14 03:25:42
MUoVKRW8hNs,BiC Fizzle-Where U From [Official Music Video],Where U From,BiC Fizzle,Official Music Video,,False,2023-01-27 05:17:55,330130,8958,232,825.325,2.7134765092539306,0.07027534607578832,2.7837518553297187,960,343.8854166666667,2025-09-14,2025-09-14 03:25:42
mkNzCJRnvrg,BiC Fizzle-Get Down Gang (feat. Li Rye) [Official Music Video],Get Down Gang (feat. Li Rye),BiC Fizzle,Official Music Video,,False,2023-01-24 19:26:59,294713,7465,172,736.7825,2.5329727565461995,0.058361863915063136,2.5913346204612626,963,306.0363447559709,2025-09-14,2025-09-14 03:25:50
XxIuSr7ZkDQ,BiC Fizzle-Reminded Myself (feat. KATO2X) [Official Music Video],Reminded Myself (feat. KATO2X),BiC Fizzle,Official Music Video,,False,2023-02-02 23:00:18,291374,6162,123,728.4350000000001,2.1148077728280494,0.04221378709150439,2.1570215599195537,954,305.42348008385744,2025-09-14,2025-09-14 03:25:42
PwSzCWsFEtc,BiC Fizzle-Can't Go Broke [Official Audio],Can't Go Broke,BiC Fizzle,Official Audio,,False,2023-01-27 05:00:09,279176,5062,67,697.9399999999999,1.813193111155687,0.02399919763876551,1.8371923087944524,960,290.80833333333334,2025-09-14,2025-09-14 03:25:42
sJT3rqXN7Sg,BiC Fizzle-Clarity [Official Music Video],Clarity,BiC Fizzle,Official Music Video,,False,2023-09-25 17:00:39,230758,4664,90,576.895,2.0211650300314616,0.03900189809237383,2.0601669281238353,719,320.94297635605005,2025-09-14,2025-09-14 03:25:42
Drxn6eYRg4Y,BiC Fizzle-Ride Fa Mine (feat. Lg Malique) [Official Music Video],Ride Fa Mine (feat. Lg Malique),BiC Fizzle,Official Music Video,,False,2023-04-17 16:00:12,220754,6005,130,551.885,2.7202225101243918,0.05888908015256802,2.7791115902769596,880,250.85681818181817,2025-09-14,2025-09-14 03:25:42
__otVttRX_o,BiC Fizzle-All The Way Up [Official Music Video],All The Way Up,BiC Fizzle,Official Music Video,,False,2023-07-27 04:00:12,206896,5631,101,517.24,2.7216572577526876,0.048816796844791586,2.770474054597479,779,265.59178433889605,2025-09-14,2025-09-14 03:25:42
e-SyAR0timo,BiC Fizzle-Pressure (feat. PME JayBee) [Official Music Video],Pressure (feat. PME JayBee),BiC Fizzle,Official Music Video,,False,2023-11-22 20:00:08,197986,5077,106,494.965,2.564322729889992,0.05353913913104967,2.617861869021042,661,299.5249621785174,2025-09-14,2025-09-14 03:25:42
bisPUK4VANg,BiC Fizzle -  First Day [Official Audio],First Day,BiC Fizzle,Official Audio,,False,2024-05-02 20:00:23,189663,4507,154,474.1575,2.3763201046065916,0.08119664879285891,2.4575167533994504,499,380.0861723446894,2025-09-14,2025-09-14 03:25:42
UzfCQ0jjYc0,BiC Fizzle-On God (feat. Gucci Mane & Cootie) [Official Audio],On God (feat. Gucci Mane & Cootie),BiC Fizzle,Official Audio,,False,2021-09-01 04:00:18,188945,5264,139,472.36249999999995,2.785995924740004,0.07356638175130328,2.8595623064913074,1473,128.27223353699932,2025-09-14,2025-09-14 03:25:50
Wac3ngpEaNY,BiC Fizzle-Born Winner [Official Music Video],Born Winner,BiC Fizzle,Official Music Video,,False,2025-02-09 17:00:20,172672,3698,131,431.68,2.1416326908821346,0.07586638250555967,2.2174990733876943,216,799.4074074074074,2025-09-14,2025-09-14 03:25:42
ateZYgF0it4,BiC Fizzle-Tunnel Vision [Official Audio],Tunnel Vision,BiC Fizzle,Official Audio,,False,2021-10-18 04:00:01,160568,3356,72,401.42,2.0900802152359126,0.044840815106372375,2.134921030342285,1426,112.60028050490884,2025-09-14,2025-09-14 03:25:50
CP_YZdD7jxc,BiC Fizzle-Coke Flow (feat. Cootie) [Official Music Video],Coke Flow (feat. Cootie),BiC Fizzle,Official Music Video,,False,2024-08-08 22:00:07,153799,4690,105,384.4975,3.0494346517207527,0.06827092503852432,3.117705576759277,401,383.53865336658356,2025-09-14,2025-09-14 03:25:42
MZn3WKjxsXY,BiC Fizzle-Both (Freestyle),Both (Freestyle),BiC Fizzle,Music Content,,False,2023-01-23 23:00:19,135505,5269,152,338.7625,3.8884174015718975,0.1121729825467695,4.000590384118667,964,140.56535269709545,2025-09-14,2025-09-14 03:25:50
QPIvYHbkwI0,BiC Fizzle-Soulja Talk [Official Music Video],Soulja Talk,BiC Fizzle,Official Music Video,,False,2023-10-05 22:00:15,133867,3460,69,334.66749999999996,2.5846549186879515,0.05154369635533776,2.6361986150432895,709,188.81100141043723,2025-09-14,2025-09-14 03:25:42
7KNGLjfxzak,BiC Fizzle-Both Ways (feat. No Cap) [Official Audio],Both Ways (feat. No Cap),BiC Fizzle,Official Audio,,False,2023-01-27 05:00:02,129459,3291,48,323.64750000000004,2.54211758162816,0.03707737584872431,2.579194957476884,960,134.853125,2025-09-14,2025-09-14 03:25:50
K908hUhWcXQ,BiC Fizzle-Voices [Official Music Video],Voices,BiC Fizzle,Official Music Video,,False,2023-10-30 22:00:10,126129,3338,75,315.3225,2.646496840536276,0.05946293080893371,2.70595977134521,684,184.39912280701753,2025-09-14,2025-09-14 03:25:42
mh7QcuggbmA,BiC Fizzle-So Icy Fizzle (feat. Cootie) [Official Audio],So Icy Fizzle (feat. Cootie),BiC Fizzle,Official Audio,,False,2021-10-18 04:00:15,115810,2557,74,289.525,2.2079267766168726,0.06389776357827476,2.2718245401951473,1426,81.21318373071529,2025-09-14,2025-09-14 03:25:50
hijS2cBWITA,BiC Fizzle-No Tomorrow [Official Audio],No Tomorrow,BiC Fizzle,Official Audio,,False,2023-01-27 05:00:31,114334,2386,29,285.83500000000004,2.0868682981440343,0.025364283590183147,2.1122325817342174,960,119.09791666666666,2025-09-14,2025-09-14 03:25:42
X-iMIBo1WUY,BiC Fizzle-Stay With Me [Official Music Video],Stay With Me,BiC Fizzle,Official Music Video,,False,2024-09-09 22:00:07,109390,3160,102,273.475,2.888746686168754,0.0932443550598775,2.9819910412286315,369,296.449864498645,2025-09-14,2025-09-14 03:25:42
iyhK8womAeI,BiC Fizzle-Part 1 [Official Music Video],Part 1,BiC Fizzle,Official Music Video,,False,2025-05-16 23:02:02,103417,2001,75,258.5425,1.9348849802256884,0.07252192579556553,2.007406906021254,120,861.8083333333333,2025-09-14,2025-09-14 03:25:42
vueC6BuuuCg,BiC Fizzle-Skraight Up (feat. Big Scarr) [Official Audio],Skraight Up (feat. Big Scarr),BiC Fizzle,Official Audio,,False,2023-11-02 04:00:25,94334,3006,116,235.835,3.1865499183751353,0.12296732885279964,3.309517247227935,681,138.52276064610865,2025-09-14,2025-09-14 03:25:42
EDEG7QA18Nc,BiC Fizzle-Stable [Official Audio],Stable,BiC Fizzle,Official Audio,,False,2023-11-02 04:00:09,91396,1713,33,228.49,1.8742614556435728,0.03610661298087444,1.9103680686244473,681,134.208516886931,2025-09-14,2025-09-14 03:25:42
jLRL_3RoJjY,BiC Fizzle-Don't Panic [Official Audio],Don't Panic,BiC Fizzle,Official Audio,,False,2023-01-27 05:00:18,85857,1723,23,214.64249999999998,2.006825302537941,0.026788730097720627,2.0336140326356618,960,89.434375,2025-09-14,2025-09-14 03:25:42
B2fbBMiImtk,BiC Fizzle-Just Got Started [Official Audio],Just Got Started,BiC Fizzle,Official Audio,,False,2023-01-27 05:00:06,77558,1812,27,193.895,2.3363160473452127,0.03481265633461409,2.371128703679827,960,80.78958333333334,2025-09-14,2025-09-14 03:25:42
0Yu63kuif6M,BiC Fizzle-Reminded Myself (feat. KATO2X) [Official Audio],Reminded Myself (feat. KATO2X),BiC Fizzle,Official Audio,,False,2023-01-27 05:00:00,73534,1820,44,183.835,2.4750455571572334,0.059836266216988065,2.5348818233742216,960,76.59791666666666,2025-09-14,2025-09-14 03:25:50
IRSnlajWOpY,All the plugs skedd to front me so I gotta hit my cousinnn 🥶🥶🥶 #1Klan #1017,All the plugs skedd to front me so I gotta hit my cousinnn 🥶🥶🥶 #1Klan #1017,BiC Fizzle,Music Content,,False,2022-10-03 17:30:03,72895,4141,208,182.23749999999998,5.680773715618355,0.28534193017353726,5.966115645791892,1076,67.74628252788104,2025-09-14,2025-09-14 03:25:50
I-vocLNxNqI,BiC Fizzle-Fish Scale (feat.Sett) [Official Audio],Fish Scale (feat.Sett),BiC Fizzle,Official Audio,,False,2023-11-02 04:00:07,64970,1288,32,162.425,1.9824534400492537,0.04925350161613053,2.031706941665384,681,95.40381791483114,2025-09-14,2025-09-14 03:25:42
wl_nj3ZUWAU,BiC Fizzle-Hot Boyy [Official Audio],Hot Boyy,BiC Fizzle,Official Audio,,False,2023-11-02 04:00:30,51674,1274,21,129.185,2.4654565158493633,0.0406393931183961,2.5060959089677595,681,75.87958883994126,2025-09-14,2025-09-14 03:25:42
HvrRUADDUlk,CRAZIEST thing I Ever did in High School….,CRAZIEST thing I Ever did in High School….,BiC Fizzle,Music Content,,False,2022-08-09 14:00:16,50615,1738,64,126.53750000000001,3.4337646942605944,0.12644472982317495,3.5602094240837694,1131,44.752431476569406,2025-09-14,2025-09-14 03:25:50
aTfhJthvEyk,BiC Fizzle-Pressure (feat. PME JayBee) [Official Audio],Pressure (feat. PME JayBee),BiC Fizzle,Official Audio,,False,2023-11-02 04:00:00,50419,1143,33,126.04749999999999,2.2670025188916876,0.0654515162934608,2.3324540351851484,681,74.0367107195301,2025-09-14,2025-09-14 03:25:42
Z7aG_ZGG76w,BiC Fizzle-I See You [Official Audio],I See You,BiC Fizzle,Official Audio,,False,2023-01-27 05:00:23,49622,1203,23,124.055,2.4243279190681553,0.04635040909274112,2.470678328160896,960,51.68958333333333,2025-09-14,2025-09-14 03:25:42
FQ7oPG8aKIU,Himiah northern 🥶#hourpost#projectcominsoon🥶#CHOSEN1k,Himiah northern 🥶#hourpost#projectcominsoon🥶#CHOSEN1k,BiC Fizzle,Music Content,,False,2022-11-14 18:18:09,48181,2660,64,120.45249999999999,5.520848467238123,0.13283244432452626,5.653680911562649,1034,46.59671179883946,2025-09-14,2025-09-14 03:25:50
xBQhKShPZtI,BiC Fizzle-Shooting Star [Official Audio],Shooting Star,BiC Fizzle,Official Audio,,False,2023-11-02 04:00:35,45238,1148,23,113.095,2.537689553030638,0.05084221229939432,2.5885317653300324,681,66.4287812041116,2025-09-14,2025-09-14 03:25:42
FEacgFzDlRM,BiC Fizzle-Hustle Music [Official Audio],Hustle Music,BiC Fizzle,Official Audio,,False,2025-07-02 19:00:24,43609,1391,47,109.02250000000001,3.1897085464009725,0.1077759178151299,3.2974844642161023,73,597.3835616438356,2025-09-14,2025-09-14 03:25:42
fN8Cflmmd20,BiC Fizzle-Loaded [Official Audio],Loaded,BiC Fizzle,Official Audio,,False,2023-11-02 04:00:19,41820,1091,19,104.55,2.608799617407939,0.04543280726924916,2.654232424677188,681,61.409691629955944,2025-09-14,2025-09-14 03:25:42
U3H96Enx7go,BiC Fizzle-Church [Official Music Video],Church,BiC Fizzle,Official Music Video,,False,2025-07-11 14:00:49,38253,1589,66,95.6325,4.153922568164589,0.17253548741275193,4.326458055577341,64,597.703125,2025-09-14,2025-09-14 03:25:42
y4WLyAydl34,BiC Fizzle-Product of the Trenches [Official Audio],Product of the Trenches,BiC Fizzle,Official Audio,,False,2023-01-27 05:00:31,38205,789,31,95.51249999999999,2.065174715351394,0.08114121188326136,2.1463159272346553,960,39.796875,2025-09-14,2025-09-14 03:25:42
F1-eP2GrmWU,BiC Fizzle-Story [Official Audio],Story,BiC Fizzle,Official Audio,,False,2023-01-27 05:00:06,37878,1067,29,94.695,2.8169385923227206,0.0765615924811236,2.893500184803844,960,39.45625,2025-09-14,2025-09-14 03:25:50
_9diu65NJMU,#BiCFizzle #GucciMane #BlowTheDeposit  OUT NOW!! #1017 #1K4L,#BiCFizzle #GucciMane #BlowTheDeposit OUT NOW!! #1017 #1K4L,BiC Fizzle,Music Content,,False,2022-07-13 15:00:30,32102,1157,19,80.255,3.6041368139056758,0.059186343529998124,3.663323157435674,1158,27.721934369602764,2025-09-14,2025-09-14 03:25:50
1P6FgxsgJz4,BiC Fizzle-Get Down Gang (feat. Li Rye) [Official Audio],Get Down Gang (feat. Li Rye),BiC Fizzle,Official Audio,,False,2023-01-24 17:00:01,29859,1112,41,74.64750000000001,3.7241702669211967,0.13731203322281388,3.8614823001440106,963,31.006230529595015,2025-09-14,2025-09-14 03:25:50
ShBPDQOksPU,BiC Fizzle-Where U From [Official Audio],Where U From,BiC Fizzle,Official Audio,,False,2023-01-27 05:00:11,29645,657,17,74.1125,2.21622533310845,0.05734525215044695,2.2735705852588968,960,30.880208333333332,2025-09-14,2025-09-14 03:25:42
AhGX1SNLdr8,BiC Fizzle-Pink Tab [Official Audio],Pink Tab,BiC Fizzle,Official Audio,,False,2023-11-02 04:00:05,28435,579,7,71.08749999999999,2.0362229646562335,0.024617548795498507,2.060840513451732,681,41.754772393538914,2025-09-14,2025-09-14 03:25:42
6WBDGTzTA6g,#tbt 2 When Gucci Signed me now we #BLOWTHEDEPOSIT 🥶🥶 #fyp #bicfizzle #1017 #guccimane,#tbt 2 When Gucci Signed me now we #BLOWTHEDEPOSIT 🥶🥶 #fyp #bicfizzle #1017 #guccimane,BiC Fizzle,Music Content,,False,2022-07-29 14:00:04,27712,1113,35,69.28,4.016310623556582,0.12629907621247113,4.142609699769054,1142,24.266199649737302,2025-09-14,2025-09-14 03:25:50
fsFz8XlcmaQ,BiC Fizzle-Forever Klan [Official Audio],Forever Klan,BiC Fizzle,Official Audio,,False,2023-11-02 04:00:31,26652,679,13,66.63,2.5476512081644906,0.048776827254990246,2.596428035419481,681,39.136563876651984,2025-09-14,2025-09-14 03:25:42
M6V78kMwmbU,BiC Fizzle-Voices [Official Audio],Voices,BiC Fizzle,Official Audio,,False,2023-10-18 22:00:23,26598,1260,37,66.495,4.737198285585382,0.13910820362433265,4.876306489209715,696,38.21551724137931,2025-09-14,2025-09-14 03:25:42
Kuj0fDH38W0,My Biggest Turnoff is….,My Biggest Turnoff is….,BiC Fizzle,Music Content,,False,2022-07-22 16:00:22,26355,969,29,65.8875,3.676721684689812,0.11003604629102635,3.7867577309808382,1149,22.93733681462141,2025-09-14,2025-09-14 03:25:50
6AO1adbJrfI,Up fa ah couple hours just here to let y’all know the Tape coming out this month stay tuned 🥶,Up fa ah couple hours just here to let y’all know the Tape coming out this month stay tuned 🥶,BiC Fizzle,Music Content,,False,2023-01-14 01:12:41,25599,1622,83,63.9975,6.336185007226845,0.3242314152896597,6.660416422516505,973,26.309352517985612,2025-09-14,2025-09-14 03:25:50
8-8v-DTb7Yk,BiC Fizzle-Die [Official Audio],Die,BiC Fizzle,Official Audio,,False,2023-01-27 05:00:03,24615,772,20,61.537499999999994,3.1362990046719483,0.08125126955108673,3.217550274223035,960,25.640625,2025-09-14,2025-09-14 03:25:50
lyQNjTla41g,🖕🏾 Wat Ya Heard,🖕🏾 Wat Ya Heard,BiC Fizzle,Music Content,,False,2022-08-12 14:00:34,22555,1584,37,56.3875,7.0228330747062735,0.164043449346043,7.186876524052317,1128,19.995567375886523,2025-09-14,2025-09-14 03:25:50
rNNEIEDFm0Y,yall ready? 🔥,yall ready? 🔥,BiC Fizzle,Music Content,,False,2023-01-17 17:00:36,20443,758,33,51.1075,3.7078706647752284,0.16142444846646775,3.869295113241696,970,21.075257731958764,2025-09-14,2025-09-14 03:25:50
K2txaqXNO34,Chosen 1K two days away..Long Live Big Scarr 🖤,Chosen 1K two days away..Long Live Big Scarr 🖤,BiC Fizzle,Live Performance,,False,2023-10-31 19:05:14,18430,1063,25,46.075,5.767769940314704,0.13564839934888767,5.903418339663592,683,26.98389458272328,2025-09-14,2025-09-14 03:25:42
UNIggpXg8ME,🥶🥶🥶,🥶🥶🥶,BiC Fizzle,Music Content,,False,2022-08-22 03:46:49,17401,490,12,43.5025,2.8159301189586805,0.06896155393368197,2.8848916728923624,1118,15.564400715563506,2025-09-14,2025-09-14 03:25:50
szOm8GYC3Ew,BiC Fizzle-Stay With Me [Official Audio],Stay With Me,BiC Fizzle,Official Audio,,False,2024-09-04 22:00:39,16252,854,36,40.629999999999995,5.254737878414964,0.22151119862170812,5.476249077036672,374,43.45454545454545,2025-09-14,2025-09-14 03:25:42
50W61GJ-4wk,FIZZLE ‼️‼️‼️,FIZZLE ‼️‼️‼️,BiC Fizzle,Music Content,,False,2023-01-18 17:00:02,13245,668,19,33.1125,5.043412608531521,0.14345035862589656,5.186862967157418,969,13.6687306501548,2025-09-14,2025-09-14 03:25:50
IoyA-oqCqtc,BiC Fizzle-Intro [Official Audio],Intro,BiC Fizzle,Official Audio,,False,2023-11-02 04:00:08,12972,348,22,32.43,2.682701202590194,0.16959605303731112,2.8522972556275055,681,19.048458149779737,2025-09-14,2025-09-14 03:25:42
MiIthSrugko,#TurntShit #1017 #BiCFizzle,#TurntShit #1017 #BiCFizzle,BiC Fizzle,Music Content,,False,2022-07-20 15:00:19,10984,474,4,27.46,4.31536780772032,0.03641660597232338,4.351784413692643,1151,9.543006081668114,2025-09-14,2025-09-14 03:25:50
Yis7gQDATt8,“TURNT SHIT” OUT NOW 🥶🥶 #TurntShit #1Klan #BicFizzle #fyp #1017,“TURNT SHIT” OUT NOW 🥶🥶 #TurntShit #1Klan #BicFizzle #fyp #1017,BiC Fizzle,Music Content,,False,2022-07-06 15:00:19,10718,521,12,26.795,4.86098152640418,0.11196118678857997,4.97294271319276,1165,9.2,2025-09-14,2025-09-14 03:25:50
ENCpxXzmmyc,New music OTW #Clarkstbaby#1K4L#klanbussiness,New music OTW #Clarkstbaby#1K4L#klanbussiness,BiC Fizzle,Music Content,,False,2023-01-16 23:07:45,9769,336,14,24.4225,3.439451325621865,0.14331047190091104,3.582761797522776,971,10.06076210092688,2025-09-14,2025-09-14 03:25:50
eXPry_3HTps,OUT NOW 🥶🥶🥶!! #1017 #1Klan #1K4L,OUT NOW 🥶🥶🥶!! #1017 #1Klan #1K4L,BiC Fizzle,Music Content,,False,2022-07-01 16:00:27,8332,494,11,20.830000000000002,5.928948631781085,0.13202112337974076,6.060969755160826,1170,7.121367521367521,2025-09-14,2025-09-14 03:25:50
XceA8E5Sgiw,BiC Fizzle-Outro [Official Audio],Outro,BiC Fizzle,Official Audio,,False,2023-01-27 05:00:16,7350,67,3,18.375,0.91156462585034,0.04081632653061225,0.9523809523809523,960,7.65625,2025-09-14,2025-09-14 03:25:42
-goVrED-olQ,#BiCFizzle #TurntShit OUT NOW!!,#BiCFizzle #TurntShit OUT NOW!!,BiC Fizzle,Music Content,,False,2022-07-08 16:00:00,7313,423,12,18.2825,5.784219882401204,0.16409134418159443,5.948311226582798,1163,6.28804815133276,2025-09-14,2025-09-14 03:25:50
uO5-0VjYHTM,#1017 #BiCFizzle #TurntShit,#1017 #BiCFizzle #TurntShit,BiC Fizzle,Music Content,,False,2022-07-15 16:00:39,7108,414,4,17.77,5.8244231851435,0.056274620146314014,5.880697805289814,1156,6.14878892733564,2025-09-14,2025-09-14 03:25:50
d8B---x6Mhg,BiC Fizzle-Hold Me Down [Official Audio],Hold Me Down,BiC Fizzle,Official Audio,,False,2025-07-27 19:00:33,6441,347,17,16.1025,5.387362210836827,0.26393417171246697,5.651296382549294,48,134.1875,2025-09-14,2025-09-14 03:25:42
cw0lHW-QirU,BiC Fizzle-Outro [Official Audio],Outro,BiC Fizzle,Official Audio,,False,2023-11-02 04:00:15,6296,186,8,15.74,2.95425667090216,0.12706480304955528,3.081321473951715,681,9.245227606461087,2025-09-14,2025-09-14 03:25:42
cN1gKpUIyFI,“Creepin” Out now link in my bio  #riskmademe #7/11,“Creepin” Out now link in my bio #riskmademe #7/11,BiC Fizzle,Music Content,,False,2025-06-27 19:36:49,5285,283,12,13.2125,5.354777672658467,0.2270577105014191,5.581835383159886,78,67.75641025641026,2025-09-14,2025-09-14 03:25:42
g5a-28doS2s,BiC Fizzle-Soulja Talk [Official Music Video],Soulja Talk,BiC Fizzle,Official Music Video,,False,2023-10-12 19:00:30,4410,286,4,11.025,6.485260770975057,0.09070294784580499,6.575963718820862,702,6.282051282051282,2025-09-14,2025-09-14 03:25:42
C3z7cV8vwY4,I got bills paid @ 17 like josh Allen🗣️,I got bills paid @ 17 like josh Allen🗣️,BiC Fizzle,Music Content,,False,2024-06-30 03:54:27,3972,197,14,9.93,4.959718026183283,0.35246727089627394,5.312185297079557,440,9.027272727272727,2025-09-14,2025-09-14 03:25:42
4tXPBa1sDlM,My new project CHOSEN 1K drop 11/2 hope y’all waiting to hear from me I love all my supporters ❤️❤️,My new project CHOSEN 1K drop 11/2 hope y’all waiting to hear from me I love all my supporters ❤️❤️,BiC Fizzle,Music Content,,False,2023-10-27 20:41:17,3769,210,26,9.4225,5.571769700185725,0.689838153356328,6.261607853542053,687,5.486171761280931,2025-09-14,2025-09-14 03:25:42
aZ1g3zSLVPo,BiC Fizzle-GTM [Official Music Video],GTM,BiC Fizzle,Official Music Video,,False,2025-09-12 19:00:03,3584,331,20,8.96,9.235491071428571,0.5580357142857143,9.793526785714285,1,3584.0,2025-09-14,2025-09-14 03:25:42
YtvC06AgrlU,COBRAH-SUCK (Official Music Video),SUCK,COBRAH,Official Music Video,,False,2023-06-16 17:00:06,10563064,44101,1234,26407.66,0.4175019672322349,0.011682216447803402,0.42918418368003836,820,12881.785365853659,2025-09-14,2025-09-14 03:25:58
iEL5yL4aThc,COBRAH-GOOD PUSS (Official Music Video),GOOD PUSS,COBRAH,Official Music Video,,False,2021-07-22 16:00:09,4144125,87212,2742,10360.3125,2.104473200012065,0.06616595783187042,2.1706391578439357,1514,2737.2027741083225,2025-09-14,2025-09-14 03:26:07
ijfvBM6jeRo,COBRAH-BRAND NEW BITCH (Official Rebirth Video),BRAND NEW BITCH (Official Rebirth Video),COBRAH,Music Content,,False,2022-09-09 17:00:10,1350935,35580,824,3377.3374999999996,2.633731452660565,0.06099479249556789,2.694726245156133,1100,1228.1227272727272,2025-09-14,2025-09-14 03:25:58
ggv9UO-CLug,COBRAH-FEMININE ENERGY (Official Music Video),FEMININE ENERGY,COBRAH,Official Music Video,,False,2023-09-08 04:00:09,1161973,21318,428,2904.9325,1.8346381542428267,0.03683390233680128,1.871472056579628,736,1578.7676630434783,2025-09-14,2025-09-14 03:25:58
_vVTl-uWAwo,COBRAH-DIP N DRIP,DIP N DRIP,COBRAH,Music Content,,False,2021-02-21 14:58:02,1018605,19434,373,2546.5125,1.9079034561974466,0.036618708920533476,1.94452216511798,1665,611.7747747747748,2025-09-14,2025-09-14 03:26:07
6sg8vCZEqtk,COBRAH-Good PusS feat. cupcakKe (Official Visualizer),Good PusS feat. cupcakKe (Official ),COBRAH,Visualizer,,False,2022-02-23 05:00:08,682143,19604,608,1705.3575,2.873884214893358,0.08913087138620494,2.963015086279563,1298,525.5338983050848,2025-09-14,2025-09-14 03:25:58
H9mxcexSkBA,COBRAH -  IDFKA (Official Video),IDFKA,COBRAH,Official Music Video,,False,2018-11-02 06:59:38,608236,12175,256,1520.59,2.0016901334350483,0.042088926008983354,2.0437790594440317,2507,242.61507778220982,2025-09-14,2025-09-14 03:26:07
WqUxQBBPRi4,COBRAH-Record Deal (Official Visualizer),Record Deal (Official ),COBRAH,Visualizer,,False,2024-10-25 14:55:26,536370,11730,355,1340.925,2.186923205995861,0.06618565542442716,2.253108861420288,323,1660.5882352941176,2025-09-14,2025-09-14 03:25:58
N1dnK0HHBUk,COBRAH-BRAND NEW BITCH (Official Audio),BRAND NEW BITCH,COBRAH,Official Audio,,False,2022-06-22 04:00:10,524397,13014,375,1310.9925,2.481707561256071,0.07151070658298961,2.5532182678390605,1179,444.7811704834606,2025-09-14,2025-09-14 03:25:58
W4afJY4ygus,COBRAH-MANIC (Official Music Video),MANIC,COBRAH,Official Music Video,,False,2023-08-11 17:00:06,424619,10568,339,1061.5475000000001,2.488819388675495,0.07983627675633921,2.568655665431834,764,555.7840314136125,2025-09-14,2025-09-14 03:25:58
TbP9fd9aOko,COBRAH-ACTIVATE (Official Audio),ACTIVATE,COBRAH,Official Audio,,False,2023-10-13 04:00:12,420834,4787,138,1052.085,1.1375031485098637,0.03279202726015484,1.1702951757700184,701,600.3338088445079,2025-09-14,2025-09-14 03:25:58
LvWYkR-J1XQ,COBRAH-BAD POSITION (Official Audio),BAD POSITION,COBRAH,Official Audio,,False,2023-10-13 04:00:12,360337,5280,131,900.8425,1.4652949877475807,0.03635485670358581,1.5016498444511666,701,514.0328102710414,2025-09-14,2025-09-14 03:25:58
vDfQ5G7Q6IY,COBRAH-GLUE (Official Video),GLUE,COBRAH,Official Music Video,,False,2019-04-05 07:23:21,271287,6938,172,678.2175,2.5574391695879273,0.06340148993501347,2.6208406595229405,2353,115.29409264768381,2025-09-14,2025-09-14 03:26:07
qCruXoSRaJE,COBRAH-10/10 (Official Audio),10/10,COBRAH,Official Audio,,False,2023-10-13 04:00:24,246930,4323,112,617.325,1.7506985785445268,0.04535698376057992,1.7960555623051067,701,352.25392296718974,2025-09-14,2025-09-14 03:25:58
i6h271WIm1g,COBRAH-TEQUILA (Official Audio),TEQUILA,COBRAH,Official Audio,,False,2023-10-13 04:00:33,227119,4466,109,567.7975,1.9663700527036487,0.04799246210136537,2.014362514805014,701,323.99286733238233,2025-09-14,2025-09-14 03:25:58
4FGNJC-cXgY,"COBRAH, VTSS, & MCR-T-T*TS, LIPS, HIPS, KISS (10/10 Remix) {Official Audio}",", VTSS, & MCR-T-T*TS, LIPS, HIPS, KISS (10/10 ) {}",COBRAH,Official Audio,,False,2024-07-12 04:00:02,136253,3095,96,340.63249999999994,2.2715096181368484,0.07045716424592487,2.3419667823827734,428,318.3481308411215,2025-09-14,2025-09-14 03:25:58
01Xe4ZL4EEA,COBRAH & Only Fire-SWEAT IT OUT (TEQUILA Remix) [Official Audio],& Only Fire-SWEAT IT OUT (TEQUILA ),COBRAH,Official Audio,,False,2024-07-26 04:00:00,92364,1608,33,230.91000000000003,1.7409380278030402,0.035728205794465374,1.7766662335975056,414,223.1014492753623,2025-09-14,2025-09-14 03:25:58
6NHLuq3RAh4,SUCK video premiere on Friday 10 am PT https://cobrah.lnk.to/SUCKVideo,SUCK video premiere on Friday 10 am PT https://cobrah.lnk.to/SUCKVideo,COBRAH,Music Content,,False,2023-06-14 17:23:05,75279,866,21,188.1975,1.1503872261852575,0.027896226039134418,1.178283452224392,822,91.58029197080292,2025-09-14,2025-09-14 03:25:58
idbycqEa4ek,"4,000 GALLON SLIME BATH (BRAND NEW BITCH-Behind The Scenes)","4,000 GALLON SLIME BATH (BRAND NEW BITCH-Behind The Scenes)",COBRAH,Behind The Scenes,,False,2022-09-21 16:00:26,57491,1022,41,143.7275,1.7776695482771216,0.07131551025377886,1.8489850585309004,1088,52.840992647058826,2025-09-14,2025-09-14 03:25:58
ik4s0sJ9Kys,COBRAH & Ayesha Erotica-QUICK LICK (TEQUILA REMIX) [Official Audio],& Ayesha Erotica-QUICK LICK (TEQUILA ),COBRAH,Official Audio,,False,2024-07-26 04:00:28,56749,1915,106,141.8725,3.374508801917214,0.18678743237766304,3.5612962342948773,414,137.07487922705315,2025-09-14,2025-09-14 03:25:58
bueEvjbp9ks,COBRAH & Amanda Lepore-LET'S GET F*CKED (TEQUILA Remix) {Official Audio},& Amanda Lepore-LET'S GET F*CKED (TEQUILA ) {},COBRAH,Official Audio,,False,2024-07-19 04:00:20,56568,1372,55,141.42,2.4253995191627777,0.09722811483524253,2.5226276339980203,421,134.36579572446556,2025-09-14,2025-09-14 03:25:58
CKGn6HGegBg,COBRAH-FEMININE ENERGY (Zorza Adrenaline Mix) [Visualizer],FEMININE ENERGY (Zorza Adrenaline Mix) [],COBRAH,Visualizer,,False,2024-08-01 17:05:02,46744,1560,54,116.86,3.337326715728222,0.11552284785213075,3.4528495635803527,408,114.56862745098039,2025-09-14,2025-09-14 03:25:58
v75-s41rzPw,Always silly when caught posing..,Always silly when caught posing..,COBRAH,Music Content,,False,2021-11-16 19:37:33,34538,2298,32,86.345,6.653541027274307,0.09265157218136545,6.746192599455672,1397,24.72297780959198,2025-09-14,2025-09-14 03:26:07
o-MbpnUvAC8,I’m so late for the Swedish Grammys babes!!,I’m so late for the Swedish Grammys babes!!,COBRAH,Music Content,,False,2022-05-20 09:21:06,24352,1535,27,60.88,6.30338370565046,0.11087385019710908,6.414257555847569,1212,20.09240924092409,2025-09-14,2025-09-14 03:25:58
wpO50tzrDYg,USA PRE SALE TOUR TICKETS SIGNUP LINK 🖤 COBRAHCORE.COM,USA PRE SALE TOUR TICKETS SIGNUP LINK 🖤 COBRAHCORE.COM,COBRAH,Music Content,,False,2023-04-04 15:15:19,21828,1145,50,54.57,5.245556166391791,0.22906358805204327,5.474619754443834,893,24.443449048152296,2025-09-14,2025-09-14 03:25:58
LlkeT3X87-s,https://m.twitch.tv/iamcobrah,https://m.twitch.tv/iamcobrah,COBRAH,Music Content,,False,2023-03-22 16:01:38,20932,1536,62,52.33,7.338047009363653,0.2961972100133767,7.63424421937703,906,23.103752759381898,2025-09-14,2025-09-14 03:25:58
YSJABarXF2Q,COBRAH-SUCK (Trailer),SUCK (Trailer),COBRAH,Music Content,,False,2023-06-14 17:00:32,20590,549,48,51.475,2.6663428848955806,0.23312287518212726,2.8994657600777076,822,25.048661800486617,2025-09-14,2025-09-14 03:25:58
_ub9G9rURzQ,Devil’s in the details,Devil’s in the details,COBRAH,Music Content,,False,2023-08-16 17:35:35,18288,1682,57,45.72,9.197287839020122,0.31167979002624674,9.508967629046369,759,24.09486166007905,2025-09-14,2025-09-14 03:25:58
xo90agj9UGs,Want it?,Want it?,COBRAH,Music Content,,False,2022-02-14 18:25:55,15862,980,31,39.655,6.17828773168579,0.1954356323288362,6.3737233640146265,1307,12.13618974751339,2025-09-14,2025-09-14 03:26:07
pOldjOXF2xk,check 🖤,check 🖤,COBRAH,Music Content,,False,2024-09-13 15:52:29,15777,391,17,39.442499999999995,2.478291183368194,0.10775179058122583,2.5860429739494197,365,43.224657534246575,2025-09-14,2025-09-14 03:25:58
r_t3mgfh1QU,Good juice my rain.. Good pusS ft CupcakKe remix out tomorrow 🖤,Good juice my rain.. Good pusS ft CupcakKe out tomorrow 🖤,COBRAH,Remix,,False,2022-02-22 13:55:50,15584,628,21,38.96,4.029774127310062,0.1347535934291581,4.16452772073922,1299,11.996920708237106,2025-09-14,2025-09-14 03:26:07
MVdzLLpA_gY,Aaah!,Aaah!,COBRAH,Music Content,,False,2022-02-20 19:44:21,14553,571,18,36.3825,3.9235896378753523,0.12368583797155226,4.047275475846905,1301,11.186010760953113,2025-09-14,2025-09-14 03:26:07
18OOXFkGoTU,LEAKING the new record 💦,LEAKING the new record 💦,COBRAH,Music Content,,False,2023-09-28 17:31:17,13582,356,14,33.955,2.6211161831836254,0.1030776027094684,2.724193785893094,716,18.96927374301676,2025-09-14,2025-09-14 03:25:58
EG3UJUia6DU,B a a a a d Position ⛓️ Out on Friday on the SUCCUBUS Ep 🖤 #shorts,B a a a a d Position ⛓️ Out on Friday on the SUCCUBUS Ep 🖤 #shorts,COBRAH,Music Content,,False,2023-10-10 19:02:20,13461,477,13,33.6525,3.543570314241141,0.0965752915830919,3.640145605824233,704,19.120738636363637,2025-09-14,2025-09-14 03:25:58
Bt5MFJozK7k,Behind the SUCCUBUS lore part 1 🖤,Behind the SUCCUBUS lore part 1 🖤,COBRAH,Music Content,,False,2023-11-20 19:42:31,13312,682,18,33.28,5.123197115384615,0.13521634615384615,5.258413461538461,663,20.07843137254902,2025-09-14,2025-09-14 03:25:58
nAT3G4WRCwM,Even I can’t breathe.. presave: https://cobrah.lnk.to/SUCK,Even I can’t breathe.. presave: https://cobrah.lnk.to/SUCK,COBRAH,Music Content,,False,2023-06-09 18:12:38,12535,350,21,31.3375,2.792181890706023,0.16753091344236137,2.9597128041483844,827,15.157194679564691,2025-09-14,2025-09-14 03:25:58
Lm_9_klZqgY,She’s alive ..,She’s alive ..,COBRAH,Music Content,,False,2022-09-06 18:39:33,12446,553,18,31.115,4.443194600674916,0.14462477904547646,4.5878193797203926,1103,11.28377153218495,2025-09-14,2025-09-14 03:25:58
fWO5_xCrBvk,… 🖤,… 🖤,COBRAH,Music Content,,False,2023-06-06 16:48:36,12113,458,22,30.2825,3.7810616692809376,0.18162304961611492,3.9626847188970524,830,14.593975903614458,2025-09-14,2025-09-14 03:25:58
nvC6_Uufbbs,lol 🖤,lol 🖤,COBRAH,Music Content,,False,2023-02-19 13:29:08,11633,788,31,29.082499999999996,6.77383306111923,0.2664832803232184,7.040316341442448,937,12.415154749199573,2025-09-14,2025-09-14 03:25:58
oq8G1dZqyMo,LIVE PREMIERE 9/9  10 AM PST -  7 PM CET-3 AM NSW,LIVE PREMIERE 9/9 10 AM PST-7 PM CET-3 AM NSW,COBRAH,Live Performance,,False,2022-09-08 18:05:39,11618,438,12,29.045,3.770012050266827,0.10328800137717334,3.8733000516440006,1101,10.552225249772933,2025-09-14,2025-09-14 03:25:58
IJ9DIt9c-kM,...,...,COBRAH,Music Content,,False,2023-06-02 17:55:08,11160,340,13,27.9,3.046594982078853,0.11648745519713263,3.163082437275986,834,13.381294964028777,2025-09-14,2025-09-14 03:25:58
KMEk5Aonqyk,Runs inside of me 🖤,Runs inside of me 🖤,COBRAH,Music Content,,False,2024-07-29 17:30:06,10811,754,26,27.0275,6.974377948385903,0.24049579132365181,7.214873739709555,411,26.304136253041364,2025-09-14,2025-09-14 03:25:58
vFTDbO647Ys,It’s the FEMININE ENERGY 👽 out Friday…,It’s the FEMININE ENERGY 👽 out Friday…,COBRAH,Music Content,,False,2023-09-06 17:37:21,10699,728,22,26.7475,6.804374240583232,0.20562669408355919,7.010000934666791,738,14.497289972899729,2025-09-14,2025-09-14 03:25:58
itOMRnzERGg,Who’s been naughty this year?,Who’s been naughty this year?,COBRAH,Music Content,,False,2021-12-24 19:21:17,10536,541,15,26.34,5.134776006074412,0.14236902050113895,5.277145026575551,1359,7.752759381898454,2025-09-14,2025-09-14 03:26:07
tPnMXvFH3BM,SHIT!,SHIT!,COBRAH,Music Content,,False,2021-11-19 16:00:15,10520,473,8,26.299999999999997,4.496197718631178,0.07604562737642585,4.572243346007604,1394,7.546628407460545,2025-09-14,2025-09-14 03:26:07
pS7BvwPUH9Y,MANIC premiere right here tmrw ⛓️,MANIC premiere right here tmrw ⛓️,COBRAH,Music Content,,False,2023-08-10 17:13:22,9407,460,12,23.5175,4.88997555012225,0.1275645795684065,5.017540129690656,765,12.296732026143792,2025-09-14,2025-09-14 03:25:58
6TRLwOFe7b0,⚔️FEMININE ENERGY⚔️NEXT FRIDAY ⚔️,⚔️FEMININE ENERGY⚔️NEXT FRIDAY ⚔️,COBRAH,Music Content,,False,2023-09-01 17:34:48,9232,549,26,23.08,5.946707105719237,0.28162911611785096,6.228336221837088,743,12.425302826379543,2025-09-14,2025-09-14 03:25:58
douEYASnGWU,COBRAH-FEMININE ENERGY (Zorza Adrenaline Mix) [Official Audio],FEMININE ENERGY (Zorza Adrenaline Mix),COBRAH,Official Audio,,False,2024-07-26 04:00:23,8972,232,5,22.43,2.5858225590726707,0.05572893446277308,2.641551493535444,414,21.67149758454106,2025-09-14,2025-09-14 03:25:58
HTD0zq2YFws,I put out  SIGNED tour posters for you babes 🖤 link in comments,I put out SIGNED tour posters for you babes 🖤 link in comments,COBRAH,Music Content,,False,2023-07-31 18:33:58,8587,541,18,21.4675,6.300221264702458,0.20961919180156047,6.509840456504018,775,11.08,2025-09-14,2025-09-14 03:25:58
mcrdqSJNYlk,MANIC dropping THIS Friday 🖤,MANIC dropping THIS Friday 🖤,COBRAH,Music Content,,False,2023-08-09 17:07:16,8378,571,19,20.945,6.815469085700644,0.226784435426116,7.04225352112676,766,10.93733681462141,2025-09-14,2025-09-14 03:25:58
8aQk_1Iv17U,Untitled video,Untitled video,COBRAH,Music Content,,False,2022-05-06 19:34:14,8341,467,11,20.8525,5.598849058865843,0.13187867162210765,5.730727730487951,1226,6.803425774877651,2025-09-14,2025-09-14 03:25:58
8J8jBoGlODs,NEW MUSIC https://cobrah.lnk.to/newmusic,NEW MUSIC https://cobrah.lnk.to/newmusic,COBRAH,Music Content,,False,2022-04-30 16:36:59,8209,623,25,20.5225,7.589231331465466,0.30454379339749055,7.893775124862956,1232,6.66314935064935,2025-09-14,2025-09-14 03:25:58
DN6xGGE2AnQ,she don’t eat 🐱 but she ate this verse up,she don’t eat 🐱 but she ate this verse up,COBRAH,Music Content,,False,2024-07-29 17:00:16,7464,339,13,18.66,4.541800643086816,0.17416934619506969,4.715969989281886,411,18.16058394160584,2025-09-14,2025-09-14 03:25:58
C7wdFvZdr8w,They’ve come to take me…             Feminine energy out Friday 👽,They’ve come to take me… Feminine energy out Friday 👽,COBRAH,Music Content,,False,2023-09-05 17:53:06,7431,361,10,18.5775,4.858027183420805,0.13457139012245997,4.9925985735432645,739,10.055480378890392,2025-09-14,2025-09-14 03:25:58
H8ZL0PrVLJQ,festival season is over….. or is it?? dates and tix at cobrahcore.com,festival season is over….. or is it?? dates and tix at cobrahcore.com,COBRAH,Music Content,,False,2024-08-30 17:07:17,7402,302,12,18.505,4.079978384220481,0.1621183463928668,4.242096730613348,379,19.53034300791557,2025-09-14,2025-09-14 03:25:58
7yxmktWAZqs,you were so hot london 🖤,you were so hot london 🖤,COBRAH,Music Content,,False,2024-08-27 20:23:55,7397,368,13,18.4925,4.97498986075436,0.17574692442882248,5.150736785183183,382,19.36387434554974,2025-09-14,2025-09-14 03:25:58
W6KxVxS1onI,Ready for the new,Ready for the new,COBRAH,Music Content,,False,2023-05-31 17:21:39,6940,317,16,17.35,4.567723342939481,0.23054755043227668,4.7982708933717575,836,8.301435406698564,2025-09-14,2025-09-14 03:25:58
GOzj9WmBmRM,Dipping and dripping,Dipping and dripping,COBRAH,Music Content,,False,2022-06-21 02:28:28,6085,297,8,15.2125,4.880854560394413,0.13147082990961378,5.012325390304027,1180,5.156779661016949,2025-09-14,2025-09-14 03:25:58
Attgs3wPBqo,Collectible cards! For tour VIP and a few lucky vinyl purchases! Read more cobrahcore.com/succubus,Collectible cards! For tour VIP and a few lucky vinyl purchases! Read more cobrahcore.com/succubus,COBRAH,Music Content,,False,2023-11-16 17:37:13,6033,314,11,15.082500000000001,5.2047074424001325,0.18233051549809381,5.387037957898226,667,9.044977511244378,2025-09-14,2025-09-14 03:25:58
rKLHifphOwM,Me & MAMI 🖤,Me & MAMI 🖤,COBRAH,Music Content,,False,2024-07-19 17:34:47,4857,218,8,12.1425,4.488367304920733,0.16471072678608192,4.653078031706816,421,11.536817102137768,2025-09-14,2025-09-14 03:25:58
aajPT-f4hu4,My EP comes out June 2! 🐸🐠,My EP comes out June 2! 🐸🐠,Corook,Music Content,,False,2023-05-26 20:37:35,3789743,161818,10512,9474.3575,4.269893763244632,0.27738028673712173,4.547274049981754,842,4500.882422802851,2025-09-15,2025-09-15 06:34:10
QU7Z-lzNdMc,if i were a fish-corook ft. Olivia Barton,if i were a fish-corook ft. Olivia Barton,Corook,Music Content,,False,2023-04-14 20:25:12,3274180,160834,5947,8185.45,4.912191754882138,0.18163326390119053,5.0938250187833285,884,3703.823529411765,2025-09-15,2025-09-15 06:34:10
dx_vMONe3tM,corook-if i were a fish ft. olivia barton (music video),if i were a fish ft. olivia barton (music video),Corook,Music Video,,False,2023-04-21 05:01:20,2726161,79383,5541,6815.4025,2.9118969862748383,0.20325285263783024,3.1151498389126684,877,3108.5074116305586,2025-09-15,2025-09-15 06:34:10
8tem27lgr1Q,corook-it's ok! (lyric video),it's ok! (),Corook,Lyric Video,,False,2022-07-22 03:58:53,2300941,76969,1466,5752.352499999999,3.345109674693962,0.06371306348141911,3.408822738175381,1150,2000.8182608695652,2025-09-15,2025-09-15 06:34:25
8Z-0iwV940s,corook-it's ok! (music video),it's ok! (music video),Corook,Music Video,,False,2022-09-15 16:01:13,1013823,23284,701,2534.5575,2.296653360596475,0.06914421945448071,2.365797580050956,1095,925.8657534246576,2025-09-15,2025-09-15 06:34:25
HVMc1ANfeMw,corook-if i were a fish ft. olivia barton (lyric video),if i were a fish ft. olivia barton (),Corook,Lyric Video,,False,2023-05-15 18:05:30,582824,13693,610,1457.06,2.349422810316665,0.10466281416002088,2.454085624476686,853,683.2637749120751,2025-09-15,2025-09-15 06:34:10
t1m0nLG7Ics,corook-the dog (music video),the dog (music video),Corook,Music Video,,False,2023-01-24 17:00:10,468880,1321,86,1172.2,0.2817351987715407,0.018341579935164647,0.30007677870670535,964,486.3900414937759,2025-09-15,2025-09-15 06:34:10
qtNZl2jz4WM,corook-your mom (music video),your mom (music video),Corook,Music Video,,False,2022-10-05 17:15:45,437795,2626,161,1094.4875,0.5998241185943193,0.03677520300597312,0.6365993216002924,1075,407.25116279069766,2025-09-15,2025-09-15 06:34:25
oDcjg8RgIWY,corook-degree (music video),degree (music video),Corook,Music Video,,False,2022-02-11 15:00:03,422258,2231,111,1055.645,0.5283499661344486,0.026287246185981085,0.5546372123204297,1311,322.0884820747521,2025-09-15,2025-09-15 06:34:25
0aj3Ko1DFhQ,corook-bad friend (music video),bad friend (music video),Corook,Music Video,,False,2022-01-14 15:00:14,374821,2333,105,937.0525,0.6224304401300887,0.02801337171609915,0.6504438118461879,1339,279.9260642270351,2025-09-15,2025-09-15 06:34:25
0MEUQDJv1pA,corook-realistic (music video),realistic (music video),Corook,Music Video,,False,2022-12-06 18:27:37,330114,960,54,825.285,0.2908086297460877,0.016357985423217435,0.3071666151693051,1013,325.8775913129319,2025-09-15,2025-09-15 06:34:10
Y8C6_zFL_5Y,it’s been the friggin craziest week of my life in the best way 💚🐠 I love y’all.,it’s been the friggin craziest week of my life in the best way 💚🐠 I love y’all.,Corook,Music Content,,False,2023-04-27 20:52:03,307491,20831,987,768.7275,6.774507221349568,0.32098500443915434,7.095492225788722,871,353.03214695752007,2025-09-15,2025-09-15 06:34:10
zfLs6lrQY2c,corook-hell yeah (super wet version) [music video],hell yeah (super wet version) [music video],Corook,Music Video,,False,2022-09-09 19:01:07,292621,3506,142,731.5525,1.1981368391195437,0.048526934157152084,1.2466637732766959,1101,265.77747502270665,2025-09-15,2025-09-15 06:34:25
jIqHSdr-x6o,we wrote the second verse in the car one month ago ❤️,we wrote the second verse in the car one month ago ❤️,Corook,Music Content,,False,2023-05-12 20:13:07,289781,13527,368,724.4525,4.668007909421252,0.12699245292134403,4.795000362342597,856,338.5292056074766,2025-09-15,2025-09-15 06:34:10
M9Z5Vne_YDM,My new friends Shifra and Riley saw me singing to the fish so we made this up on the spot 🕺💃🐸,My new friends Shifra and Riley saw me singing to the fish so we made this up on the spot 🕺💃🐸,Corook,Music Content,,False,2023-05-10 22:18:47,288188,11780,458,720.47,4.087609477146863,0.15892403569891875,4.246533512845781,858,335.8834498834499,2025-09-15,2025-09-15 06:34:10
xcrw646a_ik,corook-sims (music video),sims (music video),Corook,Music Video,,False,2021-11-05 15:01:13,276348,1644,108,690.87,0.5949020799861044,0.03908115853923314,0.6339832385253376,1409,196.1305890702626,2025-09-15,2025-09-15 06:34:25
jjNmVGAFB7o,corook-snakes (official audio),snakes,Corook,Official Audio,,False,2022-04-01 04:02:07,254881,1403,81,637.2025,0.5504529564777288,0.03177953633264151,0.5822324928103704,1262,201.9659270998415,2025-09-15,2025-09-15 06:34:25
HBQb-ZCTVVk,"""if i were a fish"" ft. Olivia Barton-out April 21st!","""if i were a fish"" ft. Olivia Barton-out April 21st!",Corook,Music Content,,False,2023-04-15 17:20:34,228643,10543,210,571.6075,4.611118643474762,0.09184624064589776,4.70296488412066,883,258.93884484711214,2025-09-15,2025-09-15 06:34:10
LeVSY9YgkO8,a niche pop song i wrote is now a hot topic in the US. Thanks to anyone celebrating they/them energy,a niche pop song i wrote is now a hot topic in the US. Thanks to anyone celebrating they/them energy,Corook,Music Content,,False,2025-02-05 17:22:26,211686,1781,750,529.215,0.84134047598802,0.354298347552507,1.195638823540527,221,957.8552036199095,2025-09-15,2025-09-15 06:33:41
RoxmMNmaalI,corook-distracted (official audio),distracted,Corook,Official Audio,,False,2022-04-01 04:01:01,207822,581,30,519.5550000000001,0.2795661672007776,0.014435430320177845,0.29400159752095545,1262,164.67670364500793,2025-09-15,2025-09-15 06:34:25
40r2DdP8ecE,corook-tequila (official audio),tequila,Corook,Official Audio,,False,2022-04-01 04:01:43,197988,370,17,494.97,0.18688001293007658,0.008586378972462979,0.19546639190253956,1262,156.88431061806656,2025-09-15,2025-09-15 06:34:25
44bsQ-7RI-I,corook-idk god (official audio),idk god,Corook,Official Audio,,False,2022-03-08 17:00:41,194736,415,33,486.84,0.2131090296606688,0.016946019226029084,0.2300550488866979,1286,151.4276827371695,2025-09-15,2025-09-15 06:34:25
oyYBhjy5rH4,corook-idk god (live),idk god (live),Corook,Live Performance,,False,2022-05-17 16:05:21,169266,2870,288,423.16499999999996,1.6955561069559155,0.1701463967955762,1.8657025037514918,1216,139.19901315789474,2025-09-15,2025-09-15 06:34:25
M6LBiyyqNAo,corook-i'm not doing well (official audio),i'm not doing well,Corook,Official Audio,,False,2023-03-10 05:00:21,169047,2533,155,422.6175,1.4983998532952376,0.09169047661301294,1.5900903299082505,919,183.94668117519043,2025-09-15,2025-09-15 06:34:10
9V6AcQGgvgs,if i were a fish-out now!!!,if i were a fish-out now!!!,Corook,Music Content,,False,2023-04-21 18:44:32,158282,9612,516,395.70500000000004,6.072705677209032,0.32600042961296927,6.398706106822001,877,180.48118586088938,2025-09-15,2025-09-15 06:34:10
B9v8tFOg21g,corook-idk god (lyric video),idk god (),Corook,Lyric Video,,False,2022-03-24 16:59:54,157012,644,50,392.53,0.4101597330140372,0.03184469976817059,0.4420044327822078,1270,123.63149606299213,2025-09-15,2025-09-15 06:34:25
8Ps1Hw3wxww,corook-smoothie (lyric video),smoothie (),Corook,Lyric Video,,False,2022-10-26 18:36:45,147280,945,50,368.2,0.6416349809885932,0.03394894079304726,0.6755839217816404,1054,139.73434535104363,2025-09-15,2025-09-15 06:34:25
qRr0MaKknfg,I truly be having one of those days #original,I truly be having one of those days #original,Corook,Music Content,,False,2022-07-12 22:16:34,140863,11719,349,352.1575,8.31943093644179,0.2477584603479977,8.567189396789788,1160,121.43362068965517,2025-09-15,2025-09-15 06:34:25
kMSu30JswMs,corook-snakes (live),snakes (live),Corook,Live Performance,,False,2022-05-03 16:02:03,140620,1655,111,351.55,1.1769307353150336,0.07893613995164273,1.2558668752666762,1230,114.32520325203252,2025-09-15,2025-09-15 06:34:25
OJkl5hrWGbU,corook-CGI (audio),CGI (audio),Corook,Music Content,,False,2023-03-14 23:00:12,127999,3270,140,319.9975,2.554707458652021,0.10937585449886328,2.664083313150884,915,139.8896174863388,2025-09-15,2025-09-15 06:34:10
ULTY51P0ueM,corook-bad friend (live),bad friend (live),Corook,Live Performance,,False,2022-05-31 16:01:52,125451,476,30,313.6275,0.3794310129054372,0.02391371930076285,0.40334473220620004,1202,104.36855241264558,2025-09-15,2025-09-15 06:34:25
QoTGRO3pMnY,corook-THEY! (lyric video),THEY! (),Corook,Lyric Video,,False,2025-02-07 05:05:32,123703,3056,1622,309.2575,2.470433215039247,1.3112050637413806,3.781638278780628,219,564.8538812785388,2025-09-15,2025-09-15 06:33:41
A2Nh4hy4HoQ,corook-sims (sims video),sims (sims video),Corook,Music Content,,False,2021-11-19 17:00:07,120675,154,5,301.6875,0.12761549616739176,0.004143360265175057,0.13175885643256682,1395,86.50537634408602,2025-09-15,2025-09-15 06:34:25
6rhoFqJNBAM,corook-sims (live),sims (live),Corook,Live Performance,,False,2022-05-10 16:00:31,117015,924,59,292.5375,0.7896423535444173,0.05042088621116951,0.8400632397555867,1223,95.67865903515944,2025-09-15,2025-09-15 06:34:25
w1N59EymvCA,corook-your mom (acoustic) [official audio],your mom (acoustic),Corook,Official Audio,,False,2022-12-30 05:00:20,113999,284,17,284.9975,0.24912499232449406,0.014912411512381688,0.26403740383687574,989,115.26693629929221,2025-09-15,2025-09-15 06:34:10
Q0LiME4OWhY,corook-opening act (live),opening act (live),Corook,Live Performance,,False,2022-06-14 15:58:20,112612,1510,105,281.53,1.3408872944268817,0.09324050722835933,1.434127801655241,1188,94.79124579124579,2025-09-15,2025-09-15 06:34:25
T6SsBZsJvyA,corook-BDSM (official audio),BDSM,Corook,Official Audio,,False,2022-07-08 04:02:26,101887,663,38,254.7175,0.6507208966796549,0.03729622032251416,0.688017117002169,1164,87.53178694158076,2025-09-15,2025-09-15 06:34:25
R3y6Ld8keo8,corook-Stacy's Mom (Live from Salt Lick Sessions) [Official Audio],Stacy's Mom (Live from Salt Lick Sessions),Corook,Official Audio,,False,2022-12-07 17:00:18,101173,307,16,252.9325,0.3034406412778113,0.0158144959623615,0.3192551372401728,1012,99.97332015810277,2025-09-15,2025-09-15 06:34:10
C6fEN6xBdp4,corook-sims (lyric video),sims (),Corook,Lyric Video,,False,2021-12-02 17:30:02,99716,173,9,249.29,0.17349271932287696,0.00902563279714389,0.18251835212002085,1382,72.1534008683068,2025-09-15,2025-09-15 06:34:25
sStSx6c6mpY,tiny little titties,tiny little titties,Corook,Music Content,,False,2023-07-26 19:59:55,96915,2028,129,242.28750000000002,2.0925553319919517,0.1331063302894289,2.2256616622813805,781,124.0909090909091,2025-09-15,2025-09-15 06:34:02
lgQ4q_swpJU,corook-degree (live),degree (live),Corook,Live Performance,,False,2022-05-24 16:07:01,94839,477,26,237.0975,0.5029576440072122,0.0274148820632862,0.5303725260704985,1209,78.44416873449131,2025-09-15,2025-09-15 06:34:25
PehPtRAzVqM,But hey at least I woke up today 💁🏼,But hey at least I woke up today 💁🏼,Corook,Music Content,,False,2023-07-25 23:54:37,78875,3281,137,197.1875,4.159746434231379,0.17369255150554674,4.333438985736926,782,100.86317135549872,2025-09-15,2025-09-15 06:34:02
JgoRJiv8ujs,maybe once I’m perfect I’ll be happy I’ll be lovable,maybe once I’m perfect I’ll be happy I’ll be lovable,Corook,Music Content,,False,2023-07-31 19:51:09,72570,2709,151,181.42499999999998,3.732947498966515,0.20807496210555326,3.9410224610720683,776,93.51804123711341,2025-09-15,2025-09-15 06:34:02
DMXg0QuIF-A,I paid my rent on time let’s get the party started 🤑,I paid my rent on time let’s get the party started 🤑,Corook,Music Content,,False,2023-07-28 14:29:40,70502,2905,83,176.255,4.120450483674222,0.11772715667640633,4.238177640350629,779,90.50320924261874,2025-09-15,2025-09-15 06:34:02
9DqL_EFvgpE,corook-emergency contact (audio),emergency contact (audio),Corook,Music Content,,False,2023-08-25 04:04:59,69412,1940,159,173.53000000000003,2.794905779980407,0.22906702011179625,3.0239728000922033,751,92.42609853528629,2025-09-15,2025-09-15 06:34:02
hymLvfisNCo,to all of the people who I haven’t texted back 🤳🏼,to all of the people who I haven’t texted back 🤳🏼,Corook,Music Content,,False,2023-06-26 16:44:03,63638,3468,108,159.095,5.449574153807474,0.1697099217448694,5.6192840755523425,811,78.46855733662146,2025-09-15,2025-09-15 06:34:02
V2Pr8iXE4Gk,UK friends! I'm coming back in December! Get tickets while you can! can’t wait to meet you all 🐸🤗🐠,UK friends! I'm coming back in December! Get tickets while you can! can’t wait to meet you all 🐸🤗🐠,Corook,Music Content,,False,2023-07-27 20:49:53,58566,1544,90,146.41500000000002,2.6363419048594747,0.15367277942833726,2.790014684287812,780,75.08461538461539,2025-09-15,2025-09-15 06:34:02
grmXztE716E,"Natalie, where ya at?","Natalie, where ya at?",Corook,Music Content,,False,2023-06-30 18:51:46,56316,2903,146,140.79000000000002,5.154840542652177,0.2592513672846083,5.414091909936785,807,69.78438661710037,2025-09-15,2025-09-15 06:34:02
GeUuNXdxK7E,I heard this song comes out this Friday? 🤔 https://corook.lnk.to/hellyeah,I heard this song comes out this Friday? 🤔 https://corook.lnk.to/hellyeah,Corook,Music Content,,False,2022-09-05 21:38:01,53982,3929,73,134.95499999999998,7.278352043273683,0.1352302619391649,7.413582305212848,1105,48.8524886877828,2025-09-15,2025-09-15 06:34:25
MUrYyRN_bAU,hey Louis La Roche this remix slaps! Out now 😎,hey Louis La Roche this slaps! Out now 😎,Corook,Remix,,False,2023-07-26 01:41:39,53901,1760,74,134.7525,3.265245542754309,0.13728873304762435,3.402534275801933,781,69.01536491677336,2025-09-15,2025-09-15 06:34:02
itgIFwzeEt0,"PSA: If u live in the US or UK, then I am coming to a city near you 🚐 tix are on sale…see you there!","PSA: If u live in the US or UK, then I am coming to a city near you 🚐 tix are on sale…see you there!",Corook,Live Performance,,False,2023-07-25 01:07:13,51748,3215,197,129.37,6.212800494705109,0.3806910411996599,6.59349153590477,782,66.17391304347827,2025-09-15,2025-09-15 06:34:02
e9v9u9Wwjjc,corook-realistic (official audio),realistic,Corook,Official Audio,,False,2022-11-23 17:00:47,44084,372,20,110.21000000000001,0.8438435713637602,0.045367933944288175,0.8892115053080484,1026,42.966861598440545,2025-09-15,2025-09-15 06:34:25
Mt27yQjAKx8,this song has been so healing for me and I hope it’s helping you all too 🧡,this song has been so healing for me and I hope it’s helping you all too 🧡,Corook,Music Content,,False,2023-06-12 21:36:09,43258,2753,107,108.14500000000001,6.364140736973507,0.24735309075777892,6.611493827731286,825,52.4339393939394,2025-09-15,2025-09-15 06:34:02
VWoTJT-kPw4,Shout out to my little sister for the song inspiration.,Shout out to my little sister for the song inspiration.,Corook,Music Content,,False,2025-08-28 17:09:32,42863,2019,112,107.1575,4.71035625131232,0.2612976226582367,4.971653873970557,17,2521.3529411764707,2025-09-15,2025-09-15 06:33:34
8WwtuG6e3sQ,forgot the words to this song,forgot the words to this song,Corook,Music Content,,False,2023-07-25 00:55:52,42661,1551,48,106.6525,3.6356391083190736,0.11251494339091911,3.7481540517099927,782,54.5537084398977,2025-09-15,2025-09-15 06:34:02
xYkydGzbYzU,corook-serious person (audio),serious person (audio),Corook,Music Content,,False,2023-05-19 04:03:59,41390,1456,126,103.475,3.5177579125392606,0.3044213578158976,3.822179270355158,849,48.75147232037691,2025-09-15,2025-09-15 06:34:10
kCQQ-sBXvHM,i'm going on my first headline tour!!,i'm going on my first headline tour!!,Corook,Music Content,,False,2023-06-06 18:02:10,41205,1444,76,103.01249999999999,3.504429074141488,0.18444363548113094,3.688872709622619,831,49.584837545126355,2025-09-15,2025-09-15 06:34:02
XnLBynZNTR0,i call this one the cha cha slide 2 #newmusic,i call this one the cha cha slide 2 #newmusic,Corook,Music Content,,False,2022-06-02 19:30:30,37099,2002,106,92.74749999999999,5.396371869861722,0.2857219871155557,5.682093856977278,1200,30.91583333333333,2025-09-15,2025-09-15 06:34:25
jy7c0dr1SxQ,people ask who’s featured on this song but the truth is it’s just me sounding more angsty than usual,people ask who’s featured on this song but the truth is it’s just me sounding more angsty than usual,Corook,Music Content,,False,2024-09-10 19:41:34,37026,3929,106,92.56500000000001,10.611462215740291,0.2862853130232809,10.897747528763572,369,100.34146341463415,2025-09-15,2025-09-15 06:33:48
UXeGo1GTmpY,"hey corooky friends, you can buy tickets to my tour early. use password seriousperson 🤗🐸❤️","hey corooky friends, you can buy tickets to my tour early. use password seriousperson 🤗🐸❤️",Corook,Music Content,,False,2023-06-08 19:34:14,34222,1215,90,85.555,3.550347729530711,0.2629887207059786,3.8133364502366893,829,41.281061519903496,2025-09-15,2025-09-15 06:34:02
fjOkYV3PL8o,"i asked Olivia to sing the song i wrote for her 🥹❤️‍🩹 “realistic” out now, link in bio","i asked Olivia to sing the song i wrote for her 🥹❤️‍🩹 “realistic” out now, link in bio",Corook,Music Content,,False,2022-12-05 20:24:50,33649,1423,41,84.1225,4.228951826205831,0.12184611726945822,4.350797943475289,1014,33.184418145956606,2025-09-15,2025-09-15 06:34:25
2b1Ckc5gZmQ,"Is this uncanny or what? 😂 our book if I were a fish is out now, just in time for the holidays.","Is this uncanny or what? 😂 our book if I were a fish is out now, just in time for the holidays.",Corook,Music Content,,False,2023-12-22 00:24:08,33642,1188,34,84.105,3.5313001605136436,0.10106414600796623,3.63236430652161,632,53.23101265822785,2025-09-15,2025-09-15 06:33:48
unPykzB92CQ,corook-tiny little titties (audio),tiny little titties (audio),Corook,Music Content,,False,2023-06-02 04:00:24,32815,772,64,82.0375,2.352582660368734,0.19503275940880696,2.5476154197775407,835,39.29940119760479,2025-09-15,2025-09-15 06:34:10
XLDoklBI9E0,"Natalie, this one’s for you. Happy pride y’all 🏳️‍🌈","Natalie, this one’s for you. Happy pride y’all 🏳️‍🌈",Corook,Music Content,,False,2023-06-05 20:27:28,32224,1986,79,80.55999999999999,6.163108242303872,0.2451588877855015,6.408267130089373,832,38.73076923076923,2025-09-15,2025-09-15 06:34:10
EuPS3lEXwf0,"inspiration behind ""if i were a fish""","inspiration behind ""if i were a fish""",Corook,Music Content,,False,2023-04-20 01:36:47,31868,1712,143,79.67,5.372160160662734,0.44872599472825403,5.820886155390988,878,36.29612756264237,2025-09-15,2025-09-15 06:34:10
YigsQQR-wdI,Here’s a very serious preview of all the songs on my EP which is OUT NOW!! Go listen to it! 🐸🐠❤️,Here’s a very serious preview of all the songs on my EP which is OUT NOW!! Go listen to it! 🐸🐠❤️,Corook,Music Content,,False,2023-06-02 19:46:32,31531,1157,55,78.8275,3.6694047128223017,0.1744315118454854,3.843836224667787,835,37.76167664670659,2025-09-15,2025-09-15 06:34:10
bJHViRxPIGE,corook-blankets (official audio),blankets,Corook,Official Audio,,False,2024-08-16 04:00:24,30599,1174,86,76.4975,3.8367266904147193,0.28105493643583124,4.117781626850551,394,77.66243654822335,2025-09-15,2025-09-15 06:33:48
VPiYgo65FxM,i hope saying it out loud makes it less scary…,i hope saying it out loud makes it less scary…,Corook,Music Content,,False,2023-02-21 01:21:58,29955,3145,114,74.88749999999999,10.499081956267736,0.38057085628442666,10.879652812552163,936,32.00320512820513,2025-09-15,2025-09-15 06:34:10
9z0SVYK49X4,Being really serious about serious person party(y) 2,Being really serious about serious person party(y) 2,Corook,Music Content,,False,2023-07-24 21:17:07,28166,1645,43,70.415,5.840374920116453,0.15266633529787688,5.9930412554143295,783,35.971902937420175,2025-09-15,2025-09-15 06:34:02
npmaTcBSWg8,went a little too hard on this bridge.,went a little too hard on this bridge.,Corook,Music Content,,False,2022-11-30 19:42:14,27112,1390,58,67.78,5.126881085866037,0.21392741221599293,5.34080849808203,1019,26.60647693817468,2025-09-15,2025-09-15 06:34:25
NrdtfHbb__k,"Here’s my favorite guitar tuning DAEG# BE! I wrote The Dog, Your Mom and many songs in this tuning","Here’s my favorite guitar tuning DAEG# BE! I wrote The Dog, Your Mom and many songs in this tuning",Corook,Music Content,,False,2025-08-27 02:00:26,26837,1142,41,67.0925,4.25531914893617,0.1527741550843984,4.408093304020569,18,1490.9444444444443,2025-09-15,2025-09-15 06:33:34
NWniXA1TlM8,love u Olivia 💘 https://corook.lnk.to/realistic,love u Olivia 💘 https://corook.lnk.to/realistic,Corook,Music Content,,False,2022-11-16 22:49:11,25477,1441,55,63.6925,5.656081956274287,0.21588099069749186,5.871962946971778,1033,24.663117134559535,2025-09-15,2025-09-15 06:34:25
whSrmIHiuio,I’m seriously so grateful for y’all,I’m seriously so grateful for y’all,Corook,Music Content,,False,2023-06-04 19:02:08,22657,1822,67,56.6425,8.041664827647086,0.29571434876638564,8.33737917641347,833,27.199279711884753,2025-09-15,2025-09-15 06:34:10
_bjxX98J0YE,send this to your #crush,send this to your #crush,Corook,Music Content,,False,2022-08-04 20:26:37,22297,2297,74,55.7425,10.301834327488004,0.33188321298829443,10.6337175404763,1137,19.6103781882146,2025-09-15,2025-09-15 06:34:25
jTSh8FmlL7s,love meeting you fellow fishies 🐠,love meeting you fellow fishies 🐠,Corook,Music Content,,False,2023-05-04 23:01:17,20461,736,11,51.152499999999996,3.5970871413909387,0.05376081325448414,3.650847954645423,864,23.681712962962962,2025-09-15,2025-09-15 06:34:10
dkjc7FswYws,comment ur fav cheese #newmusic,comment ur fav cheese #newmusic,Corook,Music Content,,False,2022-06-03 22:03:13,20376,1003,79,50.940000000000005,4.922457793482528,0.3877110325873577,5.310168826069886,1199,16.99416180150125,2025-09-15,2025-09-15 06:34:25
0LiZHIMuWtw,CGI-out now :),CGI-out now :),Corook,Music Content,,False,2023-04-04 20:25:10,19227,1108,34,48.0675,5.762729494981016,0.17683465959328026,5.939564154574296,894,21.506711409395972,2025-09-15,2025-09-15 06:34:10
HXWOuidvk6g,bangers coming tomorrow June 2nd,bangers coming tomorrow June 2nd,Corook,Music Content,,False,2023-06-01 22:21:29,19122,893,31,47.805,4.67001359690409,0.16211693337516997,4.83213053027926,836,22.873205741626794,2025-09-15,2025-09-15 06:34:10
JsKakEp560g,I seriously love this little family,I seriously love this little family,Corook,Music Content,,False,2023-05-26 20:36:02,18350,1066,17,45.875,5.809264305177112,0.09264305177111717,5.901907356948229,842,21.79334916864608,2025-09-15,2025-09-15 06:34:10
dChGuK0LkF4,you’re worth it ❤️,you’re worth it ❤️,Corook,Music Content,,False,2022-12-16 20:53:40,17781,1636,39,44.4525,9.200832349136718,0.2193352454867555,9.420167594623473,1003,17.727816550348955,2025-09-15,2025-09-15 06:34:10
gUPFgXYmNS4,maybe my most vulnerable song. I’m not doing well is part of serious person (part 1) out Friday 💛,maybe my most vulnerable song. I’m not doing well is part of serious person (part 1) out Friday 💛,Corook,Music Content,,False,2023-06-01 02:22:48,17564,1624,89,43.91,9.246185379184697,0.5067182874060578,9.752903666590754,836,21.00956937799043,2025-09-15,2025-09-15 06:34:10
pEtVrFLwoyY,These socks do really need to get a drawer,These socks do really need to get a drawer,Corook,Music Content,,False,2023-08-15 01:10:19,17201,640,65,43.0025,3.7207139119818615,0.37788500668565783,4.09859891866752,761,22.603153745072273,2025-09-15,2025-09-15 06:34:02
f9naktoXAeA,THIS SONG IS “SIMS” AND IT ALREADY EXISTS ON THE INTERNET 💻🎤,THIS SONG IS “SIMS” AND IT ALREADY EXISTS ON THE INTERNET 💻🎤,Corook,Music Content,,False,2023-08-17 03:42:26,16929,722,31,42.3225,4.264870931537598,0.1831177269773761,4.447988658514975,759,22.304347826086957,2025-09-15,2025-09-15 06:34:02
MFh7Jc2D9x4,i did a genius interview!!,i did a genius interview!!,Corook,Music Content,,False,2023-05-28 06:07:27,16444,986,22,41.11,5.996108002918998,0.13378739965945025,6.129895402578448,840,19.576190476190476,2025-09-15,2025-09-15 06:34:10
7i_cWullCi4,NYC! We’re doing a fun little booking signing + meet & greet on MONDAY (Dec 11th) at P&T Knitwear.,NYC! We’re doing a fun little booking signing + meet & greet on MONDAY (Dec 11th) at P&T Knitwear.,Corook,Music Content,,False,2023-12-09 00:00:03,16220,533,18,40.55,3.2860665844636254,0.11097410604192356,3.397040690505549,645,25.147286821705425,2025-09-15,2025-09-15 06:33:55
bV_6LkhQcx4,all of my fishy New Yorkers 🥹🐠🐸 I can’t friggin believe it. Thank you for singing along with me,all of my fishy New Yorkers 🥹🐠🐸 I can’t friggin believe it. Thank you for singing along with me,Corook,Music Content,,False,2023-04-26 14:32:32,16220,1311,0,40.55,8.082614056720098,0.0,8.082614056720098,872,18.60091743119266,2025-09-15,2025-09-15 06:34:10
UptGtIDCBxk,this song is dedicated to my first crush,this song is dedicated to my first crush,Corook,Music Content,,False,2023-05-29 17:40:19,16015,803,40,40.0375,5.014049328754293,0.2497658445207618,5.263815173275055,839,19.088200238379024,2025-09-15,2025-09-15 06:34:10
917WLNZulPo,just me and my buds cheering me on to go for the girl of my dreams (aka Olivia Barton) 🧦🐸,just me and my buds cheering me on to go for the girl of my dreams (aka Olivia Barton) 🧦🐸,Corook,Music Content,,False,2023-08-18 21:21:51,15924,743,37,39.81,4.6659130871640295,0.23235367997990453,4.898266767143934,758,21.00791556728232,2025-09-15,2025-09-15 06:34:02
TNxtKk7nGjs,Still not a snakes fan,Still not a snakes fan,Corook,Music Content,,False,2023-05-16 16:50:23,15616,717,26,39.04,4.591444672131147,0.16649590163934425,4.757940573770491,852,18.328638497652584,2025-09-15,2025-09-15 06:34:10
4M-1UY9x4YU,corook-natalie (audio),natalie (audio),Corook,Music Content,,False,2023-06-02 04:00:03,15310,349,31,38.275,2.279555845852384,0.20248203788373614,2.48203788373612,835,18.335329341317365,2025-09-15,2025-09-15 06:34:10
5cowJS7PAz8,corook-CGI (Louis La Roche Remix) [official audio],CGI (Louis La Roche ),Corook,Official Audio,,False,2023-07-14 06:06:31,15297,355,26,38.2425,2.320716480355625,0.16996796757534155,2.4906844479309664,793,19.290037831021436,2025-09-15,2025-09-15 06:34:02
o2vQJzkohqo,I mean…who’s with me!!? 🖕🐍🚫🙅,I mean…who’s with me!!? 🖕🐍🚫🙅,Corook,Music Content,,False,2025-04-02 19:04:45,15226,453,103,38.065000000000005,2.9751740443977406,0.6764744515959543,3.651648495993695,165,92.27878787878788,2025-09-15,2025-09-15 06:33:34
_rV_ky-GMxs,this song might be next… 🤭 do you guys wanna hear the second part to this?,this song might be next… 🤭 do you guys wanna hear the second part to this?,Corook,Music Content,,False,2023-05-11 19:19:44,15172,1250,68,37.93,8.238861059847087,0.44819404165568155,8.687055101502768,857,17.703617269544925,2025-09-15,2025-09-15 06:34:10
7qFR47kJptE,corook-ok getting older (audio),ok getting older (audio),Corook,Music Content,,False,2023-06-02 04:00:02,15163,502,42,37.9075,3.3106904966035744,0.2769900415485062,3.5876805381520804,835,18.15928143712575,2025-09-15,2025-09-15 06:34:10
L6e9RAgcrdA,OUR SONG “IF I WERE A FISH” IS BEING MADE INTO A PICTURE BOOK🐠🐸,OUR SONG “IF I WERE A FISH” IS BEING MADE INTO A PICTURE BOOK🐠🐸,Corook,Music Content,,False,2023-08-29 16:38:06,14381,1106,62,35.9525,7.690703010917183,0.4311244002503303,8.121827411167512,747,19.251673360107095,2025-09-15,2025-09-15 06:34:02
oYfvGSEPTCU,still slaps!,still slaps!,Corook,Music Content,,False,2025-03-14 14:03:58,13798,692,76,34.495,5.01521959704305,0.5508044644151326,5.566024061458182,184,74.98913043478261,2025-09-15,2025-09-15 06:33:34
-Q1-Ay4MB3o,"""if i were a fish"" drops tonight at midnight EST and I'm going LIVE!!","""if i were a fish"" drops tonight at midnight EST and I'm going LIVE!!",Corook,Live Performance,,False,2023-04-20 23:54:06,13036,530,11,32.589999999999996,4.065664314206812,0.08438171218165082,4.150046026388463,878,14.84738041002278,2025-09-15,2025-09-15 06:34:10
TItk8FRglwY,corook-crumbs (official audio),crumbs,Corook,Official Audio,,False,2024-10-25 04:00:23,12917,639,45,32.2925,4.946969110474568,0.34837810637144845,5.295347216846017,324,39.867283950617285,2025-09-15,2025-09-15 06:33:41
RjkUJsLVRmc,a maybe-overly-honest love song. “BDSM” is out tonight at midnight. https://corook.lnk.to/BDSM,a maybe-overly-honest love song. “BDSM” is out tonight at midnight. https://corook.lnk.to/BDSM,Corook,Music Content,,False,2022-07-07 21:02:06,12573,557,12,31.4325,4.430128052175297,0.09544261512765449,4.525570667302952,1165,10.792274678111587,2025-09-15,2025-09-15 06:34:25
x2yCV66xFrQ,Playing some cute shows!,Playing some cute shows!,Corook,Music Content,,False,2023-04-30 18:20:51,12566,1151,105,31.415000000000003,9.159637116027374,0.8355880948591438,9.995225210886518,868,14.476958525345623,2025-09-15,2025-09-15 06:34:10
PXivsillDa0,"moving forward, if you’re coming to my show, scream whenever I take my hat off, ok!!?","moving forward, if you’re coming to my show, scream whenever I take my hat off, ok!!?",Corook,Music Content,,False,2025-04-01 19:31:20,12414,226,23,31.035,1.8205252134686645,0.18527468986628,2.0057999033349443,166,74.78313253012048,2025-09-15,2025-09-15 06:33:34
9Gq0S5B5TU8,what should I call this one??? #newmusic,what should I call this one??? #newmusic,Corook,Music Content,,False,2022-06-01 19:21:01,12269,1165,58,30.6725,9.495476403944902,0.47273616431657023,9.968212568261473,1201,10.215653621981682,2025-09-15,2025-09-15 06:34:25
c_kQW6RCYu4,Serious Person is out everywhere now🥸🐸,Serious Person is out everywhere now🥸🐸,Corook,Music Content,,False,2023-05-19 17:13:11,12229,542,17,30.572499999999998,4.432087660479189,0.13901381960912584,4.5711014800883145,849,14.404004711425205,2025-09-15,2025-09-15 06:34:10
ilH7flcDcPk,still shimmerin ☀️,still shimmerin ☀️,Corook,Music Content,,False,2023-07-30 17:25:33,11742,557,121,29.355000000000004,4.743655254641458,1.030488843467893,5.774144098109351,777,15.111969111969112,2025-09-15,2025-09-15 06:34:02
3LG-pnfezuA,SURPRISE I RELEASED THIS #cover EVERYWHERE TODAY!!! https://corook.lnk.to/StacysMom,SURPRISE I RELEASED THIS #cover EVERYWHERE TODAY!!! https://corook.lnk.to/StacysMom,Corook,Music Content,,False,2022-12-07 17:42:44,11291,656,23,28.2275,5.809937118058631,0.20370206359047027,6.0136391816491015,1012,11.15711462450593,2025-09-15,2025-09-15 06:34:10
qnbu3opDoYA,Get tickets to my LA and nyc shows before they sell out🐸😊,Get tickets to my LA and nyc shows before they sell out🐸😊,Corook,Music Content,,False,2023-05-08 21:27:38,11189,508,20,27.9725,4.540173384574135,0.178746983644651,4.718920368218787,860,13.01046511627907,2025-09-15,2025-09-15 06:34:10
LHw_8IR3cjw,corook-alien (audio),alien (audio),Corook,Music Content,,False,2023-09-22 04:00:11,10802,329,38,27.005,3.0457322718015183,0.35178670616552493,3.397518977967043,723,14.940525587828493,2025-09-15,2025-09-15 06:33:55
CRKwwH4wOTU,Remember when?,Remember when?,Corook,Music Content,,False,2025-03-22 22:17:50,10351,282,65,25.8775,2.724374456574244,0.627958651338035,3.352333107912279,176,58.8125,2025-09-15,2025-09-15 06:33:34
6E8e8SeTcFo,I play bonnaroo today!!!!!!! Holy crap!!!!!!! #bonnaroo #musicfestival,I play bonnaroo today!!!!!!! Holy crap!!!!!!! #bonnaroo #musicfestival,Corook,Music Content,,False,2022-06-19 17:15:45,10298,320,12,25.745,3.107399495047582,0.11652748106428432,3.2239269761118665,1183,8.704987320371936,2025-09-15,2025-09-15 06:34:25
kNkYY3X3_AY,i'm not doing well,i'm not doing well,Corook,Music Content,,False,2023-02-15 21:27:09,10209,1041,60,25.5225,10.196885101381135,0.5877167205406993,10.784601821921834,942,10.837579617834395,2025-09-15,2025-09-15 06:34:10
1q_ObaDVWCU,two things to celebrate: I’m in love with Olivia & realistic is out now 💘,two things to celebrate: I’m in love with Olivia & realistic is out now 💘,Corook,Music Content,,False,2022-11-23 22:47:05,10034,612,27,25.085,6.099262507474586,0.2690851106238788,6.368347618098465,1026,9.77972709551657,2025-09-15,2025-09-15 06:34:25
bIjshD2Vmgs,"This is the moment that inspired the title of my “Corook, I got a kazoo for you” video 🎷","This is the moment that inspired the title of my “Corook, I got a kazoo for you” video 🎷",Corook,Music Content,,False,2024-01-01 05:00:30,9732,442,8,24.33,4.541718043567612,0.08220304151253596,4.623921085080148,622,15.646302250803858,2025-09-15,2025-09-15 06:33:48
ozaX8W3Z8y8,This is olivia’s favorite song I’ve made. Probably cause it’s about her but still 😅,This is olivia’s favorite song I’ve made. Probably cause it’s about her but still 😅,Corook,Music Content,,False,2023-05-17 20:22:47,9541,454,46,23.8525,4.75841106802222,0.48212975579079764,5.240540823813017,851,11.211515863689776,2025-09-15,2025-09-15 06:34:10
LA7kbZ9kt04,"""if i were a fish"" ft. olivia barton premiered on BBC Radio 1!!","""if i were a fish"" ft. olivia barton premiered on BBC Radio 1!!",Corook,Music Content,,False,2023-04-20 22:57:08,9286,485,56,23.215,5.222916217962524,0.6030583674348482,5.825974585397372,878,10.57630979498861,2025-09-15,2025-09-15 06:34:10
OiYbmgheptQ,This is about my struggle to stay connected to my true emotions. Put ur hand up if u can relate 🙋🏼,This is about my struggle to stay connected to my true emotions. Put ur hand up if u can relate 🙋🏼,Corook,Music Content,,False,2024-09-11 17:36:55,9110,1349,53,22.775,14.807903402854006,0.5817782656421515,15.389681668496157,368,24.755434782608695,2025-09-15,2025-09-15 06:33:48
IwaALnG4fgg,guys you can watch us on CBS Mornings tomorrow Dec 13 @ 8:15am EST to see us chat about our BOOK 😭,guys you can watch us on CBS Mornings tomorrow Dec 13 @ 8:15am EST to see us chat about our BOOK 😭,Corook,Music Content,,False,2023-12-12 18:17:39,8811,274,18,22.0275,3.1097491771649075,0.20429009193054137,3.3140392690954488,642,13.72429906542056,2025-09-15,2025-09-15 06:33:55
42RRKWFRfkE,I could have really used something like this when I was a wee lad 🐸,I could have really used something like this when I was a wee lad 🐸,Corook,Music Content,,False,2023-12-22 05:00:03,8753,458,17,21.8825,5.232491717125557,0.19421912487147264,5.426710841997029,632,13.849683544303797,2025-09-15,2025-09-15 06:33:48
CFQH9nDMcMQ,I haven’t seen Olivia in 10 whole days bc she went to FRANCE!!! Without ME! It was so rude.,I haven’t seen Olivia in 10 whole days bc she went to FRANCE!!! Without ME! It was so rude.,Corook,Music Content,,False,2025-08-26 05:14:38,8572,424,25,21.43,4.946336910872608,0.2916472235184321,5.2379841343910405,19,451.1578947368421,2025-09-15,2025-09-15 06:33:34
_jyzxucyxbY,Wikipedia says I’m so lucky 🍀,Wikipedia says I’m so lucky 🍀,Corook,Music Content,,False,2023-12-24 02:00:18,8418,678,27,21.044999999999998,8.05416963649323,0.3207412687099074,8.374910905203137,630,13.361904761904762,2025-09-15,2025-09-15 06:33:48
V1Ni_UdEWcE,This tour is saving my life 🫶🏻,This tour is saving my life 🫶🏻,Corook,Music Content,,False,2025-03-28 23:52:49,8403,363,47,21.0075,4.319885755087468,0.5593240509341901,4.879209806021659,170,49.42941176470588,2025-09-15,2025-09-15 06:33:34
vVSUEnAlW5w,yall wanted more so here’s a sneak peak of the chorus 😊❤️,yall wanted more so here’s a sneak peak of the chorus 😊❤️,Corook,Music Content,,False,2023-05-11 19:22:48,8364,752,29,20.910000000000004,8.99091343854615,0.34672405547584884,9.337637494021997,857,9.759626604434072,2025-09-15,2025-09-15 06:34:10
Ih5ldFehtus,I’ve been dying to show y’all my new hats and my new music! this one is called “blankets” 🐸💚 AHHHH!!,I’ve been dying to show y’all my new hats and my new music! this one is called “blankets” 🐸💚 AHHHH!!,Corook,Music Content,,False,2024-08-05 18:50:13,8337,1861,81,20.8425,22.322178241573706,0.9715725080964376,23.293750749670142,405,20.585185185185185,2025-09-15,2025-09-15 06:33:48
4ziaq66CbaQ,for all of us who didn’t grow up around “true love” 💘💘 pre-save: https://corook.lnk.to/realistic,for all of us who didn’t grow up around “true love” 💘💘 pre-save: https://corook.lnk.to/realistic,Corook,Music Content,,False,2022-11-09 20:12:13,8314,660,26,20.785,7.938417127736348,0.31272552321385616,8.251142650950204,1040,7.994230769230769,2025-09-15,2025-09-15 06:34:25
-iRHbbNnisk,Holy carp! Tour starts on Tuesday! Is this school 🐠 bus coming to your state?,Holy carp! Tour starts on Tuesday! Is this school 🐠 bus coming to your state?,Corook,Music Content,,False,2023-09-01 18:25:47,8218,501,29,20.545,6.096373813579946,0.35288391336091507,6.4492577269408615,744,11.045698924731182,2025-09-15,2025-09-15 06:34:02
bH4CZ2YepTs,Had way too much fun with this one,Had way too much fun with this one,Corook,Music Content,,False,2024-09-26 19:14:14,8031,765,28,20.0775,9.525588345162497,0.3486489851824181,9.874237330344915,353,22.75070821529745,2025-09-15,2025-09-15 06:33:48
LSKtPRDw-No,"like, are you kidding me!? 😭🐸","like, are you kidding me!? 😭🐸",Corook,Music Content,,False,2023-10-18 19:42:40,8005,654,25,20.012500000000003,8.169893816364771,0.3123048094940662,8.482198625858837,697,11.48493543758967,2025-09-15,2025-09-15 06:33:55
VNQgE3d7jeY,"February 6, 2025","February 6, 2025",Corook,Music Content,,False,2025-02-06 21:53:04,7877,259,17,19.6925,3.2880538275993394,0.21581820490034279,3.5038720324996824,220,35.804545454545455,2025-09-15,2025-09-15 06:33:41
pKkHsBjmuJM,@maxhelgemo and I play Coachella in our heads 🤘🏻,@maxhelgemo and I play Coachella in our heads 🤘🏻,Corook,Music Content,,False,2023-09-12 17:19:37,7837,421,8,19.5925,5.371953553655735,0.10207987750414699,5.474033431159882,733,10.691678035470668,2025-09-15,2025-09-15 06:34:02
gRmEIc4cjqs,TOUR O-FISH-IALLY STARTS IN ONE WEEK. Am I coming to your state? 🐠🐸,TOUR O-FISH-IALLY STARTS IN ONE WEEK. Am I coming to your state? 🐠🐸,Corook,Music Content,,False,2023-08-30 17:51:25,7671,436,39,19.177500000000002,5.683743970799114,0.5084082909659757,6.19215226176509,746,10.2828418230563,2025-09-15,2025-09-15 06:34:02
HxHX3WMqREI,🚨 ooweeooweee 🚨 tour starts in 2 weeks,🚨 ooweeooweee 🚨 tour starts in 2 weeks,Corook,Music Content,,False,2023-08-25 01:29:47,7267,364,26,18.1675,5.008944543828265,0.35778175313059035,5.366726296958855,751,9.676431424766978,2025-09-15,2025-09-15 06:34:02
jnl0WTxUekU,RIP me,RIP me,Corook,Music Content,,False,2024-10-01 01:29:51,7201,609,13,18.002499999999998,8.45715872795445,0.180530481877517,8.637689209831967,348,20.692528735632184,2025-09-15,2025-09-15 06:33:41
yiS4gP7G1Q0,"MY FIRST EVER HEADLINE TOUR STARTS TOMORROW! I REPEAT, TOUR STARTS TOMORROW!! 🤯🐠","MY FIRST EVER HEADLINE TOUR STARTS TOMORROW! I REPEAT, TOUR STARTS TOMORROW!! 🤯🐠",Corook,Music Content,,False,2023-09-04 22:48:05,7196,447,30,17.99,6.211784324624792,0.4168982768204558,6.628682601445248,741,9.711201079622132,2025-09-15,2025-09-15 06:34:02
ofFAyp-6It0,corook-jokes on me (lyric video),jokes on me (),Corook,Lyric Video,,False,2025-02-28 05:01:00,7191,510,81,17.9775,7.092198581560284,1.1264080100125156,8.218606591572799,198,36.31818181818182,2025-09-15,2025-09-15 06:33:34
8ol0L9LwPa4,I've just been made aware...,I've just been made aware...,Corook,Music Content,,False,2023-11-13 09:00:10,7113,342,18,17.782500000000002,4.808097849008857,0.25305778152678193,5.061155630535639,671,10.60059612518629,2025-09-15,2025-09-15 06:33:55
FDG_aVJBZ8o,I’m reclaiming this song!!,I’m reclaiming this song!!,Corook,Music Content,,False,2025-03-24 06:23:52,6996,183,60,17.490000000000002,2.615780445969125,0.8576329331046313,3.4734133790737562,174,40.206896551724135,2025-09-15,2025-09-15 06:33:34
7HUM4RmkvMI,"cats out of the bag, we exist and always have 🐸✨💚","cats out of the bag, we exist and always have 🐸✨💚",Corook,Music Content,,False,2025-01-22 16:35:51,6974,673,77,17.435000000000002,9.650129050759967,1.1041009463722398,10.754229997132207,235,29.676595744680853,2025-09-15,2025-09-15 06:33:41
XnFVmIUlEMI,is this marketing?!? are u entertained?!? ballerina is out friday!!!! 🩰🩰,is this marketing?!? are u entertained?!? ballerina is out friday!!!! 🩰🩰,Corook,Music Content,,False,2024-09-25 23:40:17,6651,500,17,16.627499999999998,7.517666516313335,0.25560066155465344,7.7732671778679885,354,18.78813559322034,2025-09-15,2025-09-15 06:33:48
-IlC0tEU_Oc,IK I don’t owe an explanation or anything nor do I intend on being a quantity over quality person.,IK I don’t owe an explanation or anything nor do I intend on being a quantity over quality person.,Corook,Music Content,,False,2025-08-25 15:13:40,6621,272,12,16.552500000000002,4.10814076423501,0.18124150430448574,4.289382268539496,20,331.05,2025-09-15,2025-09-15 06:33:34
toI-4FOtVSA,being back on tour got me feeling likeee…,being back on tour got me feeling likeee…,Corook,Music Content,,False,2025-03-11 14:53:04,6598,290,53,16.495,4.395271294331616,0.8032737193088816,5.198545013640498,187,35.283422459893046,2025-09-15,2025-09-15 06:33:34
DtkrxlA1HA0,WHAT IS GOING ON 🐠🐟🐡🐸,WHAT IS GOING ON 🐠🐟🐡🐸,Corook,Music Content,,False,2023-05-03 20:53:02,6512,411,45,16.279999999999998,6.311425061425062,0.691031941031941,7.002457002457003,865,7.528323699421965,2025-09-15,2025-09-15 06:34:10
5rb3hnj7aso,HAIRCUT! 💇🏼,HAIRCUT! 💇🏼,Corook,Music Content,,False,2023-12-13 17:45:18,6331,285,15,15.8275,4.501658505765282,0.23692939504027802,4.73858790080556,641,9.876755070202808,2025-09-15,2025-09-15 06:33:48
HlcJItwWpXc,"if ur reading this, give yourself a hug. “smoothie” out now 🎶: ￼https://corook.lnk.to/smoothie","if ur reading this, give yourself a hug. “smoothie” out now 🎶: ￼https://corook.lnk.to/smoothie",Corook,Music Content,,False,2022-11-07 22:54:03,6236,716,21,15.59,11.481719050673508,0.3367543296985247,11.818473380372033,1042,5.984644913627639,2025-09-15,2025-09-15 06:34:25
Q6c-1nsVom4,corook-I FORGOT (audio),I FORGOT (audio),Corook,Music Content,,False,2023-09-22 04:00:15,6204,247,13,15.51,3.9813023855577048,0.20954223081882656,4.190844616376531,723,8.58091286307054,2025-09-15,2025-09-15 06:33:55
xIQeAD4uzao,Serious Person part 2 is out today! ’m excited that these songs are now for you all to hear 👽🐸,Serious Person part 2 is out today! ’m excited that these songs are now for you all to hear 👽🐸,Corook,Music Content,,False,2023-09-22 17:21:38,6191,370,22,15.4775,5.97641738006784,0.35535454692295265,6.331771926990792,723,8.562932226832642,2025-09-15,2025-09-15 06:33:55
OntymuFmcd0,My most emotional release yet #Shorts,My most emotional release yet #Shorts,Corook,Music Content,,False,2022-03-14 21:58:52,6183,364,16,15.4575,5.887109817240821,0.25877405790069546,6.145883875141517,1280,4.83046875,2025-09-15,2025-09-15 06:34:25
8iPkOEEi3hw,DAY 8!!! Been wanting to say this for a while.,DAY 8!!! Been wanting to say this for a while.,Corook,Music Content,,False,2025-08-30 02:24:35,6148,532,15,15.37,8.653220559531555,0.24398178269355889,8.897202342225114,15,409.8666666666667,2025-09-15,2025-09-15 06:33:34
uBtFYvkafxw,"Corook, I Got A Kazoo For You",", I Got A Kazoo For You",Corook,Music Content,,False,2023-12-31 05:01:06,6134,280,46,15.335,4.564721225953701,0.7499184871209651,5.314639713074666,623,9.845906902086677,2025-09-15,2025-09-15 06:33:48
Y4vXInvK_Wc,Playing my whole album a couple days early on Wednesday 👀👀,Playing my whole album a couple days early on Wednesday 👀👀,Corook,Music Content,,False,2025-02-21 19:35:43,6092,164,11,15.229999999999999,2.6920551543007223,0.18056467498358503,2.8726198292843073,205,29.71707317073171,2025-09-15,2025-09-15 06:33:41
Ge5Ab3WKs8M,emergency contact ft. YOU!!? Show me what you got 💁🏼,emergency contact ft. YOU!!? Show me what you got 💁🏼,Corook,Music Content,,False,2023-08-28 20:49:23,6053,360,19,15.1325,5.947464067404592,0.313893936890798,6.26135800429539,748,8.092245989304812,2025-09-15,2025-09-15 06:34:02
sD3uzRDzBY0,im so not a serious person but i want you seriously,im so not a serious person but i want you seriously,Corook,Music Content,,False,2023-05-02 23:03:25,5964,547,42,14.91,9.171696847753186,0.7042253521126761,9.875922199865862,866,6.886836027713626,2025-09-15,2025-09-15 06:34:10
xiABQqm9PZ8,live laugh love yourself! my new song “smoothie” comes out tomorrow🍌 https://corook.lnk.to/smoothie,live laugh love yourself! my new song “smoothie” comes out tomorrow🍌 https://corook.lnk.to/smoothie,Corook,Live Performance,,False,2022-10-25 20:41:47,5909,647,22,14.772499999999999,10.949399221526484,0.3723134202064647,11.32171264173295,1055,5.600947867298578,2025-09-15,2025-09-15 06:34:25
VAeS-3Wtrb4,Maybe I’m just an 👽,Maybe I’m just an 👽,Corook,Music Content,,False,2023-09-07 17:17:41,5888,752,52,14.719999999999999,12.771739130434783,0.8831521739130435,13.654891304347826,738,7.978319783197832,2025-09-15,2025-09-15 06:34:02
ZD3utHS14K0,corook-haircut (audio),haircut (audio),Corook,Music Content,,False,2023-09-22 04:00:30,5789,188,21,14.4725,3.247538434962861,0.36275695284159615,3.610295387804457,723,8.006915629322268,2025-09-15,2025-09-15 06:33:55
YSAbNpFarg8,"March 26, 2025","March 26, 2025",Corook,Music Content,,False,2025-03-26 18:04:18,5656,145,22,14.139999999999999,2.5636492220650635,0.38896746817538896,2.9526166902404523,172,32.883720930232556,2025-09-15,2025-09-15 06:33:34
x6wx-AB20Ck,I was nominated for Breakout Artist for the Queerty awards 🧡 🏳️‍🌈 I’m so honored.,I was nominated for Breakout Artist for the Queerty awards 🧡 🏳️‍🌈 I’m so honored.,Corook,Music Content,,False,2024-02-06 20:58:28,5602,531,26,14.005,9.478757586576222,0.46411995715815785,9.94287754373438,586,9.559726962457338,2025-09-15,2025-09-15 06:33:48
9bAo_jIg-ew,Walking thru the aisle of the grocery store w/ you feels like the aisle w/ the preacher & the pews 🧡,Walking thru the aisle of the grocery store w/ you feels like the aisle w/ the preacher & the pews 🧡,Corook,Music Content,,False,2023-12-06 20:35:37,5525,525,31,13.8125,9.502262443438914,0.5610859728506787,10.063348416289593,648,8.526234567901234,2025-09-15,2025-09-15 06:33:55
ZnDC3zFI3W4,"Can somebody put their hands up?!🙌🏻  ballerina is out, have u heard? 👀","Can somebody put their hands up?!🙌🏻 ballerina is out, have u heard? 👀",Corook,Music Content,,False,2024-09-27 00:58:04,5525,999,34,13.8125,18.081447963800905,0.6153846153846154,18.69683257918552,352,15.696022727272727,2025-09-15,2025-09-15 06:33:41
UO0snanNWvg,my mom told me she doesn’t understand the lyrics of this one,my mom told me she doesn’t understand the lyrics of this one,Corook,Music Content,,False,2025-02-27 20:10:36,5467,499,44,13.667499999999999,9.127492226083774,0.8048289738430584,9.932321199926832,199,27.472361809045225,2025-09-15,2025-09-15 06:33:34
-uaWZs-ngQQ,oowee oowee!,oowee oowee!,Corook,Music Content,,False,2023-12-23 23:27:46,5449,440,22,13.622499999999999,8.074876124059461,0.403743806202973,8.478619930262434,631,8.635499207606973,2025-09-15,2025-09-15 06:33:48
eBWHfl_UrlU,Try not to be jealous of my dancing skills! Should I throw a ballerina release party next Friday? 🤔,Try not to be jealous of my dancing skills! Should I throw a ballerina release party next Friday? 🤔,Corook,Music Content,,False,2024-09-13 17:18:21,5448,623,39,13.620000000000001,11.43538913362702,0.7158590308370044,12.151248164464024,366,14.885245901639344,2025-09-15,2025-09-15 06:33:48
iM7b_dQvqSc,Biggest accomplishment of the year 💅 #queer,Biggest accomplishment of the year 💅 #queer,Corook,Music Content,,False,2025-01-08 00:54:12,5434,344,21,13.585,6.330511593669488,0.38645564961354434,6.716967243283032,249,21.823293172690764,2025-09-15,2025-09-15 06:33:41
jcUXRDmBXwg,THE PUPPETS PRESENT: emergency contact,THE PUPPETS PRESENT: emergency contact,Corook,Music Content,,False,2023-08-30 00:32:55,5382,397,18,13.454999999999998,7.376439985135637,0.33444816053511706,7.710888145670753,746,7.214477211796247,2025-09-15,2025-09-15 06:34:02
Xfo37sh-hOY,Never thought I’d write a love song called “Death” but here we are 💚,Never thought I’d write a love song called “Death” but here we are 💚,Corook,Music Content,,False,2025-02-13 01:25:43,5297,442,24,13.2425,8.344345856144987,0.4530866528223523,8.797432508967338,213,24.868544600938968,2025-09-15,2025-09-15 06:33:41
-NH7FBF755g,I GOT BLENDED UP AND NOW IM SMOOOOOOTHIE !!!!! #newmusic,I GOT BLENDED UP AND NOW IM SMOOOOOOTHIE !!!!! #newmusic,Corook,Music Content,,False,2022-06-17 22:43:12,5234,562,14,13.085,10.737485670615209,0.26748184944593045,11.00496752006114,1185,4.416877637130802,2025-09-15,2025-09-15 06:34:25
C5wZOKHPmyQ,"ballerina is the 2nd single from MY DEBUT ALBUM, baby!Committed to a Bit will be here February 7th.","ballerina is the 2nd single from MY DEBUT ALBUM, baby!Committed to a Bit will be here February 7th.",Corook,Music Content,,False,2024-09-27 17:23:03,5183,660,19,12.9575,12.733937873818252,0.36658306000385876,13.10052093382211,352,14.724431818181818,2025-09-15,2025-09-15 06:33:41
R6rjPiLpzbg,"I know it’ll end, so I’m a bad friend","I know it’ll end, so I’m a bad friend",Corook,Music Content,,False,2023-07-27 20:26:43,5182,188,24,12.955000000000002,3.6279428791972212,0.4631416441528367,4.091084523350058,780,6.643589743589744,2025-09-15,2025-09-15 06:34:02
LUZNgon1FqE,blankets (episode 2),blankets (episode 2),Corook,Music Content,,False,2024-08-16 15:00:23,5128,499,54,12.82,9.730889235569423,1.0530421216848673,10.783931357254291,394,13.01522842639594,2025-09-15,2025-09-15 06:33:48
l24s30RN8Ts,One size fits all except for me,One size fits all except for me,Corook,Music Content,,False,2023-05-31 00:06:41,5077,319,21,12.692499999999999,6.283238132755564,0.4136300965136892,6.696868229269253,837,6.0657108721624855,2025-09-15,2025-09-15 06:34:10
GZjfaKKJU8s,POV: ur my shitty ass computer #newmusic,POV: ur my shitty ass computer #newmusic,Corook,Music Content,,False,2022-06-07 21:46:29,4979,295,13,12.4475,5.9248845149628435,0.26109660574412535,6.185981120706969,1195,4.166527196652719,2025-09-15,2025-09-15 06:34:25
H4di3bVu16s,thank you all for making this tour exceed any expectations I had for my first ever headline run 🐸,thank you all for making this tour exceed any expectations I had for my first ever headline run 🐸,Corook,Music Content,,False,2023-10-12 23:00:18,4945,324,15,12.3625,6.552072800808897,0.3033367037411527,6.85540950455005,703,7.034139402560455,2025-09-15,2025-09-15 06:33:55
BJLa2Pq85m0,100 days of corook DAY 2!!,100 days of corook DAY 2!!,Corook,Music Content,,False,2025-08-23 16:16:19,4852,377,24,12.13,7.769991755976917,0.49464138499587795,8.264633140972794,22,220.54545454545453,2025-09-15,2025-09-15 06:33:34
6NbGUuR726g,corook-party party party! (audio),party party party! (audio),Corook,Music Content,,False,2023-09-22 04:00:08,4765,133,12,11.9125,2.7911857292759708,0.2518363064008394,3.04302203567681,723,6.590594744121715,2025-09-15,2025-09-15 06:33:55
ifd9ryAD1XE,"We just got the first copies of our book and OH MY GOD you guys, it’s happening!!","We just got the first copies of our book and OH MY GOD you guys, it’s happening!!",Corook,Music Content,,False,2023-11-15 17:29:54,4760,262,13,11.899999999999999,5.504201680672269,0.27310924369747897,5.777310924369748,669,7.115097159940209,2025-09-15,2025-09-15 06:33:55
_UIcVnJLOvI,verse 1 of pepto bismol 🤷🩷,verse 1 of pepto bismol 🤷🩷,Corook,Music Content,,False,2024-12-19 00:55:04,4759,483,30,11.8975,10.149191006513973,0.6303845345660853,10.779575541080058,269,17.691449814126393,2025-09-15,2025-09-15 06:33:41
Lr_vx_haI_g,Haircut is one of my favs on serious person part 2 ✂️,Haircut is one of my favs on serious person part 2 ✂️,Corook,Music Content,,False,2023-09-25 17:12:19,4753,304,15,11.8825,6.395960446034084,0.31559015358720804,6.711550599621292,720,6.601388888888889,2025-09-15,2025-09-15 06:33:55
9lkdik4i54o,Now when I’m without them my face looks kinda naked,Now when I’m without them my face looks kinda naked,Corook,Music Content,,False,2023-09-30 01:51:00,4719,346,13,11.797500000000001,7.332061877516423,0.27548209366391185,7.607543971180334,715,6.6,2025-09-15,2025-09-15 06:33:55
45kbIjNmmVg,I have felt devastated and sad and angry and ready and powerful all in the last 48 hours.,I have felt devastated and sad and angry and ready and powerful all in the last 48 hours.,Corook,Music Content,,False,2024-11-08 23:46:01,4712,801,35,11.78,16.999151103565367,0.7427843803056027,17.74193548387097,310,15.2,2025-09-15,2025-09-15 06:33:41
tgChNzcAwo8,"Backwards kazoos, a common mistake! 😂 our book has been out for almost 2 months!!","Backwards kazoos, a common mistake! 😂 our book has been out for almost 2 months!!",Corook,Music Content,,False,2024-01-30 23:15:17,4709,163,3,11.772499999999999,3.4614567848800166,0.06370779358674877,3.5251645784667653,593,7.940978077571669,2025-09-15,2025-09-15 06:33:48
Faqew_04C_g,committed to a bit (episode 1),committed to a bit (episode 1),Corook,Music Content,,False,2024-07-31 18:02:09,4675,604,72,11.6875,12.919786096256686,1.540106951871658,14.459893048128345,410,11.402439024390244,2025-09-15,2025-09-15 06:33:48
Mplqsp2NJ3Q,PSA: Tour starts in a month!! Get tix!!,PSA: Tour starts in a month!! Get tix!!,Corook,Music Content,,False,2025-01-28 18:32:06,4675,283,19,11.6875,6.053475935828876,0.40641711229946526,6.459893048128341,229,20.41484716157205,2025-09-15,2025-09-15 06:33:41
AyFULi-PkgU,Our book comes out TOMORROW!!! This is insane.,Our book comes out TOMORROW!!! This is insane.,Corook,Music Content,,False,2023-12-04 23:07:20,4664,200,3,11.66,4.288164665523156,0.06432246998284735,4.352487135506003,650,7.1753846153846155,2025-09-15,2025-09-15 06:33:55
9dY0wFz9_vo,"I’ll be releasing this song on Friday, May 19th…seriously 🤓🐸","I’ll be releasing this song on Friday, May 19th…seriously 🤓🐸",Corook,Music Content,,False,2023-05-16 02:45:24,4663,305,41,11.6575,6.540853527771821,0.8792622775037529,7.420115805275574,852,5.473004694835681,2025-09-15,2025-09-15 06:34:10
8cZfgtW14H4,TICKETS ON SALE NOW!! also!! This tour we are doing VIP! We will all hangout before the show!,TICKETS ON SALE NOW!! also!! This tour we are doing VIP! We will all hangout before the show!,Corook,Music Content,,False,2024-11-22 18:08:15,4634,247,18,11.585,5.330168321104877,0.38843331894691413,5.718601640051792,296,15.655405405405405,2025-09-15,2025-09-15 06:33:41
E9cTpTLlf58,ooweeoowee my emergency contact 🚨🧦 full version coming to the Internet on August 25th!!! 🐸,ooweeoowee my emergency contact 🚨🧦 full version coming to the Internet on August 25th!!! 🐸,Corook,Music Content,,False,2023-08-16 20:11:52,4526,300,29,11.315,6.628369421122404,0.6407423773751657,7.269111798497569,760,5.955263157894737,2025-09-15,2025-09-15 06:34:02
RafhEhS0ekg,Y'all came PREPARED for this song!!,Y'all came PREPARED for this song!!,Corook,Music Content,,False,2023-09-10 18:02:22,4482,262,10,11.205,5.845604640785364,0.22311468094600626,6.06871932173137,735,6.09795918367347,2025-09-15,2025-09-15 06:34:02
wmpE4dtoiiI,I’m having so much fun on this tour can u tell?,I’m having so much fun on this tour can u tell?,Corook,Music Content,,False,2025-03-22 02:10:02,4447,331,24,11.1175,7.443220148414661,0.5396896784348999,7.982909826849561,176,25.267045454545453,2025-09-15,2025-09-15 06:33:34
_mzBBQ9YBm4,me n all my blue haired baristas 💁🏼💙,me n all my blue haired baristas 💁🏼💙,Corook,Music Content,,False,2025-03-10 18:43:49,4442,234,27,11.105,5.267897343538946,0.6078343088698784,5.875731652408825,188,23.627659574468087,2025-09-15,2025-09-15 06:33:34
2nn41c39CtQ,Maybe we’re all 👽s together. this song's called alien & it’ll be on Serious Person Pt 2 out 9/22 🧡,Maybe we’re all 👽s together. this song's called alien & it’ll be on Serious Person Pt 2 out 9/22 🧡,Corook,Music Content,,False,2023-09-17 18:39:45,4439,453,37,11.0975,10.205001126379814,0.8335210633025456,11.03852218968236,728,6.097527472527473,2025-09-15,2025-09-15 06:34:02
c4wNqsDRDXg,have you guys bumped this yet? 📻,have you guys bumped this yet? 📻,Corook,Music Content,,False,2023-09-03 18:35:47,4426,321,12,11.065000000000001,7.252598282873928,0.27112516945323095,7.523723452327158,742,5.964959568733153,2025-09-15,2025-09-15 06:34:02
twxMb9FcjBg,I’m on tour! Come see me make my debut on drums 🥁,I’m on tour! Come see me make my debut on drums 🥁,Corook,Music Content,,False,2023-09-12 02:38:55,4293,323,15,10.7325,7.5238760773351965,0.3494060097833683,7.8732820871185645,733,5.85675306957708,2025-09-15,2025-09-15 06:34:02
Y2SVpx6Y2fc,WATCH OUT BOOTLICKERS IM COMING FOR UR FYP 💅🐸✨,WATCH OUT BOOTLICKERS IM COMING FOR UR FYP 💅🐸✨,Corook,Music Content,,False,2025-01-26 22:50:05,4272,317,34,10.68,7.420411985018727,0.7958801498127341,8.21629213483146,231,18.493506493506494,2025-09-15,2025-09-15 06:33:41
C0knKIXUCDg,THEY! is reaching people in a way I never thought it would. Thank you to everyone who’s had my back,THEY! is reaching people in a way I never thought it would. Thank you to everyone who’s had my back,Corook,Music Content,,False,2025-02-08 00:47:38,4249,491,35,10.622499999999999,11.555660155330665,0.8237232289950577,12.379383384325722,218,19.490825688073393,2025-09-15,2025-09-15 06:33:41
u0DlxkGteA8,“the dog” is out now 🐶❤️,“the dog” is out now 🐶❤️,Corook,Music Content,,False,2023-01-24 17:53:26,4242,345,13,10.605,8.132956152758133,0.30645921735030646,8.43941537010844,964,4.4004149377593365,2025-09-15,2025-09-15 06:34:10
9B7p9FO89fg,I think this my fav love song ive ever written 💚,I think this my fav love song ive ever written 💚,Corook,Music Content,,False,2025-02-11 23:59:35,4221,295,25,10.5525,6.988865197820422,0.5922767116796968,7.5811419095001185,215,19.632558139534883,2025-09-15,2025-09-15 06:33:41
0fuHtrITKgY,corook-pepto bismol (lyric video),pepto bismol (),Corook,Lyric Video,,False,2025-02-28 05:00:00,4191,139,11,10.4775,3.316630875685994,0.26246719160104987,3.5790980672870436,198,21.166666666666668,2025-09-15,2025-09-15 06:33:34
z3b5O7n8f6Y,"It’s been hard work, but I’m almost to the UK and Ireland for my headline shows!! 🚣🏼‍♂️","It’s been hard work, but I’m almost to the UK and Ireland for my headline shows!! 🚣🏼‍♂️",Corook,Music Content,,False,2023-11-21 18:00:58,4147,259,9,10.3675,6.245478659271763,0.2170243549553894,6.462503014227153,663,6.254901960784314,2025-09-15,2025-09-15 06:33:55
ZUVdMn7Juho,Olivia and I made a book and it’s out in ONE WEEK CAN YOU BELIEVE IT!!?,Olivia and I made a book and it’s out in ONE WEEK CAN YOU BELIEVE IT!!?,Corook,Music Content,,False,2023-11-28 18:09:25,4116,262,14,10.29,6.365403304178814,0.3401360544217687,6.705539358600583,656,6.274390243902439,2025-09-15,2025-09-15 06:33:55
asc3Lfmvcgw,we rehearsed this 15 times. Did we finally nail it?,we rehearsed this 15 times. Did we finally nail it?,Corook,Music Content,,False,2023-11-10 00:56:15,4085,291,10,10.2125,7.123623011015912,0.24479804161566704,7.368421052631579,674,6.060830860534125,2025-09-15,2025-09-15 06:33:55
G2Cjadt0pxg,this one’s called pepto bismol!!! 😅😅😅,this one’s called pepto bismol!!! 😅😅😅,Corook,Music Content,,False,2024-12-13 02:41:03,4083,520,35,10.2075,12.735733529267696,0.8572128337007103,13.592946362968407,275,14.847272727272728,2025-09-15,2025-09-15 06:33:41
P68Gauax9gE,can u spot my dog? song is out now btw link in bio,can u spot my dog? song is out now btw link in bio,Corook,Music Content,,False,2022-12-01 20:39:20,4063,365,15,10.157499999999999,8.983509721880385,0.3691853310361802,9.352695052916564,1018,3.9911591355599216,2025-09-15,2025-09-15 06:34:25
XwD9kHrZJNo,my gf has my back 💁🏼,my gf has my back 💁🏼,Corook,Music Content,,False,2023-08-31 19:50:53,3939,310,6,9.8475,7.87001777100787,0.15232292460015232,8.022340695608023,745,5.287248322147651,2025-09-15,2025-09-15 06:34:02
Qhsd6jVMf6g,next song is out already!!! If you know the password 🤔🛏️ Here’s a hint….. b*******,next song is out already!!! If you know the password 🤔🛏️ Here’s a hint….. b*******,Corook,Music Content,,False,2024-09-10 07:00:24,3932,198,9,9.83,5.035605289928789,0.2288911495422177,5.2644964394710065,369,10.655826558265582,2025-09-15,2025-09-15 06:33:48
OrUe-hyXGwo,I don’t think Liv and I were prepared for how much time we’d be spending apart this year.,I don’t think Liv and I were prepared for how much time we’d be spending apart this year.,Corook,Music Content,,False,2023-11-20 02:00:14,3872,436,25,9.68,11.260330578512397,0.6456611570247934,11.90599173553719,664,5.831325301204819,2025-09-15,2025-09-15 06:33:55
P84Z0DFqesk,things are heating up in corook tour land! happy to announce i get to have Morgen open the shows! :),things are heating up in corook tour land! happy to announce i get to have Morgen open the shows! :),Corook,Music Content,,False,2023-08-29 01:44:08,3870,235,18,9.675,6.072351421188631,0.46511627906976744,6.537467700258398,747,5.180722891566265,2025-09-15,2025-09-15 06:34:02
1HRjqdtzEIs,"It’s always been my dream to do what I am doing, I just didn’t realize how hard it would be.","It’s always been my dream to do what I am doing, I just didn’t realize how hard it would be.",Corook,Music Content,,False,2023-12-30 05:00:00,3828,217,7,9.57,5.668756530825497,0.18286311389759666,5.851619644723093,624,6.134615384615385,2025-09-15,2025-09-15 06:33:48
X2InOorHFNw,🐸,🐸,Corook,Music Content,,False,2025-01-06 13:55:18,3817,328,13,9.5425,8.593135970657585,0.34058160859313596,8.93371757925072,251,15.207171314741036,2025-09-15,2025-09-15 06:33:41
Tuh2PQm8M0Y,music video for “realisitic” is out now. Thanks to @People for premiering 🥹❤️ #officialvideo,music video for “realisitic” is out now. Thanks to @People for premiering 🥹❤️ #officialvideo,Corook,Music Video,,False,2022-12-06 17:24:46,3784,221,10,9.459999999999999,5.840380549682876,0.2642706131078224,6.104651162790698,1013,3.7354392892398813,2025-09-15,2025-09-15 06:34:25
RYn_RSdMUVs,corook-ballerina (lyric video),ballerina (),Corook,Lyric Video,,False,2025-02-28 05:00:24,3754,140,15,9.385,3.7293553542887588,0.3995737879595098,4.128929142248269,198,18.95959595959596,2025-09-15,2025-09-15 06:33:34
pT9s5_pniGU,been in my fort all weekend blasting blankets wbu? 🐸,been in my fort all weekend blasting blankets wbu? 🐸,Corook,Music Content,,False,2024-08-19 18:58:50,3711,552,22,9.2775,14.874696847210995,0.5928321207221773,15.467528967933172,391,9.491048593350383,2025-09-15,2025-09-15 06:33:48
xN1qjn2sAvY,corook-committed to a bit (lyric video),committed to a bit (),Corook,Lyric Video,,False,2025-02-28 05:00:56,3705,134,35,9.2625,3.616734143049932,0.9446693657219973,4.56140350877193,198,18.71212121212121,2025-09-15,2025-09-15 06:33:34
7mozUo2_BOI,are we sold on this name or…??? tour starts TOMORROW! 😲,are we sold on this name or…??? tour starts TOMORROW! 😲,Corook,Music Content,,False,2025-03-02 16:33:49,3576,146,27,8.94,4.082774049217002,0.7550335570469799,4.837807606263982,196,18.244897959183675,2025-09-15,2025-09-15 06:33:34
PuEgV1Amhb8,"no sweat, cause I know you got my back 🧦🐸","no sweat, cause I know you got my back 🧦🐸",Corook,Music Content,,False,2023-08-14 15:59:10,3557,253,34,8.8925,7.112735451222941,0.9558616811920156,8.068597132414956,762,4.667979002624672,2025-09-15,2025-09-15 06:34:02
YkGm8U6uyTk,It’s not 🦆ing funny!!!,It’s not 🦆ing funny!!!,Corook,Music Content,,False,2025-03-16 15:15:53,3535,115,46,8.8375,3.253182461103253,1.3012729844413014,4.554455445544555,182,19.423076923076923,2025-09-15,2025-09-15 06:33:34
jqK3uLB5bA0,corook-blankets (lyric video),blankets (),Corook,Lyric Video,,False,2025-02-28 05:00:45,3529,149,17,8.8225,4.222159251912723,0.4817228676678946,4.7038821195806175,198,17.82323232323232,2025-09-15,2025-09-15 06:33:34
u75-EcZtPzs,🙄,🙄,Corook,Music Content,,False,2025-01-29 18:07:56,3508,255,58,8.77,7.269099201824401,1.653363740022805,8.922462941847206,228,15.385964912280702,2025-09-15,2025-09-15 06:33:41
W_WNothCoNI,crumbs (episode 4),crumbs (episode 4),Corook,Music Content,,False,2024-10-25 14:00:28,3491,256,19,8.727500000000001,7.333142366084217,0.5442566599828129,7.87739902606703,324,10.774691358024691,2025-09-15,2025-09-15 06:33:41
6IJJVcqGeBw,I WON'T ACCEPT LESS THAN I DESERVE!! 🐸,I WON'T ACCEPT LESS THAN I DESERVE!! 🐸,Corook,Music Content,,False,2023-08-10 22:45:29,3463,358,43,8.6575,10.33785734911926,1.241697949754548,11.579555298873807,766,4.52088772845953,2025-09-15,2025-09-15 06:34:02
3OmXjVpMomA,PSA online bullying isn’t cute 🙅,PSA online bullying isn’t cute 🙅,Corook,Music Content,,False,2025-03-19 23:08:41,3441,142,44,8.6025,4.126707352513804,1.2786980528916014,5.405405405405405,179,19.223463687150836,2025-09-15,2025-09-15 06:33:34
v9Tq7ubhzkg,It’s not ducking funny!! 🦆,It’s not ducking funny!! 🦆,Corook,Music Content,,False,2025-02-26 17:27:38,3424,179,11,8.56,5.227803738317757,0.3212616822429906,5.549065420560748,200,17.12,2025-09-15,2025-09-15 06:33:34
fcXL6anEAuU,I love this song. I love these songs. Hehe!!!!,I love this song. I love these songs. Hehe!!!!,Corook,Music Content,,False,2025-02-28 17:10:35,3409,249,30,8.522499999999999,7.304194778527427,0.8800234672924611,8.184218245819888,198,17.217171717171716,2025-09-15,2025-09-15 06:33:34
VsKmjzDcwv4,HAIRCUT! ✂️,HAIRCUT! ✂️,Corook,Music Content,,False,2023-09-27 17:35:33,3396,190,8,8.49,5.5948174322732624,0.23557126030624262,5.830388692579505,718,4.729805013927576,2025-09-15,2025-09-15 06:33:55
0vqKQgMeEv4,we all deserved a big f**king meal. hope you all are feeding yourselves 💚,we all deserved a big f**king meal. hope you all are feeding yourselves 💚,Corook,Music Content,,False,2024-11-01 22:15:56,3379,370,22,8.4475,10.949985202722699,0.6510802012429713,11.60106540396567,317,10.659305993690852,2025-09-15,2025-09-15 06:33:41
kRjT7sdBug0,corook-weird (lyric video),weird (),Corook,Lyric Video,,False,2025-02-28 05:00:46,3315,178,9,8.2875,5.369532428355957,0.27149321266968324,5.6410256410256405,198,16.742424242424242,2025-09-15,2025-09-15 06:33:34
mbqqJqD6xhc,This is so totally and completely normal….💚🐸😭,This is so totally and completely normal….💚🐸😭,Corook,Music Content,,False,2025-01-27 17:10:36,3284,282,8,8.209999999999999,8.587088915956151,0.24360535931790497,8.830694275274057,230,14.278260869565218,2025-09-15,2025-09-15 06:33:41
97Ts7ZpNAMs,a new corook era has commenced 👀🐸,a new corook era has commenced 👀🐸,Corook,Music Content,,False,2024-08-01 22:59:53,3279,660,35,8.1975,20.128087831655993,1.0673985971332722,21.195486428789266,409,8.017114914425427,2025-09-15,2025-09-15 06:33:48
pqn7cPFdX5A,"God I’m so lucky, god you’re the best 🥰","God I’m so lucky, god you’re the best 🥰",Corook,Music Content,,False,2023-09-20 23:12:34,3266,365,25,8.165,11.175750153092467,0.7654623392529087,11.941212492345375,725,4.504827586206897,2025-09-15,2025-09-15 06:34:02
k5ulBOuDtEU,“alien” is my commitment to prioritize finding myself over fitting in.,“alien” is my commitment to prioritize finding myself over fitting in.,Corook,Music Content,,False,2023-10-09 21:31:09,3249,244,14,8.1225,7.510003077870114,0.43090181594336713,7.940904893813482,706,4.601983002832861,2025-09-15,2025-09-15 06:33:55
d8-0VxLDARA,idk god out now :) #Shorts,idk god out now :) #Shorts,Corook,Music Content,,False,2022-03-15 18:24:56,3223,213,4,8.0575,6.6087496121625815,0.12410797393732546,6.732857586099907,1279,2.519937451133698,2025-09-15,2025-09-15 06:34:25
HOuPxTEVnWk,corook-crumbs (lyric video),crumbs (),Corook,Lyric Video,,False,2025-02-28 05:00:20,3162,136,17,7.904999999999999,4.301075268817205,0.5376344086021506,4.838709677419356,198,15.969696969696969,2025-09-15,2025-09-15 06:33:34
XOUk8cqmP14,I’m leaving for tour today! Long journey ahead!,I’m leaving for tour today! Long journey ahead!,Corook,Music Content,,False,2023-11-13 06:56:35,3154,140,12,7.885,4.438807863031072,0.3804692454026633,4.819277108433735,671,4.700447093889717,2025-09-15,2025-09-15 06:33:55
AxS4bmE9sdE,"a little BTS of the making of ""emergency contact""","a little BTS of the making of ""emergency contact""",Corook,Behind The Scenes,,False,2023-08-28 21:20:30,3116,239,15,7.79,7.670089858793324,0.4813863928112966,8.15147625160462,748,4.165775401069519,2025-09-15,2025-09-15 06:34:02
TH2zY3E6J1M,sobbed the first time I heard this song bc it meant something sooo different to me!,sobbed the first time I heard this song bc it meant something sooo different to me!,Corook,Music Content,,False,2024-10-30 18:17:20,3101,178,11,7.7524999999999995,5.740083843921315,0.3547242824895195,6.094808126410835,319,9.721003134796238,2025-09-15,2025-09-15 06:33:41
Z9b5lahwVCc,ballerina (episode 3),ballerina (episode 3),Corook,Music Content,,False,2024-09-20 14:00:24,3091,364,34,7.727500000000001,11.776124231640246,1.0999676480103526,12.876091879650598,359,8.610027855153204,2025-09-15,2025-09-15 06:33:48
oSeLQ_3uVAU,"Idk where, but I’m going, always changing always growing, just like my haircut 💇🏼","Idk where, but I’m going, always changing always growing, just like my haircut 💇🏼",Corook,Music Content,,False,2023-12-01 00:45:03,3091,339,15,7.727500000000001,10.967324490456164,0.48527984471044966,11.452604335166614,653,4.73353751914242,2025-09-15,2025-09-15 06:33:55
UpDoerddZ0o,Brat summer fall winter and spring!,Brat summer fall winter and spring!,Corook,Music Content,,False,2024-08-01 22:41:55,3075,142,5,7.6875,4.617886178861789,0.16260162601626016,4.7804878048780495,409,7.518337408312958,2025-09-15,2025-09-15 06:33:48
YBu0nLFw9FY,what I look forward to the most next year: COMMITTED TO A BIT TOUR!,what I look forward to the most next year: COMMITTED TO A BIT TOUR!,Corook,Music Content,,False,2024-11-18 18:34:03,3071,220,18,7.6775,7.163790296320418,0.5861282969716705,7.749918593292088,300,10.236666666666666,2025-09-15,2025-09-15 06:33:41
YcTRxselMMw,Tomorrow is my last show of 2023 in DUBLIN!,Tomorrow is my last show of 2023 in DUBLIN!,Corook,Music Content,,False,2023-12-08 20:58:15,3064,188,10,7.66,6.135770234986945,0.3263707571801566,6.462140992167102,646,4.743034055727554,2025-09-15,2025-09-15 06:33:55
AdgPEySA8iM,corook-messy (lyric video),messy (),Corook,Lyric Video,,False,2025-02-28 05:00:10,3060,123,17,7.65,4.019607843137255,0.5555555555555556,4.57516339869281,198,15.454545454545455,2025-09-15,2025-09-15 06:33:34
dylQwaGQeEI,Just ur favorite non-binallerina . Listening party is tonight!!! Who’s coming?!,Just ur favorite non-binallerina . Listening party is tonight!!! Who’s coming?!,Corook,Music Content,,False,2024-09-16 20:54:06,3044,190,55,7.61,6.241787122207622,1.806833114323259,8.048620236530882,363,8.385674931129477,2025-09-15,2025-09-15 06:33:48
gZcaDAFhV_w,THEY!!! 🐸✨,THEY!!! 🐸✨,Corook,Music Content,,False,2025-01-23 19:11:42,2963,293,13,7.407500000000001,9.888626392170098,0.4387445156935539,10.327370907863651,234,12.662393162393162,2025-09-15,2025-09-15 06:33:41
Jq0thl2S2po,"I paid my rent on time, let’s get the party started 🎉","I paid my rent on time, let’s get the party started 🎉",Corook,Music Content,,False,2023-11-01 19:05:36,2950,256,20,7.375,8.677966101694915,0.6779661016949152,9.35593220338983,683,4.31918008784773,2025-09-15,2025-09-15 06:33:55
mEwrVk1qAH4,Tour is so sooon 💚 who am I seeing it’s for science,Tour is so sooon 💚 who am I seeing it’s for science,Corook,Music Content,,False,2025-02-18 19:31:28,2941,270,27,7.352499999999999,9.180550833049983,0.9180550833049982,10.09860591635498,208,14.139423076923077,2025-09-15,2025-09-15 06:33:41
u92DTkWSBfc,"We’re out here giving free room and board, meanwhile 👀","We’re out here giving free room and board, meanwhile 👀",Corook,Music Content,,False,2025-08-31 16:12:25,2856,100,2,7.14,3.5014005602240896,0.0700280112044818,3.5714285714285716,14,204.0,2025-09-15,2025-09-15 06:33:34
bh4_2ZjK2u8,Tour is officially over and I’m driving back to Nashville. I’ll relive these memories forever!,Tour is officially over and I’m driving back to Nashville. I’ll relive these memories forever!,Corook,Music Content,,False,2023-10-18 01:46:37,2800,244,6,7.0,8.714285714285715,0.2142857142857143,8.928571428571429,697,4.017216642754663,2025-09-15,2025-09-15 06:33:55
MWd1PLgzDIU,forgot to mention me and my sweet family are moving across the country 🥹,forgot to mention me and my sweet family are moving across the country 🥹,Corook,Music Content,,False,2024-12-18 04:18:46,2774,125,10,6.9350000000000005,4.506128334534967,0.3604902667627974,4.866618601297764,270,10.274074074074074,2025-09-15,2025-09-15 06:33:41
fsrSr-4ELUQ,corook-death (lyric video),death (),Corook,Lyric Video,,False,2025-02-28 05:00:43,2773,140,18,6.9325,5.048683736025965,0.6491164803461955,5.69780021637216,198,14.005050505050505,2025-09-15,2025-09-15 06:33:34
5l1q1qXxK3w,Advice from a complete stranger and totally separate person than me: get tickets for Tour!!!,Advice from a complete stranger and totally separate person than me: get tickets for Tour!!!,Corook,Music Content,,False,2025-02-11 00:12:10,2755,256,11,6.887499999999999,9.292196007259527,0.3992740471869328,9.69147005444646,215,12.813953488372093,2025-09-15,2025-09-15 06:33:41
Bucv1OP03k8,"loved my grandma so much, died when I was 12. If she knew I kiss girls, would she love me still?","loved my grandma so much, died when I was 12. If she knew I kiss girls, would she love me still?",Corook,Music Content,,False,2023-08-15 23:46:43,2714,201,31,6.785,7.406042741341194,1.142225497420781,8.548268238761976,761,3.566360052562418,2025-09-15,2025-09-15 06:34:02
nfltscjIJ-Q,I just had to 🤣 (watch till the end) Committed to a Bit tour has officially started. NYC tomorrow!,I just had to 🤣 (watch till the end) Committed to a Bit tour has officially started. NYC tomorrow!,Corook,Music Content,,False,2025-03-04 17:30:29,2714,156,25,6.785,5.747973470891673,0.9211495946941783,6.669123065585851,194,13.989690721649485,2025-09-15,2025-09-15 06:33:34
kD9dxo0XHIw,Meet Hans-my (former!?) drummer,Meet Hans-my (former!?) drummer,Corook,Music Content,,False,2023-09-17 18:23:00,2684,162,7,6.710000000000001,6.0357675111773474,0.26080476900149036,6.296572280178838,728,3.6868131868131866,2025-09-15,2025-09-15 06:34:02
O3AfAX1jnYo,"""i'm not doing well"" talk","""i'm not doing well"" talk",Corook,Music Content,,False,2023-03-10 19:24:07,2679,147,9,6.6975,5.487122060470324,0.33594624860022393,5.823068309070548,919,2.9151251360174104,2025-09-15,2025-09-15 06:34:10
EoWoBhe8LnU,We signed only 250 copies of our book!! Go get ‘em before they’re gone!! 📣,We signed only 250 copies of our book!! Go get ‘em before they’re gone!! 📣,Corook,Music Content,,False,2023-11-25 16:02:32,2656,163,4,6.640000000000001,6.1370481927710845,0.15060240963855423,6.287650602409639,659,4.030349013657056,2025-09-15,2025-09-15 06:33:55
yBQ6SQSTbgU,thanks to everyone that tuned into my blankets shenanigans… next song coming soon 🐸👀🩰,thanks to everyone that tuned into my blankets shenanigans… next song coming soon 🐸👀🩰,Corook,Music Content,,False,2024-09-05 17:47:20,2653,266,17,6.6325,10.026385224274406,0.6407840180927252,10.667169242367132,374,7.093582887700535,2025-09-15,2025-09-15 06:33:48
4zb-jPnSkZQ,"100,000 people could never love me like you 🧡","100,000 people could never love me like you 🧡",Corook,Music Content,,False,2023-12-15 01:12:04,2629,232,19,6.5725,8.824648155192088,0.7227082540890073,9.547356409281095,639,4.114241001564945,2025-09-15,2025-09-15 06:33:48
nvJ02rzsj5U,corook-worcestershire (lyric video),worcestershire (),Corook,Lyric Video,,False,2025-02-28 05:00:51,2619,123,25,6.5475,4.696449026345934,0.9545628102329133,5.6510118365788475,198,13.227272727272727,2025-09-15,2025-09-15 06:33:34
ktDQhQ23yZY,"I try to fit in, but there’s so much to learn 👽","I try to fit in, but there’s so much to learn 👽",Corook,Music Content,,False,2023-11-07 19:31:54,2590,319,16,6.475,12.316602316602317,0.6177606177606177,12.934362934362936,677,3.8257016248153617,2025-09-15,2025-09-15 06:33:55
u2i31vo0LyE,Screaming Avril on the porch 🤘🏻🎸,Screaming Avril on the porch 🤘🏻🎸,Corook,Music Content,,False,2023-10-03 18:45:54,2587,156,8,6.4675,6.030150753768844,0.30923850019327404,6.339389253962118,712,3.633426966292135,2025-09-15,2025-09-15 06:33:55
o6AAmvioILk,first tease of the next song ‘ballerina’🍀 thoughts? questions? comments? concerns? 🤔,first tease of the next song ‘ballerina’🍀 thoughts? questions? comments? concerns? 🤔,Corook,Music Content,,False,2024-09-09 18:02:41,2541,288,18,6.3525,11.334120425029516,0.7083825265643447,12.04250295159386,370,6.867567567567567,2025-09-15,2025-09-15 06:33:48
aDwy6goAU8U,here’s some v gay shit for y’all. 🫡💚,here’s some v gay shit for y’all. 🫡💚,Corook,Music Content,,False,2024-08-21 18:19:51,2477,221,16,6.1925,8.922083165119096,0.6459426725878078,9.568025837706903,389,6.367609254498714,2025-09-15,2025-09-15 06:33:48
XIiaEg3OZjo,My  first “date” with @oliviabartonhaha  was incredibly awkward 🤷🐸💚,My first “date” with @oliviabartonhaha was incredibly awkward 🤷🐸💚,Corook,Music Content,,False,2024-08-26 17:55:55,2466,271,8,6.165000000000001,10.989456609894566,0.32441200324412006,11.313868613138686,384,6.421875,2025-09-15,2025-09-15 06:33:48
3_Pd_P7pR3M,this may be my favorite song to play live 💗,this may be my favorite song to play live 💗,Corook,Live Performance,,False,2023-12-07 22:18:03,2461,118,12,6.1525,4.794798862251117,0.48760666395774077,5.282405526208858,647,3.80370942812983,2025-09-15,2025-09-15 06:33:55
GHvYmZRsTys,A cute little video to remember the cutest day meeting you guys! I wanna do this everyday!!! 🧡,A cute little video to remember the cutest day meeting you guys! I wanna do this everyday!!! 🧡,Corook,Music Content,,False,2023-10-11 17:43:52,2414,223,12,6.035,9.237779618889808,0.4971002485501243,9.734879867439933,704,3.428977272727273,2025-09-15,2025-09-15 06:33:55
4TTX6FuQebU,"my favorite song right now. I haven’t watched today’s episode yet though, so no spoilers pls!","my favorite song right now. I haven’t watched today’s episode yet though, so no spoilers pls!",Corook,Music Content,,False,2025-03-07 21:56:53,2401,86,16,6.0024999999999995,3.5818408996251563,0.6663890045814245,4.248229904206581,191,12.570680628272251,2025-09-15,2025-09-15 06:33:34
dbpCCRzPMIU,corook-medicine (lyric video),medicine (),Corook,Lyric Video,,False,2025-02-28 05:00:39,2378,110,12,5.945,4.625735912531539,0.5046257359125316,5.130361648444071,198,12.01010101010101,2025-09-15,2025-09-15 06:33:34
g7VMfB2kzqM,BREAKING NEWS: I am touring the US in March 🐸🕺🏼,BREAKING NEWS: I am touring the US in March 🐸🕺🏼,Corook,Music Content,,False,2024-11-20 17:46:22,2374,164,13,5.9350000000000005,6.908171861836562,0.5475989890480202,7.455770850884583,298,7.966442953020135,2025-09-15,2025-09-15 06:33:41
vWUQAXv29OY,I’m feeling reeeeeally good about the UK & Ireland tour starting on Friday 😎,I’m feeling reeeeeally good about the UK & Ireland tour starting on Friday 😎,Corook,Music Content,,False,2023-11-27 17:42:46,2361,123,7,5.902500000000001,5.209656925031767,0.29648454044896233,5.506141465480729,657,3.593607305936073,2025-09-15,2025-09-15 06:33:55
Hx32KsmzKIA,thanks for all the love on blankets everyone 💚🐸 More songs soon 👀,thanks for all the love on blankets everyone 💚🐸 More songs soon 👀,Corook,Music Content,,False,2024-08-28 17:19:02,2325,251,14,5.8125,10.795698924731182,0.6021505376344086,11.39784946236559,382,6.0863874345549736,2025-09-15,2025-09-15 06:33:48
9XVfgwfRfm8,corook-ok getting older (lyric video),ok getting older (),Corook,Lyric Video,,False,2025-02-28 05:00:10,2318,139,17,5.795,5.996548748921484,0.7333908541846419,6.729939603106126,198,11.707070707070708,2025-09-15,2025-09-15 06:33:34
bqspXyham6Y,Dancing round the truth,Dancing round the truth,Corook,Music Content,,False,2024-10-09 19:04:36,2310,185,4,5.775,8.008658008658008,0.17316017316017315,8.181818181818182,340,6.794117647058823,2025-09-15,2025-09-15 06:33:41
Rt97Jh8f6vQ,Lucky lucky me 🍀,Lucky lucky me 🍀,Corook,Music Content,,False,2023-11-29 18:01:09,2304,189,19,5.76,8.203125,0.8246527777777778,9.027777777777779,655,3.517557251908397,2025-09-15,2025-09-15 06:33:55
gHa62pbWKYE,it’s time to get the party started 🎉,it’s time to get the party started 🎉,Corook,Music Content,,False,2023-11-15 00:25:01,2290,179,8,5.725,7.816593886462882,0.34934497816593885,8.16593886462882,669,3.423019431988042,2025-09-15,2025-09-15 06:33:55
A1PvKxsYmcE,@ emotionally immature parents everywhere ❤️‍🩹,@ emotionally immature parents everywhere ❤️‍🩹,Corook,Music Content,,False,2024-10-31 16:02:45,2256,245,18,5.64,10.859929078014185,0.7978723404255319,11.657801418439716,318,7.09433962264151,2025-09-15,2025-09-15 06:33:41
ycoFRGRE9WA,"My full docu-piece “Corook, I got a kazoo for you” is out now on my channel!","My full docu-piece “Corook, I got a kazoo for you” is out now on my channel!",Corook,Music Content,,False,2023-12-31 05:00:27,2228,164,3,5.57,7.360861759425494,0.13464991023339318,7.495511669658887,623,3.576243980738363,2025-09-15,2025-09-15 06:33:48
z_iXsUOWklg,AND FOR MY NEXT TRICK!!!!,AND FOR MY NEXT TRICK!!!!,Corook,Music Content,,False,2024-10-01 16:56:09,2201,237,16,5.5025,10.76783280327124,0.7269422989550204,11.49477510222626,348,6.324712643678161,2025-09-15,2025-09-15 06:33:41
S_2kEbek-Yc,Touring can be hard and stressful...,Touring can be hard and stressful...,Corook,Music Content,,False,2023-12-03 15:37:17,2198,148,5,5.495,6.733393994540491,0.22747952684258416,6.960873521383076,651,3.3763440860215055,2025-09-15,2025-09-15 06:33:55
tYCnJzvSL0U,my heart is so full after the Philly show 🥰 you guys are the freaking best,my heart is so full after the Philly show 🥰 you guys are the freaking best,Corook,Music Content,,False,2023-09-13 17:44:44,2184,173,5,5.460000000000001,7.921245421245421,0.22893772893772896,8.15018315018315,732,2.9836065573770494,2025-09-15,2025-09-15 06:34:02
IgjqGdVAJx8,OUR BOOK IS OUT TODAY!!,OUR BOOK IS OUT TODAY!!,Corook,Music Content,,False,2023-12-05 21:13:43,2171,200,23,5.427499999999999,9.212344541685859,1.0594196222938737,10.271764163979732,649,3.3451463790446843,2025-09-15,2025-09-15 06:33:55
vEntJ7RF_Pk,I’ve grown up to be a pretty cool person 💁🏼,I’ve grown up to be a pretty cool person 💁🏼,Corook,Music Content,,False,2023-09-14 16:57:05,2150,236,24,5.375,10.976744186046512,1.1162790697674418,12.093023255813954,731,2.9411764705882355,2025-09-15,2025-09-15 06:34:02
PKPxpIfPWsg,First half of the song is here! what’s ur fav lyric? Mines kissing & huggin & gay sh** 😘💚,First half of the song is here! what’s ur fav lyric? Mines kissing & huggin & gay sh** 😘💚,Corook,Lyric Video,,False,2024-08-08 21:09:24,2144,279,14,5.36,13.013059701492539,0.6529850746268656,13.666044776119405,402,5.333333333333333,2025-09-15,2025-09-15 06:33:48
KYdy5bENRo8,Feeling so grateful for such a fun group of people to hang out with on this tour.,Feeling so grateful for such a fun group of people to hang out with on this tour.,Corook,Music Content,,False,2023-09-10 18:50:52,2128,216,9,5.32,10.150375939849624,0.42293233082706766,10.573308270676693,735,2.895238095238095,2025-09-15,2025-09-15 06:34:02
i5JKQ0N0RUY,any volunteers? 🪄🙋🏼,any volunteers? 🪄🙋🏼,Corook,Music Content,,False,2024-09-27 07:09:22,2128,209,20,5.32,9.821428571428571,0.9398496240601504,10.761278195488721,352,6.045454545454546,2025-09-15,2025-09-15 06:33:41
ZRQbfKSxewo,2 more weeks of shows! Who will I be seeing? 🧡,2 more weeks of shows! Who will I be seeing? 🧡,Corook,Music Content,,False,2023-10-02 17:18:16,2104,178,9,5.26,8.460076045627376,0.42775665399239543,8.887832699619771,713,2.950911640953717,2025-09-15,2025-09-15 06:33:55
nwLisXCX1Y0,(really good drumming intensifies),(really good drumming intensifies),Corook,Music Content,,False,2023-10-06 20:04:08,2096,143,8,5.24,6.822519083969465,0.38167938931297707,7.2041984732824424,709,2.9562764456981663,2025-09-15,2025-09-15 06:33:55
Xw4ieUkN9Vg,My serious person part 2 ep comes out on Friday! 🐸,My serious person part 2 ep comes out on Friday! 🐸,Corook,Music Content,,False,2023-09-21 21:37:57,2089,205,7,5.2225,9.813307802776448,0.3350885591191958,10.148396361895644,724,2.8853591160220993,2025-09-15,2025-09-15 06:34:02
6FlB2jQvTTA,ok here’s verse 2! Thanks so much for commenting and sharing 🥹 BLANKETS OUT NEXT WEEK! 🐸💚,ok here’s verse 2! Thanks so much for commenting and sharing 🥹 BLANKETS OUT NEXT WEEK! 🐸💚,Corook,Music Content,,False,2024-08-09 19:25:56,2063,237,12,5.157500000000001,11.488124091129423,0.58167716917111,12.069801260300533,401,5.144638403990025,2025-09-15,2025-09-15 06:33:48
Orv-WsJvFos,"One, two, three, ribbit! 🐸 my headline tour of the UK and Ireland starts in 1 week","One, two, three, ribbit! 🐸 my headline tour of the UK and Ireland starts in 1 week",Corook,Music Content,,False,2023-11-25 18:23:41,2060,122,5,5.15,5.922330097087379,0.24271844660194172,6.165048543689321,659,3.125948406676783,2025-09-15,2025-09-15 06:33:55
MYB6xNlLvE4,"I appreciate everyone on here who is kind, loving and fun! But also I'm human & this stuff hurts me.","I appreciate everyone on here who is kind, loving and fun! But also I'm human & this stuff hurts me.",Corook,Music Content,,False,2024-12-13 17:36:51,2032,270,86,5.08,13.287401574803152,4.23228346456693,17.51968503937008,275,7.389090909090909,2025-09-15,2025-09-15 06:33:41
_uingfwzFtw,hint hint…it’s my tour. it’s mine. and I’m going to a lot of cities 🚐,hint hint…it’s my tour. it’s mine. and I’m going to a lot of cities 🚐,Corook,Music Content,,False,2025-02-25 18:06:26,2010,114,13,5.0249999999999995,5.6716417910447765,0.6467661691542288,6.318407960199005,201,10.0,2025-09-15,2025-09-15 06:33:34
_C_2ArsSlGM,guys this is my 1st tour doing VIP meet & greets. thank you for being here…can’t wait to meet y’all,guys this is my 1st tour doing VIP meet & greets. thank you for being here…can’t wait to meet y’all,Corook,Music Content,,False,2025-03-03 20:24:33,1969,107,11,4.9225,5.434230573895378,0.5586592178770949,5.992889791772472,195,10.097435897435897,2025-09-15,2025-09-15 06:33:34
1bW31oaDG_o,y'know what i mean?,y'know what i mean?,Corook,Music Content,,False,2023-09-25 16:32:13,1953,110,12,4.8825,5.6323604710701485,0.6144393241167435,6.246799795186892,720,2.7125,2025-09-15,2025-09-15 06:33:55
ORYgEexeyiY,Loving you is medicine 💊🧡,Loving you is medicine 💊🧡,Corook,Music Content,,False,2023-11-19 22:50:36,1934,293,14,4.835,15.149948293691832,0.7238883143743536,15.873836608066185,665,2.9082706766917292,2025-09-15,2025-09-15 06:33:55
GV6OzTR39ak,I’m throwing a virtual listening party for ballerina on Monday! + another song 👀 Who’s coming? 🩰,I’m throwing a virtual listening party for ballerina on Monday! + another song 👀 Who’s coming? 🩰,Corook,Music Content,,False,2024-09-12 17:08:01,1930,168,18,4.825,8.704663212435234,0.932642487046632,9.637305699481866,367,5.258855585831062,2025-09-15,2025-09-15 06:33:48
0EnzEr-YtEE,"NASHVILLE! ballerina release party on Friday! 💚 Snacks, secret new music, friendship! I’ll be there","NASHVILLE! ballerina release party on Friday! 💚 Snacks, secret new music, friendship! I’ll be there",Corook,Music Content,,False,2024-09-17 19:53:09,1900,158,14,4.75,8.31578947368421,0.7368421052631579,9.052631578947368,362,5.248618784530387,2025-09-15,2025-09-15 06:33:48
-ZTWW07kaIo,KISSIN AND HUGGIN AND GAY SH** 🕺🕺,KISSIN AND HUGGIN AND GAY SH** 🕺🕺,Corook,Music Content,,False,2024-08-07 18:15:39,1898,285,16,4.745,15.015806111696522,0.8429926238145415,15.858798735511064,403,4.709677419354839,2025-09-15,2025-09-15 06:33:48
d1bIWb34Ncg,finished my debut album last week 🥹 kinda can’t believe it,finished my debut album last week 🥹 kinda can’t believe it,Corook,Music Content,,False,2024-10-03 17:23:58,1895,238,16,4.7375,12.559366754617415,0.8443271767810026,13.403693931398417,346,5.476878612716763,2025-09-15,2025-09-15 06:33:41
51uaQGb9HNc,Crumbs is out tonight ❤️,Crumbs is out tonight ❤️,Corook,Music Content,,False,2024-10-24 17:56:42,1864,210,12,4.66,11.266094420600858,0.6437768240343348,11.909871244635193,325,5.735384615384615,2025-09-15,2025-09-15 06:33:41
TIGwAzdNDXU,"This tour has been so special to me. See you soon, Phoenix & Tucson 🧡","This tour has been so special to me. See you soon, Phoenix & Tucson 🧡",Corook,Music Content,,False,2023-10-10 21:57:23,1843,150,5,4.6075,8.138903960933261,0.27129679869777534,8.410200759631037,705,2.6141843971631205,2025-09-15,2025-09-15 06:33:55
M5zGPyIrzmQ,seeing in person how these songs resonate in y’all’s lives is the absolute best part of touring🧡🥰,seeing in person how these songs resonate in y’all’s lives is the absolute best part of touring🧡🥰,Corook,Music Content,,False,2023-10-03 04:39:59,1811,129,9,4.5275,7.123136388735506,0.4969630038652678,7.620099392600774,712,2.543539325842697,2025-09-15,2025-09-15 06:33:55
DEoxiLr7lgQ,I’m so soft and sensitive!!!! 😊,I’m so soft and sensitive!!!! 😊,Corook,Music Content,,False,2024-12-18 16:49:15,1768,216,40,4.42,12.217194570135746,2.262443438914027,14.479638009049772,270,6.548148148148148,2025-09-15,2025-09-15 06:33:41
Fd2T4u9GJ2k,I’m playing shows in Denver and NYC with @SammyRae 🐸,I’m playing shows in Denver and NYC with @SammyRae 🐸,Corook,Music Content,,False,2024-08-22 23:55:40,1699,106,9,4.2475000000000005,6.238964096527369,0.5297233666862861,6.768687463213656,388,4.378865979381444,2025-09-15,2025-09-15 06:33:48
ZIZ77h4K_4g,Can’t wait to play shows for you guys again. First one up is October 6th in Denver with @SammyRae,Can’t wait to play shows for you guys again. First one up is October 6th in Denver with @SammyRae,Corook,Music Content,,False,2024-09-25 23:48:13,1673,96,6,4.1825,5.738194859533772,0.35863717872086076,6.096832038254633,354,4.7259887005649714,2025-09-15,2025-09-15 06:33:48
g60b_OKS22g,Sorry Mercedes but wtf was that,Sorry Mercedes but wtf was that,Corook,Music Content,,False,2025-01-07 00:20:03,1662,148,6,4.154999999999999,8.904933814681106,0.36101083032490977,9.265944645006016,250,6.648,2025-09-15,2025-09-15 06:33:41
C4M_xpDpMsc,soundcheck with me 🤗 full documentary-style video will be out on Sunday 🎤,soundcheck with me 🤗 full documentary-style video will be out on Sunday 🎤,Corook,Music Content,,False,2023-12-28 17:00:06,1643,84,1,4.1075,5.112598904443092,0.06086427267194157,5.173463177115034,626,2.6246006389776357,2025-09-15,2025-09-15 06:33:48
m9xlvOzyaHs,Hi UK! Come! It will be fun! I promise!,Hi UK! Come! It will be fun! I promise!,Corook,Music Content,,False,2023-11-08 22:02:12,1600,131,6,4.0,8.1875,0.375,8.5625,676,2.366863905325444,2025-09-15,2025-09-15 06:33:55
sE97PTzQUnE,Blankets comes out Friday! :) listen to it early tonight at my online listening party 👀,Blankets comes out Friday! :) listen to it early tonight at my online listening party 👀,Corook,Music Content,,False,2024-08-14 17:28:00,1575,200,11,3.9375,12.698412698412698,0.6984126984126984,13.396825396825395,396,3.977272727272727,2025-09-15,2025-09-15 06:33:48
rd6weLVBCIE,a little dance by me ft. the giant hands 💁🩰 ballerina out tomorrow!!!,a little dance by me ft. the giant hands 💁🩰 ballerina out tomorrow!!!,Corook,Music Content,,False,2024-09-25 23:41:47,1555,133,7,3.8874999999999997,8.55305466237942,0.45016077170418006,9.0032154340836,354,4.392655367231638,2025-09-15,2025-09-15 06:33:48
ntxnsbey5Yw,It’s so very cool that this song has made its way into the ears of so many healing people ❤️‍🩹,It’s so very cool that this song has made its way into the ears of so many healing people ❤️‍🩹,Corook,Music Content,,False,2024-10-15 18:22:01,1545,251,11,3.8625,16.245954692556637,0.7119741100323626,16.957928802589,334,4.625748502994012,2025-09-15,2025-09-15 06:33:41
0eSwLStRaO0,does it get more serious than office supply stores?,does it get more serious than office supply stores?,Corook,Music Content,,False,2023-07-25 22:21:53,1539,98,14,3.8474999999999997,6.367771280051981,0.9096816114359974,7.277452891487979,782,1.9680306905370843,2025-09-15,2025-09-15 06:34:02
xalCPpH5Zuc,would she love me still?,would she love me still?,Corook,Music Content,,False,2025-01-11 19:54:39,1534,214,26,3.835,13.95045632333768,1.694915254237288,15.645371577574966,246,6.235772357723577,2025-09-15,2025-09-15 06:33:41
f5dlIBga0Qg,I love my backup dancers 👯‍♂️,I love my backup dancers 👯‍♂️,Corook,Music Content,,False,2023-12-29 05:00:20,1513,87,8,3.7824999999999998,5.750165234633179,0.5287508261731658,6.278916060806345,625,2.4208,2025-09-15,2025-09-15 06:33:48
FyjS7C_WCAA,This song means so much to me.,This song means so much to me.,Corook,Music Content,,False,2024-10-17 17:54:08,1458,190,17,3.645,13.031550068587105,1.1659807956104253,14.19753086419753,332,4.391566265060241,2025-09-15,2025-09-15 06:33:41
aoXEg-jCsaM,I ultimately decided to not be the drummer for this tour. Hope you can understand.,I ultimately decided to not be the drummer for this tour. Hope you can understand.,Corook,Music Content,,False,2023-10-18 01:40:15,1443,84,8,3.6075,5.8212058212058215,0.5544005544005544,6.375606375606376,697,2.0703012912482066,2025-09-15,2025-09-15 06:33:55
E65HlKTQdis,PORTLAND!!! biggest show of tour!!!,PORTLAND!!! biggest show of tour!!!,Corook,Music Content,,False,2023-10-04 22:07:59,1440,135,9,3.5999999999999996,9.375,0.625,10.0,711,2.0253164556962027,2025-09-15,2025-09-15 06:33:55
SioPTWhDRSk,had so much fun dancing on the internet with y’all last night! 😭💚🐸🥹 Blankets drops tomorrow!!!,had so much fun dancing on the internet with y’all last night! 😭💚🐸🥹 Blankets drops tomorrow!!!,Corook,Music Content,,False,2024-08-15 17:52:29,1433,120,6,3.5825,8.37404047452896,0.41870202372644805,8.792742498255407,395,3.6278481012658226,2025-09-15,2025-09-15 06:33:48
PnHjcnUyhic,comes out on my debut album Feb 7 or sooner if you want but Feb 7 for now,comes out on my debut album Feb 7 or sooner if you want but Feb 7 for now,Corook,Music Content,,False,2025-01-14 21:49:41,1421,121,20,3.5525,8.515130190007039,1.4074595355383532,9.922589725545391,243,5.847736625514403,2025-09-15,2025-09-15 06:33:41
vYIdYUhmlQ4,just a little rant about releasing music again! sharing again is scary but also exhilarating!,just a little rant about releasing music again! sharing again is scary but also exhilarating!,Corook,Music Content,,False,2024-08-12 23:49:15,1398,195,21,3.4949999999999997,13.948497854077251,1.502145922746781,15.450643776824032,398,3.512562814070352,2025-09-15,2025-09-15 06:33:48
a7fAcHdeJ6I,NEW COROOK SONG NEXT WEEK!! so excited to kick off this new era with “blankets”,NEW COROOK SONG NEXT WEEK!! so excited to kick off this new era with “blankets”,Corook,Music Content,,False,2024-08-06 18:57:04,1388,151,8,3.4699999999999998,10.878962536023055,0.5763688760806917,11.455331412103746,404,3.4356435643564356,2025-09-15,2025-09-15 06:33:48
UAgsOvOQczw,"serious question, what do you guys think of the ep?","serious question, what do you guys think of the ep?",Corook,Music Content,,False,2023-08-11 16:40:47,1352,147,30,3.3800000000000003,10.872781065088757,2.2189349112426036,13.091715976331361,765,1.7673202614379084,2025-09-15,2025-09-15 06:34:02
wkrU5H3A6Bs,Played the biggest show I’ve ever played all by myself. It was terrifying! And thrilling!,Played the biggest show I’ve ever played all by myself. It was terrifying! And thrilling!,Corook,Music Content,,False,2024-10-08 16:48:11,1347,120,7,3.3674999999999997,8.908685968819599,0.5196733481811433,9.428359317000742,341,3.9501466275659824,2025-09-15,2025-09-15 06:33:41
UkmB2sAHrXQ,I just want to love me the way you should’ve loved me!!!,I just want to love me the way you should’ve loved me!!!,Corook,Music Content,,False,2024-10-23 18:28:24,1346,144,13,3.365,10.698365527488855,0.9658246656760773,11.664190193164933,326,4.128834355828221,2025-09-15,2025-09-15 06:33:41
kSXeZeQDPFs,Celebrating the last week of '23 by looking back @ all of the wonderful memories I’ve made this year,Celebrating the last week of '23 by looking back @ all of the wonderful memories I’ve made this year,Corook,Music Content,,False,2023-12-28 14:12:40,1316,103,7,3.29,7.826747720364742,0.5319148936170213,8.358662613981764,626,2.1022364217252396,2025-09-15,2025-09-15 06:33:48
PGtamMBaaBE,"Hi guys, I’m throwing a virtual listening party to debut my new single blankets!!","Hi guys, I’m throwing a virtual listening party to debut my new single blankets!!",Corook,Music Content,,False,2024-08-13 19:15:20,1269,118,26,3.1725,9.29866036249015,2.048857368006304,11.347517730496454,397,3.1964735516372795,2025-09-15,2025-09-15 06:33:48
7D4fVgCj8E4,I am interneting!! I am making art!!! go watch my art!!! 🎨📺🐸,I am interneting!! I am making art!!! go watch my art!!! 🎨📺🐸,Corook,Music Content,,False,2024-08-02 22:13:17,1246,157,15,3.115,12.60032102728732,1.2038523274478332,13.804173354735154,408,3.053921568627451,2025-09-15,2025-09-15 06:33:48
WR_jQtC5YKE,I love making music with my friend @slimdan2694 “foreverish” out now,I love making music with my friend @slimdan2694 “foreverish” out now,Corook,Music Content,,False,2025-05-30 23:41:41,1240,97,23,3.1,7.822580645161291,1.8548387096774193,9.67741935483871,107,11.588785046728972,2025-09-15,2025-09-15 06:33:34
ta3kwuo2ZDI,I’ve gotten a lot of comments asking when this one is coming out. It is finally coming on 10/25 🥹,I’ve gotten a lot of comments asking when this one is coming out. It is finally coming on 10/25 🥹,Corook,Music Content,,False,2024-10-09 23:27:45,1229,144,13,3.0725000000000002,11.716842961757527,1.0577705451586654,12.774613506916193,340,3.614705882352941,2025-09-15,2025-09-15 06:33:41
Dbp1iMhFQ04,"I have the most talented, creative fans ever!! 🤩💁🏼🫶🏻","I have the most talented, creative fans ever!! 🤩💁🏼🫶🏻",Corook,Music Content,,False,2025-03-24 20:51:12,1218,76,6,3.045,6.239737274220033,0.49261083743842365,6.732348111658457,174,7.0,2025-09-15,2025-09-15 06:33:34
00R5-_5dnDA,part 2,part 2,Corook,Music Content,,False,2024-08-02 21:51:28,1188,194,5,2.9699999999999998,16.329966329966332,0.42087542087542085,16.750841750841754,408,2.911764705882353,2025-09-15,2025-09-15 06:33:48
UrkEPUMfqx4,~*experimentation*~ 🔬,~*experimentation*~ 🔬,Corook,Music Content,,False,2023-09-28 20:16:08,1094,52,4,2.7350000000000003,4.753199268738574,0.3656307129798903,5.118829981718465,717,1.5258019525801954,2025-09-15,2025-09-15 06:33:55
Od-psM7DLJ4,my face looks kinda naked,my face looks kinda naked,Corook,Music Content,,False,2024-10-04 16:59:16,1046,99,3,2.615,9.464627151051626,0.28680688336520077,9.751434034416826,345,3.0318840579710145,2025-09-15,2025-09-15 06:33:41
CxiHffozSJQ,This was one of my favorite shows ever!!,This was one of my favorite shows ever!!,Corook,Music Content,,False,2025-03-25 06:56:59,1026,50,6,2.565,4.8732943469785575,0.5847953216374269,5.458089668615984,173,5.930635838150289,2025-09-15,2025-09-15 06:33:34
vmMGqTIHYas,the best part of touring is getting to meet you guys 🐸💞,the best part of touring is getting to meet you guys 🐸💞,Corook,Music Content,,False,2023-09-10 17:49:27,971,80,11,2.4274999999999998,8.2389289392379,1.132852729145211,9.371781668383111,735,1.3210884353741497,2025-09-15,2025-09-15 06:34:02
7ZlxxIn21pA,played this in my hometown about my childhood best friend who pulled away after I told her I’m gay,played this in my hometown about my childhood best friend who pulled away after I told her I’m gay,Corook,Music Content,,False,2025-03-13 19:08:05,969,69,10,2.4225,7.120743034055728,1.0319917440660475,8.152734778121776,185,5.237837837837838,2025-09-15,2025-09-15 06:33:34
idIzfYmlso0,"You guys, this tour has been so fun 🤗","You guys, this tour has been so fun 🤗",Corook,Music Content,,False,2023-09-26 16:59:47,958,104,6,2.395,10.855949895615867,0.6263048016701461,11.482254697286013,719,1.3324061196105703,2025-09-15,2025-09-15 06:33:55
T3uICEsQ9W8,I’m an Internet person,I’m an Internet person,Corook,Music Content,,False,2025-02-21 01:03:30,942,84,21,2.355,8.9171974522293,2.229299363057325,11.146496815286625,205,4.595121951219512,2025-09-15,2025-09-15 06:33:41
7qYcAVzhwnY,Crumbs is out Friday ❤️‍🩹,Crumbs is out Friday ❤️‍🩹,Corook,Music Content,,False,2024-10-21 19:04:12,924,113,11,2.31,12.229437229437229,1.1904761904761905,13.419913419913419,328,2.817073170731707,2025-09-15,2025-09-15 06:33:41
R6dZrN10wgo,this is my purpose!!! the moments like these mean so much to me,this is my purpose!!! the moments like these mean so much to me,Corook,Music Content,,False,2025-03-05 18:09:57,865,76,5,2.1625,8.786127167630058,0.5780346820809248,9.364161849710982,193,4.481865284974093,2025-09-15,2025-09-15 06:33:34
u4ScSn5GgvE,Maybe Sylvester will make an appearance at one of my VIP meet & greets…what do you guys think? 🥸,Maybe Sylvester will make an appearance at one of my VIP meet & greets…what do you guys think? 🥸,Corook,Music Content,,False,2025-03-28 03:29:44,835,37,10,2.0875,4.431137724550898,1.1976047904191618,5.62874251497006,170,4.911764705882353,2025-09-15,2025-09-15 06:33:34
6SnsY2rqRXY,Didn’t plan on this being my post today but I ran into my @oliviabartonhaha  singing about me.,Didn’t plan on this being my post today but I ran into my @oliviabartonhaha singing about me.,Corook,Music Content,,False,2025-08-25 05:40:24,709,104,12,1.7725,14.66854724964739,1.692524682651622,16.361071932299012,20,35.45,2025-09-15,2025-09-15 06:33:34
Xw6z3CDOgfw,A little BTS of how our book came together!! we can’t wait for you guys to see it!!,A little BTS of how our book came together!! we can’t wait for you guys to see it!!,Corook,Behind The Scenes,,False,2023-11-10 20:27:17,702,45,7,1.755,6.41025641025641,0.9971509971509971,7.4074074074074066,674,1.0415430267062316,2025-09-15,2025-09-15 06:33:55
xxUdiyL_LkE,COROOK IS ALIVE !!!!!!! 100 days of corook starts today. 1/100.,IS ALIVE !!!!!!! 100 days of corook starts today. 1/100.,Corook,Music Content,,False,2025-08-23 05:58:26,659,133,41,1.6475,20.18209408194234,6.22154779969651,26.403641881638848,22,29.954545454545453,2025-09-15,2025-09-15 06:33:34
Mn-RvfVn6es,I can’t believe my debut album comes out tonight 🥹,I can’t believe my debut album comes out tonight 🥹,Corook,Music Content,,False,2025-02-27 18:54:58,531,84,22,1.3275000000000001,15.819209039548024,4.143126177024483,19.962335216572505,199,2.6683417085427137,2025-09-15,2025-09-15 06:33:34
eW37MZXcr30,thank you guys for the love on “joke’s on me”. 💚 it’ll be out on Friday on my DEBUT album 🤯,thank you guys for the love on “joke’s on me”. 💚 it’ll be out on Friday on my DEBUT album 🤯,Corook,Music Content,,False,2025-02-25 05:29:21,508,62,9,1.27,12.204724409448819,1.7716535433070866,13.976377952755906,201,2.527363184079602,2025-09-15,2025-09-15 06:33:34
uT-9eVVci2U,Comment a word! This is my favorite game to play cuz it’s an exercise in vulnerability & creativity,Comment a word! This is my favorite game to play cuz it’s an exercise in vulnerability & creativity,Corook,Music Content,,False,2025-08-31 02:11:26,450,52,63,1.125,11.555555555555555,14.000000000000002,25.555555555555557,14,32.142857142857146,2025-09-15,2025-09-15 06:33:34
-Ah8t-PyZLk,You guys fucking rock. Thanks for getting your kazoos warmed up before the show!,You guys fucking rock. Thanks for getting your kazoos warmed up before the show!,Corook,Music Content,,False,2023-09-26 16:55:13,447,43,3,1.1175,9.619686800894854,0.6711409395973155,10.290827740492169,719,0.6216968011126565,2025-09-15,2025-09-15 06:33:55
MJaL7hO6KYQ,We ran through Pizzana Kitchen!! Where to next?!? #flyanaboss,We ran through Pizzana Kitchen!! Where to next?!? #flyanaboss,Flyana Boss,Music Content,,False,2023-07-07 17:58:35,25738133,0,10405,64345.332500000004,0.0,0.040426397672278715,0.040426397672278715,799,32212.9324155194,2025-09-14,2025-09-14 03:26:45
IltcRLPz71Y,Just two besties trying to get a lifetime supply of #chipotle 🌯 #flyanaboss,Just two besties trying to get a lifetime supply of #chipotle 🌯 #flyanaboss,Flyana Boss,Music Content,,False,2023-07-19 22:01:31,17824171,0,6036,44560.4275,0.0,0.0338641275378249,0.0338641275378249,787,22648.247776365948,2025-09-14,2025-09-14 03:26:45
dYrVt95BY2Q,can yall believe we still haven’t bumped into anyone!! where too next?! #flyanaboss #evanblummadeit,can yall believe we still haven’t bumped into anyone!! where too next?! #flyanaboss #evanblummadeit,Flyana Boss,Music Content,,False,2023-07-02 19:29:24,7667253,0,8387,19168.1325,0.0,0.10938728642448606,0.10938728642448606,804,9536.384328358208,2025-09-14,2025-09-14 03:26:45
4PcHRTcZ_Ls,We almost got into a fight with a meat head on this one!!! Where should we run next!!!?!,We almost got into a fight with a meat head on this one!!! Where should we run next!!!?!,Flyana Boss,Music Content,,False,2023-07-06 19:26:52,7280842,0,4649,18202.105,0.0,0.06385250497126568,0.06385250497126568,800,9101.0525,2025-09-14,2025-09-14 03:26:45
vl44kKonFio,Where should we run next??? #flyanaboss,Where should we run next??? #flyanaboss,Flyana Boss,Music Content,,False,2023-07-01 18:09:53,6846315,0,4149,17115.7875,0.0,0.06060194425760427,0.06060194425760427,805,8504.739130434782,2025-09-14,2025-09-14 03:26:45
LhRjDSyz3NM,WE RAN THROUGH OUR FAVORITE SEARCH ENGINE @Google ‼️ 🦋💜#evanblummadeit #flyanaboss,WE RAN THROUGH OUR FAVORITE SEARCH ENGINE @Google ‼️ 🦋💜#evanblummadeit #flyanaboss,Flyana Boss,Music Content,,False,2023-07-08 02:58:32,6314122,0,4645,15785.305,0.0,0.07356525578694868,0.07356525578694868,798,7912.4335839599,2025-09-14,2025-09-14 03:26:45
hOU07qaUBYc,LIKE A SYNONYM!!!!!!! 🫰🏾 #flyanaboss #besties #hiphop,LIKE A SYNONYM!!!!!!! 🫰🏾 #flyanaboss #besties #hiphop,Flyana Boss,Music Content,,False,2023-06-17 17:18:07,6021484,322238,7640,15053.710000000001,5.351471497723817,0.126879021849099,5.478350519572916,819,7352.239316239316,2025-09-14,2025-09-14 03:26:45
J4L1inqG0JA,WE’RE HAVING SO MUCH FUN MAKING THESE VIDEOS 😭😭 #flyanaboss #evanblummadeit,WE’RE HAVING SO MUCH FUN MAKING THESE VIDEOS 😭😭 #flyanaboss #evanblummadeit,Flyana Boss,Music Content,,False,2023-07-09 17:34:09,5883881,0,3906,14709.702500000001,0.0,0.06638475523213334,0.06638475523213334,797,7382.535759096612,2025-09-14,2025-09-14 03:26:45
Bcsa2VkDesk,Just rode bikes 🚲… where to next??? ☺️✨ #flyanaboss #evanblummadeit,Just rode bikes 🚲… where to next??? ☺️✨ #flyanaboss #evanblummadeit,Flyana Boss,Music Content,,False,2023-07-03 17:57:12,5378776,0,3304,13446.939999999999,0.0,0.06142661453088956,0.06142661453088956,803,6698.351183063512,2025-09-14,2025-09-14 03:26:45
1QZxwgMx2KU,we love @TikTok and can’t believe we’ve hit 1 million followers 🦋✨,we love @TikTok and can’t believe we’ve hit 1 million followers 🦋✨,Flyana Boss,Music Content,,False,2023-08-02 18:37:29,4337824,0,1153,10844.56,0.0,0.02658014709679323,0.02658014709679323,773,5611.673997412678,2025-09-14,2025-09-14 03:26:45
hDuqyDae4R0,TELL US WHERE WE SHOULD RUN NEXT ✨🏃🏾‍♀️🏃🏽‍♀️💜 #flyanaboss #besties,TELL US WHERE WE SHOULD RUN NEXT ✨🏃🏾‍♀️🏃🏽‍♀️💜 #flyanaboss #besties,Flyana Boss,Music Content,,False,2023-06-24 18:50:39,4061691,182385,5650,10154.227499999999,4.490371128675224,0.13910462415777075,4.629475752832994,812,5002.082512315271,2025-09-14,2025-09-14 03:26:45
jWu7rW3jdPM,okay now where?! 🏰💜💕🙃🙃🙃,okay now where?! 🏰💜💕🙃🙃🙃,Flyana Boss,Music Content,,False,2023-06-30 21:06:58,3996869,0,5277,9992.1725,0.0,0.13202834518719528,0.13202834518719528,806,4958.894540942928,2025-09-14,2025-09-14 03:26:45
FzkIJeHNreo,Flyana Boss-You Wish (Lyric Video),You Wish (),Flyana Boss,Lyric Video,,False,2023-06-16 04:00:08,3882396,92877,4608,9705.99,2.392259831300053,0.11868959271542626,2.5109494240154793,820,4734.629268292683,2025-09-14,2025-09-14 03:26:45
RwgCEVoZs0k,we made it on the wall 🥹 ft. Our favorite producer @markystyle #flyanaboss #evanblummadeit,we made it on the wall 🥹 ft. Our favorite producer @markystyle #flyanaboss #evanblummadeit,Flyana Boss,Music Content,,False,2023-08-04 18:14:24,3547390,0,2170,8868.475,0.0,0.06117173471199953,0.06117173471199953,771,4601.024643320363,2025-09-14,2025-09-14 03:26:45
v7d29elCnTs,"Had to catch our breath for this one, back to running soon 😂 lol comment where we need to go next.","Had to catch our breath for this one, back to running soon 😂 lol comment where we need to go next.",Flyana Boss,Music Content,,False,2023-07-14 19:31:46,3443700,0,9409,8609.25,0.0,0.2732235676743038,0.2732235676743038,792,4348.106060606061,2025-09-14,2025-09-14 03:26:45
EIzvA1MGc5s,IM NOT FEELIN HIM #flyanaboss #besties #youwish,IM NOT FEELIN HIM #flyanaboss #besties #youwish,Flyana Boss,Music Content,,False,2023-06-28 20:49:11,3194537,128406,1657,7986.3425,4.019549624875217,0.05186980147670852,4.071419426351926,808,3953.634900990099,2025-09-14,2025-09-14 03:26:45
geS90j8zaG8,👀👀👀 remix coming soooon 🦋 #flyanaboss,👀👀👀 coming soooon 🦋 #flyanaboss,Flyana Boss,Remix,,False,2023-09-05 18:15:42,3115153,242605,2605,7787.8825,7.787899984366739,0.08362350099658027,7.871523485363319,739,4215.362652232747,2025-09-14,2025-09-14 03:26:45
iNMx_JbAO2Q,🏃🏽‍♀️🏃🏾‍♀️WHERE NEXT?? 🙃 #flyanaboss #besties,🏃🏽‍♀️🏃🏾‍♀️WHERE NEXT?? 🙃 #flyanaboss #besties,Flyana Boss,Music Content,,False,2023-06-25 05:20:51,3041357,150061,3002,7603.3925,4.934014652012244,0.09870593948688036,5.032720591499124,811,3750.1319358816277,2025-09-14,2025-09-14 03:26:45
tVOuOhgsILw,Who wanna run with us?!?? 😂😭💜💕 #evanblummadeit #flyanaboss,Who wanna run with us?!?? 😂😭💜💕 #evanblummadeit #flyanaboss,Flyana Boss,Music Content,,False,2023-07-12 17:55:58,2528356,0,2330,6320.89,0.0,0.09215474403129939,0.09215474403129939,794,3184.3274559193956,2025-09-14,2025-09-14 03:26:45
fIhsmL8pfPw,YOUTUBE JUST SHOWED OUT AND PUT US ON A BILLBOARD:’) #flyanaboss #youtubeshorts #evanblummadeit,YOUTUBE JUST SHOWED OUT AND PUT US ON A BILLBOARD:’) #flyanaboss #youtubeshorts #evanblummadeit,Flyana Boss,Music Content,,False,2023-07-31 21:25:50,2387830,82379,1080,5969.575,3.449952467302949,0.04522935049815104,3.4951818178011,775,3081.0709677419354,2025-09-14,2025-09-14 03:26:45
gUSf-SQTvPQ,"still running, where we going next?!? 😭💕💜‼️ #flyanaboss #evanblummadeit","still running, where we going next?!? 😭💕💜‼️ #flyanaboss #evanblummadeit",Flyana Boss,Music Content,,False,2023-06-29 17:25:20,2048686,100413,2447,5121.715,4.901336759269112,0.11944241333225296,5.020779172601365,807,2538.644361833953,2025-09-14,2025-09-14 03:26:45
eS5osFLkJBM,Wow can’t believe we’re on a billboard!! ✨🦋 @YouTube @YouTubeMusic #Shorts,Wow can’t believe we’re on a billboard!! ✨🦋 @YouTube @YouTubeMusic #Shorts,Flyana Boss,Music Content,,False,2023-07-22 22:56:06,1837557,52135,1752,4593.8925,2.8371909007448477,0.09534398116629851,2.9325348819111463,784,2343.8227040816328,2025-09-14,2025-09-14 03:26:45
T8XxmbvRYOs,Flyana Boss-Candyman (Lyric Video),Candyman (),Flyana Boss,Lyric Video,,False,2024-01-26 05:01:06,1536087,18634,326,3840.2174999999997,1.21308233192521,0.021222756263154365,1.2343050881883644,596,2577.327181208054,2025-09-14,2025-09-14 03:26:36
9ih3RFDJbjg,Never trust a beanie and a smile!!! #girlrap #hiphop,Never trust a beanie and a smile!!! #girlrap #hiphop,Flyana Boss,Music Content,,False,2023-05-03 22:41:48,1495640,98252,1653,3739.1000000000004,6.569227889064214,0.11052124842876629,6.67974913749298,864,1731.0648148148148,2025-09-14,2025-09-14 03:26:56
F5828hmVUjc,ispy Big Ellie 🐘🗽 @NewYorkLiberty,ispy Big Ellie 🐘🗽 @NewYorkLiberty,Flyana Boss,Music Content,,False,2023-08-22 18:31:33,1396220,82159,1361,3490.55,5.884387847187407,0.09747747489650628,5.981865322083913,753,1854.2098273572378,2025-09-14,2025-09-14 03:26:45
i94oYhn_d0c,Flyana Boss-You Wish (Official Music Video),You Wish,Flyana Boss,Official Music Video,,False,2023-09-13 18:00:11,1373972,55884,2420,3434.93,4.06733179424326,0.17613168245058852,4.243463476693848,731,1879.578659370725,2025-09-14,2025-09-14 03:26:45
S2Rh3NHJA-Y,You’re Favorite Nu Duo! #hiphop #femalerapper #besties,You’re Favorite Nu Duo! #hiphop #femalerapper #besties,Flyana Boss,Music Content,,False,2023-03-20 18:59:54,1122619,70124,660,2806.5474999999997,6.246464740040922,0.058791094752538485,6.305255834793461,908,1236.3645374449338,2025-09-14,2025-09-14 03:26:56
-qtAGkEV4a0,Black men don’t cheat!?,Black men don’t cheat!?,Flyana Boss,Music Content,,False,2023-04-30 16:36:32,1098768,89832,973,2746.92,8.175702241055436,0.08855372562724798,8.264255966682684,867,1267.3217993079584,2025-09-14,2025-09-14 03:26:56
ADjCw_FksvM,we’re not sponsored by Dave & Buster’s but we wanna be 😉😂 #flyanaboss #evanblummadeit,we’re not sponsored by Dave & Buster’s but we wanna be 😉😂 #flyanaboss #evanblummadeit,Flyana Boss,Music Content,,False,2023-07-11 18:05:54,1045117,0,533,2612.7925,0.0,0.050999074744741496,0.050999074744741496,795,1314.6125786163523,2025-09-14,2025-09-14 03:26:45
ghQ6DKlMDzk,we wanna go run at the pyramids 😭 #flyanaboss #hiphop,we wanna go run at the pyramids 😭 #flyanaboss #hiphop,Flyana Boss,Music Content,,False,2023-07-31 23:35:44,1032447,45904,2116,2581.1175,4.4461362181303254,0.20494998774755507,4.65108620587788,775,1332.189677419355,2025-09-14,2025-09-14 03:26:45
uyB0kb36bMw,Stoop kids 🥰 #boffum #hiphop,Stoop kids 🥰 #boffum #hiphop,Flyana Boss,Music Content,,False,2023-03-03 18:42:43,872009,76994,808,2180.0225,8.829496025843769,0.09265959410969382,8.922155619953463,925,942.7124324324325,2025-09-14,2025-09-14 03:26:56
2IroixX1C28,if you see us running through the streets of LA hide your bikes 📣 #hiphop #besties #flyanaboss,if you see us running through the streets of LA hide your bikes 📣 #hiphop #besties #flyanaboss,Flyana Boss,Music Content,,False,2023-06-11 02:02:01,857147,65970,449,2142.8675000000003,7.696462800429798,0.05238308014844595,7.748845880578244,825,1038.9660606060606,2025-09-14,2025-09-14 03:26:45
QfLWZtmDdhE,TEA TIME #besties,TEA TIME #besties,Flyana Boss,Music Content,,False,2023-03-17 21:55:54,685193,65330,589,1712.9825,9.534539903355697,0.08596118174003528,9.620501085095732,911,752.1328210757409,2025-09-14,2025-09-14 03:26:56
wq2bW9gc8xo,"They ask us, Flyana boss y u acting different. #hiphop #boffum #besties","They ask us, Flyana boss y u acting different. #hiphop #boffum #besties",Flyana Boss,Music Content,,False,2023-03-15 19:29:45,622832,41826,278,1557.08,6.7154545688082825,0.04463482929586148,6.760089398104144,913,682.1818181818181,2025-09-14,2025-09-14 03:26:56
haAFZ0SgFGo,CALL ME KHALEESI #hiphop #besties #flyanaboss,CALL ME KHALEESI #hiphop #besties #flyanaboss,Flyana Boss,Music Content,,False,2023-05-09 01:04:53,620874,61023,625,1552.185,9.828564249751157,0.10066454707396348,9.92922879682512,858,723.6293706293707,2025-09-14,2025-09-14 03:26:56
Rcr1ZsW93EA,Flyana Boss-You Wish (With Missy Elliott & Kaliii) - Remix (Lyric Video),You Wish (With Missy Elliott & Kaliii) - (),Flyana Boss,Lyric Video,,False,2023-09-07 05:49:37,542602,23666,813,1356.5049999999999,4.36157625663009,0.1498335796771851,4.511409836307275,737,736.2306648575305,2025-09-14,2025-09-14 03:26:45
tJTjprC5Jyw,What should our Fandom name be?!? 🦋 #flyanaboss #hiphop,What should our Fandom name be?!? 🦋 #flyanaboss #hiphop,Flyana Boss,Music Content,,False,2023-08-14 18:47:58,534327,34306,935,1335.8175,6.420412968088829,0.17498647831758454,6.595399446406414,761,702.137976346912,2025-09-14,2025-09-14 03:26:45
M02lg0i3VLQ,This is how we turn bones into bread!,This is how we turn bones into bread!,Flyana Boss,Music Content,,False,2023-01-05 18:09:02,493196,35476,389,1232.99,7.193083479995782,0.07887330797492276,7.271956787970705,982,502.23625254582487,2025-09-14,2025-09-14 03:27:05
FT39yYiCUPY,Black girls 🆙☝🏾☝🏿,Black girls 🆙☝🏾☝🏿,Flyana Boss,Music Content,,False,2023-10-25 21:27:45,466086,47349,383,1165.2150000000001,10.158854803619931,0.0821736761026935,10.241028479722624,689,676.4673439767779,2025-09-14,2025-09-14 03:26:36
OwtStc3wUU8,9/29!!!!!!! 🥰🥰 #flyanaboss #evanblummadeit,9/29!!!!!!! 🥰🥰 #flyanaboss #evanblummadeit,Flyana Boss,Music Content,,False,2023-09-20 22:05:07,428857,44818,320,1072.1425000000002,10.450569770343028,0.0746169469077105,10.525186717250739,724,592.3439226519337,2025-09-14,2025-09-14 03:26:45
wUyQpOtOfBA,👀👀😍 #hiphop #flyanaboss,👀👀😍 #hiphop #flyanaboss,Flyana Boss,Music Content,,False,2023-05-06 20:15:38,394968,21503,516,987.4200000000001,5.44423852058901,0.1306434951692289,5.574882015758239,861,458.7317073170732,2025-09-14,2025-09-14 03:26:56
Tw3kaaAVxMc,Does he exist!?!,Does he exist!?!,Flyana Boss,Music Content,,False,2023-04-27 01:44:33,381860,29727,836,954.6500000000001,7.784790237259728,0.21892840307966271,8.003718640339391,870,438.91954022988506,2025-09-14,2025-09-14 03:26:56
AH2i9g8H6zI,When Mama’s Got A Brand Nu Bag!?! #besties #flyanaboss #girlrap,When Mama’s Got A Brand Nu Bag!?! #besties #flyanaboss #girlrap,Flyana Boss,Music Content,,False,2023-03-14 19:49:30,365583,33573,293,913.9575000000001,9.183413889595522,0.08014595864687363,9.263559848242396,914,399.98140043763675,2025-09-14,2025-09-14 03:26:56
ybCX9fbuVbg,Flyana Boss-Nu Nu (Lyric Video),Nu Nu (),Flyana Boss,Lyric Video,,False,2023-02-24 05:00:27,361131,8696,297,902.8274999999999,2.40799045221817,0.08224162423054238,2.490232076448712,932,387.4796137339056,2025-09-14,2025-09-14 03:27:05
vXoi63T7rqY,LITTLE MISS…..,LITTLE MISS…..,Flyana Boss,Music Content,,False,2022-12-15 17:58:54,332943,36042,339,832.3575,10.825276398662833,0.10181923031870319,10.927095628981537,1003,331.9471585244267,2025-09-14,2025-09-14 03:27:05
kphNAD7T0_o,Don’t try this at home kids! #flyanaboss #evanblummadeit,Don’t try this at home kids! #flyanaboss #evanblummadeit,Flyana Boss,Music Content,,False,2023-09-21 13:08:59,319029,29675,295,797.5725,9.301662231333202,0.09246808283886418,9.394130314172067,723,441.2572614107884,2025-09-14,2025-09-14 03:26:45
K0lYzo_3fAU,First runner on our last first tour!!!😱,First runner on our last first tour!!!😱,Flyana Boss,Music Content,,False,2023-10-13 05:13:16,306114,19654,191,765.285,6.420483872021535,0.062395055436863384,6.482878927458398,701,436.6818830242511,2025-09-14,2025-09-14 03:26:36
cTB9HkiSJtI,You wish live! Full session on @uproxxmusicvideos’s channel 🦋💕🥰,You wish live! Full session on @uproxxmusicvideos’s channel 🦋💕🥰,Flyana Boss,Live Performance,,False,2023-09-13 23:54:54,301417,30708,277,753.5424999999999,10.18787925034089,0.0918992624835361,10.279778512824427,731,412.33515731874144,2025-09-14,2025-09-14 03:26:45
J8WOBOIJ1TI,SWAG NOT FOR SALE #hiphop #besties,SWAG NOT FOR SALE #hiphop #besties,Flyana Boss,Music Content,,False,2023-03-29 22:00:13,299373,27210,354,748.4325,9.088996001643434,0.11824713651531701,9.20724313815875,899,333.0066740823137,2025-09-14,2025-09-14 03:26:56
JuVTOVfCK5Y,RUN FLYANA BOSS RUN #besties #hiphopmusic #flyanaboss,RUN FLYANA BOSS RUN #besties #hiphopmusic #flyanaboss,Flyana Boss,Music Content,,False,2023-05-27 18:40:19,290668,19673,107,726.6700000000001,6.768202898151843,0.03681175774423053,6.805014655896073,840,346.03333333333336,2025-09-14,2025-09-14 03:26:45
iueBQ6CdyuU,Flyana Boss-Miss Me (Visualizer),Miss Me (),Flyana Boss,Visualizer,,False,2022-03-15 20:38:01,283989,9224,218,709.9725,3.248013127269014,0.07676353661585483,3.324776663884869,1278,222.21361502347418,2025-09-14,2025-09-14 03:27:05
X1fz5MGECic,Flyana Boss-Big One (Lyric Video),Big One (),Flyana Boss,Lyric Video,,False,2023-09-29 04:00:40,275051,7083,162,687.6274999999999,2.575158788733726,0.0588981679761208,2.6340569567098466,715,384.6867132867133,2025-09-14,2025-09-14 03:26:45
YfL_h6U1WLM,MAMAS GOT A BRAND NU BAG 💁🏽‍♀️💁🏾‍♀️🌸🫶🏾 #boffum #hiphop #besties,MAMAS GOT A BRAND NU BAG 💁🏽‍♀️💁🏾‍♀️🌸🫶🏾 #boffum #hiphop #besties,Flyana Boss,Music Content,,False,2023-03-05 22:18:17,267068,25922,230,667.67,9.706142255904863,0.08612038881483368,9.792262644719697,923,289.3477789815818,2025-09-14,2025-09-14 03:26:56
mpakjtRJ-cw,Have you ever had a trashboi?,Have you ever had a trashboi?,Flyana Boss,Music Content,,False,2023-05-29 20:08:01,263443,12829,100,658.6075,4.869744119221235,0.037958875354440993,4.9077029945756765,838,314.3711217183771,2025-09-14,2025-09-14 03:26:45
s_tnKSXNkdI,Are we you’re favorite duo?? #girlrap #flyanaboss,Are we you’re favorite duo?? #girlrap #flyanaboss,Flyana Boss,Music Content,,False,2023-04-01 22:16:02,262408,25812,251,656.02,9.836590347855248,0.09565257156794,9.932242919423189,896,292.86607142857144,2025-09-14,2025-09-14 03:26:56
ES0WsYNbCLw,Flyana Boss-yeaaa (Official Music Video),yeaaa,Flyana Boss,Official Music Video,,False,2024-03-08 18:00:06,246420,4698,156,616.05,1.9065010956902848,0.06330654979303628,1.969807645483321,554,444.8014440433213,2025-09-14,2025-09-14 03:26:36
9Zb5adVxh_o,Caption this….,Caption this….,Flyana Boss,Music Content,,False,2023-06-09 06:58:23,238111,8074,94,595.2774999999999,3.390855525364221,0.03947738659700728,3.4303329119612282,827,287.92140266021767,2025-09-14,2025-09-14 03:26:45
KW5Y583jGQ4,Have you heard!?,Have you heard!?,Flyana Boss,Music Content,,False,2023-04-05 19:55:11,222951,15629,150,557.3774999999999,7.010060506568708,0.06727935734757862,7.077339863916286,892,249.945067264574,2025-09-14,2025-09-14 03:26:56
1el1xIBiUcE,This sound has people in a tizzy 😱😱😱😱,This sound has people in a tizzy 😱😱😱😱,Flyana Boss,Music Content,,False,2023-05-19 19:01:07,222797,9292,129,556.9925,4.1706127102250035,0.05790024102658473,4.228512951251588,848,262.7323113207547,2025-09-14,2025-09-14 03:26:45
jPGK0LZTIHU,Flyana Boss-Fondue (Lyric Video),Fondue (),Flyana Boss,Lyric Video,,False,2023-04-28 04:00:30,218823,6124,174,547.0575,2.7986089213656697,0.07951632141045503,2.878125242776125,869,251.81012658227849,2025-09-14,2025-09-14 03:26:56
izbpvOPd9fw,SHINE BRIGHT SHINE FAR 💫✨ #flyanaboss #evanblummadeit,SHINE BRIGHT SHINE FAR 💫✨ #flyanaboss #evanblummadeit,Flyana Boss,Music Content,,False,2023-09-23 20:46:14,209284,22661,211,523.21,10.827870262418532,0.10081993845683376,10.928690200875366,721,290.26907073509017,2025-09-14,2025-09-14 03:26:45
6t8muKNv2Ts,Flyana Boss-Trashboi (Lyric Video),Trashboi (),Flyana Boss,Lyric Video,,False,2023-06-16 04:00:04,202364,5440,167,505.91,2.6882251783914133,0.08252455970429523,2.7707497380957085,820,246.78536585365853,2025-09-14,2025-09-14 03:26:45
cdOYQPESf2U,Gotta think Big!!! #flyanaboss #hiphop,Gotta think Big!!! #flyanaboss #hiphop,Flyana Boss,Music Content,,False,2023-10-21 23:03:43,202012,18567,115,505.03,9.191038156149139,0.05692731124883671,9.247965467397975,693,291.5036075036075,2025-09-14,2025-09-14 03:26:36
FTevCOruqcE,You’re Nu Fav Duo! 🦋🦋 #hiphop #blackgirlmagic,You’re Nu Fav Duo! 🦋🦋 #hiphop #blackgirlmagic,Flyana Boss,Music Content,,False,2023-03-27 00:41:13,201390,15968,104,503.47499999999997,7.928894185411391,0.051641094393961966,7.980535279805353,901,223.51831298557158,2025-09-14,2025-09-14 03:26:56
YDRSKyxMj30,Jack and the beanstalk bars #hiphop #besties,Jack and the beanstalk bars #hiphop #besties,Flyana Boss,Music Content,,False,2023-03-31 18:28:09,196881,18314,181,492.2025,9.302065714822659,0.0919337061473682,9.393999420970028,897,219.48829431438128,2025-09-14,2025-09-14 03:26:56
d4LrS1c_-0E,Flyana Boss-C*NT (Official Performance Visualizer),C*NT (Official Performance ),Flyana Boss,Visualizer,,False,2025-06-06 03:00:55,192863,7810,190,482.1575,4.0495066446130155,0.0985155265654895,4.148022171178505,99,1948.111111111111,2025-09-14,2025-09-14 03:26:22
MrU3aA8gg0U,☕️🫖🫶🏾 #hiphop #besties #flyanaboss,☕️🫖🫶🏾 #hiphop #besties #flyanaboss,Flyana Boss,Music Content,,False,2023-05-10 22:52:45,192357,14710,102,480.8925,7.647239247856849,0.053026404030006705,7.7002656518868555,857,224.4539089848308,2025-09-14,2025-09-14 03:26:56
oUmkhPbkEPU,Flyana Boss-Bitch Imma Star (Lyric Video),Bitch Imma Star (),Flyana Boss,Lyric Video,,False,2023-09-26 16:00:43,183892,5959,219,459.73,3.2404889826637375,0.11909164074565506,3.359580623409393,718,256.116991643454,2025-09-14,2025-09-14 03:26:45
TIcnnUL3EHo,Little Miss Car Rap!,Little Miss Car Rap!,Flyana Boss,Music Content,,False,2022-08-06 16:55:04,161491,22642,277,403.7275,14.020595574985602,0.17152658662092624,14.192122161606529,1134,142.40828924162258,2025-09-14,2025-09-14 03:27:05
PapzJa8_e3E,Flyana Boss-yeaaa (Lyric Video),yeaaa (),Flyana Boss,Lyric Video,,False,2024-02-23 05:00:12,160314,3144,118,400.78499999999997,1.9611512406901455,0.07360554910987188,2.034756789800017,568,282.24295774647885,2025-09-14,2025-09-14 03:26:36
o_obL11smuI,Flyana Boss-You Wish (Official Music Video),You Wish,Flyana Boss,Official Music Video,,False,2023-10-03 21:31:23,150860,11842,97,377.15000000000003,7.849661938220867,0.06429802465862389,7.913959962879491,711,212.18002812939523,2025-09-14,2025-09-14 03:26:36
mNtCJyec0MA,TEA TIME HAD BEGUN #hiphop #besties #flyanaboss,TEA TIME HAD BEGUN #hiphop #besties #flyanaboss,Flyana Boss,Music Content,,False,2023-05-21 01:25:04,148489,9673,93,371.2225,6.514287253601276,0.06263090195233316,6.576918155553609,846,175.51891252955082,2025-09-14,2025-09-14 03:26:45
11A01A9s-js,Flyana Boss-daddy? (Official Music Video),daddy?,Flyana Boss,Official Music Video,,False,2021-05-24 16:58:22,148420,5104,153,371.04999999999995,3.43888963751516,0.10308583748820915,3.541975475003369,1573,94.354736172918,2025-09-14,2025-09-14 03:27:05
Rliok-wV8NQ,do you ever feel like a plastic bag drifting through the wind wanting to start again? #boffum,do you ever feel like a plastic bag drifting through the wind wanting to start again? #boffum,Flyana Boss,Music Content,,False,2023-03-01 19:37:46,145715,14245,157,364.2875,9.77593247091926,0.10774456987955941,9.883677040798819,927,157.1898597626753,2025-09-14,2025-09-14 03:27:05
QelqNaQmFq4,Flyana Boss-UFHO (Lyric Video),UFHO (),Flyana Boss,Lyric Video,,False,2023-12-13 05:15:45,141665,3611,124,354.16249999999997,2.5489711643666397,0.08753044153460629,2.636501605901246,640,221.3515625,2025-09-14,2025-09-14 03:26:36
IzpCSNFIqrc,Flyana Boss-You Wish (Clean-Lyric Video),You Wish (Clean - ),Flyana Boss,Lyric Video,,False,2023-07-21 20:23:40,141157,2969,291,352.89250000000004,2.1033317511706824,0.2061534319941625,2.309485183164845,785,179.81783439490445,2025-09-14,2025-09-14 03:26:45
KuvjOjw_d6o,HUNGRY RAPPER 😂 #hiphop,HUNGRY RAPPER 😂 #hiphop,Flyana Boss,Music Content,,False,2023-03-21 18:33:15,137223,18798,142,343.0575,13.698869723005618,0.10348119484343003,13.802350917849049,907,151.29327453142227,2025-09-14,2025-09-14 03:26:56
jPrF8zVf4eg,Is this the best live duo!?! #flyanaboss,Is this the best live duo!?! #flyanaboss,Flyana Boss,Live Performance,,False,2023-05-15 18:24:13,134516,6837,36,336.28999999999996,5.082666745963305,0.026762615599631268,5.1094293615629365,852,157.88262910798122,2025-09-14,2025-09-14 03:26:45
p0Sw0mI5PQc,Flyana Boss-See Sumn (Official Visualizer),See Sumn (Official ),Flyana Boss,Visualizer,,False,2025-01-17 19:00:28,114731,6481,200,286.8275,5.648865607377256,0.17432080257297503,5.823186409950231,239,480.0460251046025,2025-09-14,2025-09-14 03:26:22
fZdB4yCm-WM,LIKE PLZ CAN U TAKE HIM ☎️ #flyanaboss #evanblummadeit,LIKE PLZ CAN U TAKE HIM ☎️ #flyanaboss #evanblummadeit,Flyana Boss,Music Content,,False,2023-10-01 22:53:39,112778,7547,76,281.945,6.691907996240401,0.06738902977531079,6.7592970260157115,713,158.17391304347825,2025-09-14,2025-09-14 03:26:36
5JxbuCtyQPo,Keep it rolling like I’m Kelly! #hiphop #newmusic,Keep it rolling like I’m Kelly! #hiphop #newmusic,Flyana Boss,Music Content,,False,2023-04-13 19:28:04,109869,9832,68,274.6725,8.948839071985729,0.06189188943195988,9.01073096141769,884,124.28619909502262,2025-09-14,2025-09-14 03:26:56
buqAtWp5ykU,BIG ONEEEEE 9/29 #flyanaboss,BIG ONEEEEE 9/29 #flyanaboss,Flyana Boss,Music Content,,False,2023-09-21 20:27:36,109687,8489,92,274.2175,7.739294538094761,0.0838750262109457,7.823169564305706,723,151.71092669432917,2025-09-14,2025-09-14 03:26:45
kcGWJP4kAS4,What’s the tea????☕️,What’s the tea????☕️,Flyana Boss,Music Content,,False,2023-05-02 14:44:02,109188,9296,52,272.97,8.513756090412866,0.04762428105652636,8.561380371469392,865,126.22890173410404,2025-09-14,2025-09-14 03:26:56
b8QiLaasWEM,💰💰💰 #hiphop #besties #flyanaboss,💰💰💰 #hiphop #besties #flyanaboss,Flyana Boss,Music Content,,False,2023-05-04 15:53:00,108733,7083,34,271.8325,6.514121747767467,0.03126925588367837,6.545391003651146,863,125.99420625724218,2025-09-14,2025-09-14 03:26:56
3wAkOZPUGuw,We made an introvert anthem 🌸 #hiphop #besties,We made an introvert anthem 🌸 #hiphop #besties,Flyana Boss,Music Content,,False,2023-03-25 15:45:17,106158,17361,157,265.395,16.35392528118465,0.14789276361649617,16.501818044801148,903,117.56146179401993,2025-09-14,2025-09-14 03:26:56
oYqS3MEc7o8,Flyana Boss-Mango Bananas (Lyric Video),Mango Bananas (),Flyana Boss,Lyric Video,,False,2022-06-23 04:01:27,99625,2403,99,249.0625,2.4120451693851948,0.09937264742785445,2.511417816813049,1178,84.57130730050933,2025-09-14,2025-09-14 03:27:05
wlDDantvVVI,Whatchu know about speed ramping? #flyanaboss #besties,Whatchu know about speed ramping? #flyanaboss #besties,Flyana Boss,Music Content,,False,2023-05-01 07:07:46,96172,3990,23,240.43,4.148816703406396,0.023915484756477978,4.1727321881628745,866,111.05311778290994,2025-09-14,2025-09-14 03:26:56
Yejow_ylKJI,9/26*** 💫✨💫 #flyanaboss #evanblummadeit,9/26*** 💫✨💫 #flyanaboss #evanblummadeit,Flyana Boss,Music Content,,False,2023-09-22 21:52:16,91117,11403,96,227.79250000000002,12.514678929288717,0.1053590438666769,12.620037973155394,722,126.20083102493075,2025-09-14,2025-09-14 03:26:45
Suk4rrMP_94,Candyman Dance #flyanaboss #badalee #kirstendodgen Dance Credit: @Bada_bebe @KirstenDodgenn,Candyman Dance #flyanaboss #badalee #kirstendodgen Dance Credit: @Bada_bebe @KirstenDodgenn,Flyana Boss,Music Content,,False,2024-06-05 19:17:24,88003,7182,34,220.0075,8.161085417542584,0.038635046532504574,8.199720464075089,465,189.2537634408602,2025-09-14,2025-09-14 03:26:36
QmdUOlH4Tbo,Is Goofy A Dog??? #flyanaboss #drclipsstyle,Is Goofy A Dog??? #flyanaboss #drclipsstyle,Flyana Boss,Music Content,,False,2024-05-03 23:25:07,85609,7297,173,214.02249999999998,8.523636533542033,0.20208155684565873,8.725718090387693,498,171.90562248995985,2025-09-14,2025-09-14 03:26:36
rGbizBBgrmc,Flyana Boss-Hot Tea (Lyric Video),Hot Tea (),Flyana Boss,Lyric Video,,False,2023-04-28 04:00:32,84417,2911,75,211.04250000000002,3.4483575583117148,0.0888446639894808,3.5372022223011954,869,97.1426927502877,2025-09-14,2025-09-14 03:26:56
rhzDHhHAGTE,Studio vlog 😂 #music #hiphop #besties #flyanaboss,Studio vlog 😂 #music #hiphop #besties #flyanaboss,Flyana Boss,Music Content,,False,2023-04-08 21:55:38,84411,7820,42,211.0275,9.264195424766914,0.049756548317162454,9.313951973084077,889,94.95050618672666,2025-09-14,2025-09-14 03:26:56
Hg5D3M3xORM,The camera man going crazy #hiphop #besties,The camera man going crazy #hiphop #besties,Flyana Boss,Music Content,,False,2023-03-11 19:05:38,79924,8499,109,199.81,10.633852159551575,0.1363795605825534,10.770231720134127,917,87.15812431842966,2025-09-14,2025-09-14 03:26:56
EaYWt45o86Y,Watch This Short!! #flyanaboss,Watch This Short!! #flyanaboss,Flyana Boss,Music Content,,False,2023-05-11 18:53:37,76477,5519,22,191.1925,7.21654876629575,0.0287668187821175,7.245315585077868,856,89.34228971962617,2025-09-14,2025-09-14 03:26:56
w-Z1U54qy8w,Flyana Boss-Really Really (Lyric Video),Really Really (),Flyana Boss,Lyric Video,,False,2023-02-24 05:00:23,74367,2412,75,185.91750000000002,3.2433740772116666,0.10085118399290008,3.3442252612045666,932,79.79291845493562,2025-09-14,2025-09-14 03:27:05
33bfjDnZm6w,Wait what!?!!🛹 #flyanaboss #drclipsstyle,Wait what!?!!🛹 #flyanaboss #drclipsstyle,Flyana Boss,Music Content,,False,2024-04-10 17:28:20,69883,3875,60,174.70749999999998,5.5449823276047105,0.08585779087904069,5.630840118483751,521,134.13243761996162,2025-09-14,2025-09-14 03:26:36
QPZ4Xwap19s,Hello Christ? #flyanaboss #youwish #animation #art Credit: @cryptiddraws3376,Hello Christ? #flyanaboss #youwish #animation #art Credit: @cryptiddraws3376,Flyana Boss,Music Content,,False,2024-06-12 02:02:25,68350,9358,199,170.875,13.691294806144844,0.29114850036576445,13.982443306510609,458,149.235807860262,2025-09-14,2025-09-14 03:26:30
gO27AB_S9hs,Big One x @MTV Live: #WomenInRap,Big One x @MTV Live: #WomenInRap,Flyana Boss,Live Performance,,False,2023-11-10 19:42:06,68129,7205,102,170.32250000000002,10.575525840684584,0.14971597997915717,10.725241820663742,673,101.23179791976226,2025-09-14,2025-09-14 03:26:36
sEv2faib5p4,Flyana Boss-Money At (Lyric Video),Money At (),Flyana Boss,Lyric Video,,False,2024-03-25 05:46:40,64923,2181,55,162.3075,3.3593641698627605,0.08471574018452628,3.4440799100472868,537,120.89944134078212,2025-09-14,2025-09-14 03:26:36
Z2wOkD1JCCg,Let’s try it and rate it 1-10 #hiphop #boffum #besties,Let’s try it and rate it 1-10 #hiphop #boffum #besties,Flyana Boss,Music Content,,False,2023-03-12 21:08:00,62574,4977,106,156.435,7.9537827212580305,0.16939943107360883,8.123182152331639,916,68.3122270742358,2025-09-14,2025-09-14 03:26:56
OrDbSJRPVsc,Dingles dropping soon! 😱,Dingles dropping soon! 😱,Flyana Boss,Music Content,,False,2023-04-24 15:16:07,62201,2736,30,155.5025,4.398643108631694,0.0482307358402598,4.446873844471954,873,71.24971363115694,2025-09-14,2025-09-14 03:26:56
GkRQxQgZYfM,Flyana Boss-Skateboard,Skateboard,Flyana Boss,Music Content,,False,2024-04-26 22:33:00,61735,3061,117,154.3375,4.958289463027456,0.1895197213898113,5.147809184417268,505,122.24752475247524,2025-09-14,2025-09-14 03:26:36
qHPZiFJ4J_w,Send this song to your Ex! #hiphop #besties,Send this song to your Ex! #hiphop #besties,Flyana Boss,Music Content,,False,2023-04-09 19:54:54,59831,5173,46,149.57750000000001,8.646019621935118,0.07688322107268807,8.722902843007805,888,67.37725225225225,2025-09-14,2025-09-14 03:26:56
asZctgZ3WAY,SNEAKING ON A ROOFTOP IN DOWNTOWN LA JUST TO MAKE CONTENT #boffum #hiphop,SNEAKING ON A ROOFTOP IN DOWNTOWN LA JUST TO MAKE CONTENT #boffum #hiphop,Flyana Boss,Music Content,,False,2023-02-27 20:14:51,59151,9289,59,147.8775,15.70387651941641,0.09974472113742794,15.803621240553838,929,63.67168998923574,2025-09-14,2025-09-14 03:27:05
X063GtX5veQ,"January 4, 2023","January 4, 2023",Flyana Boss,Music Content,,False,2023-01-04 19:25:52,58980,3140,50,147.45,5.323838589352323,0.084774499830451,5.408613089182774,983,60.0,2025-09-14,2025-09-14 03:27:05
8MCbqIufA80,Content Day With Your Favorite Duo! #besties,Content Day With Your Favorite Duo! #besties,Flyana Boss,Music Content,,False,2023-04-20 16:07:04,57222,3575,46,143.055,6.247597078046905,0.08038866170354059,6.327985739750446,877,65.24743443557583,2025-09-14,2025-09-14 03:26:56
lexUuVAddh4,best friends for real 💕🥰 @AppleMusic @zanelowetv,best friends for real 💕🥰 @AppleMusic @zanelowetv,Flyana Boss,Music Content,,False,2023-09-29 06:38:56,54794,4509,57,136.98499999999999,8.229003175530169,0.10402598824688836,8.333029163777057,715,76.63496503496503,2025-09-14,2025-09-14 03:26:45
w3xRACFvDKA,Flyana Boss-Hot Butter Summertime (First and Only Take),Hot Butter Summertime (First and Only Take),Flyana Boss,Music Content,,False,2024-07-26 18:00:37,49761,2738,98,124.4025,5.502300998774141,0.19694137979542212,5.699242378569563,414,120.19565217391305,2025-09-14,2025-09-14 03:26:30
YyGN9rBmbos,GUESS WHOOOO #flyanaboss,GUESS WHOOOO #flyanaboss,Flyana Boss,Music Content,,False,2023-09-05 01:13:48,49660,2746,67,124.14999999999999,5.529601288763592,0.13491743858236005,5.6645187273459525,739,67.19891745602165,2025-09-14,2025-09-14 03:26:45
pYU_elZ2tls,We made a Christmas song called jingle dem bells 😂😂🎄🥰🥰,We made a Christmas song called jingle dem bells 😂😂🎄🥰🥰,Flyana Boss,Music Content,,False,2023-12-24 22:10:21,49535,4015,56,123.83749999999999,8.105380034319168,0.11305137781366711,8.218431412132835,629,78.75198728139905,2025-09-14,2025-09-14 03:26:36
K0zh2bXRuj4,2/23 🥰🥰🌼🦋🌱🦋💜🌼 #evanblummadeit #flyanaboss,2/23 🥰🥰🌼🦋🌱🦋💜🌼 #evanblummadeit #flyanaboss,Flyana Boss,Music Content,,False,2024-02-16 20:07:19,49360,3683,40,123.4,7.461507293354944,0.08103727714748785,7.542544570502431,575,85.84347826086956,2025-09-14,2025-09-14 03:26:36
Y4IZq0SvUP4,You Wish x @MTV Live: #WomenInRap,You Wish x @MTV Live: #WomenInRap,Flyana Boss,Live Performance,,False,2023-11-09 23:18:09,48479,5266,72,121.19749999999999,10.862435281255802,0.14851791497349368,11.010953196229297,674,71.9272997032641,2025-09-14,2025-09-14 03:26:36
beKEG8S7SH8,Have you counted how many squeaks are in this song??? yeaaa out now!! #flyanaboss #evanblummadeit,Have you counted how many squeaks are in this song??? yeaaa out now!! #flyanaboss #evanblummadeit,Flyana Boss,Music Content,,False,2024-02-26 01:13:33,48186,4400,65,120.465,9.131282945253808,0.13489395260034034,9.266176897854148,565,85.28495575221238,2025-09-14,2025-09-14 03:26:36
y5YVryjVjBY,💁🏾‍♀️💁🏾‍♀️,💁🏾‍♀️💁🏾‍♀️,Flyana Boss,Music Content,,False,2023-04-04 19:18:01,47611,3986,42,119.02749999999999,8.372014870513118,0.088214908319506,8.460229778832623,893,53.31578947368421,2025-09-14,2025-09-14 03:26:56
7l8KtLcNu2c,Flyana Boss-Miss Me (Official Audio),Miss Me,Flyana Boss,Official Audio,,False,2022-02-11 05:34:51,47221,1687,33,118.0525,3.5725630545731772,0.06988416170771479,3.642447216280892,1310,36.04656488549618,2025-09-14,2025-09-14 03:27:05
Pulqxah6MNA,Give me space I don’t like ppl #flyanaboss #evanblummadeit,Give me space I don’t like ppl #flyanaboss #evanblummadeit,Flyana Boss,Music Content,,False,2024-03-12 19:26:48,46956,3446,41,117.39000000000001,7.33878524576199,0.0873157849902036,7.426101030752194,550,85.37454545454545,2025-09-14,2025-09-14 03:26:36
E2m8YnHDsIY,More new music cominggggg 🌱 👀 #flyanaboss #evanblummadeit,More new music cominggggg 🌱 👀 #flyanaboss #evanblummadeit,Flyana Boss,Music Content,,False,2024-02-13 23:31:26,46634,4060,59,116.58500000000001,8.70609426598619,0.1265171334219668,8.832611399408156,578,80.68166089965398,2025-09-14,2025-09-14 03:26:36
6kZURuZgSJc,TEAAAAAA TIME 😭 #hiphop #flyanaboss #besties,TEAAAAAA TIME 😭 #hiphop #flyanaboss #besties,Flyana Boss,Music Content,,False,2023-04-26 04:32:03,46606,2689,14,116.515,5.769643393554478,0.030039050765995796,5.799682444320474,871,53.50861079219288,2025-09-14,2025-09-14 03:26:56
f20pRmRLVGU,CHOCOLATE FONDUE 🥵🫠😮‍💨 #hiphop #besties #flyanaboss,CHOCOLATE FONDUE 🥵🫠😮‍💨 #hiphop #besties #flyanaboss,Flyana Boss,Music Content,,False,2023-04-22 19:57:17,46128,1617,10,115.32,3.505463059313215,0.021678806798473813,3.527141866111689,875,52.71771428571429,2025-09-14,2025-09-14 03:26:56
xa2p0X_LL_s,How old do you think we are??,How old do you think we are??,Flyana Boss,Music Content,,False,2022-08-01 22:05:42,46006,4289,133,115.015,9.322697039516585,0.28909272703560407,9.611789766552189,1139,40.39157155399473,2025-09-14,2025-09-14 03:27:05
A8Ivq1EZ36M,The tea is that I’m her 💁🏾‍♀️ #hiphop #besties #femalerapper #blackgirlmagic,The tea is that I’m her 💁🏾‍♀️ #hiphop #besties #femalerapper #blackgirlmagic,Flyana Boss,Music Content,,False,2023-04-28 18:17:50,45158,3073,24,112.89500000000001,6.8049957925506,0.05314672926170336,6.8581425218123035,869,51.96547756041427,2025-09-14,2025-09-14 03:26:56
RDw_TP96v3o,need inspiration to become a brand new new one? This is the song you need! #hiphop #girlrap,need inspiration to become a brand new new one? This is the song you need! #hiphop #girlrap,Flyana Boss,Music Content,,False,2023-03-02 18:50:56,44780,3300,37,111.95,7.369361322018758,0.08262617239839215,7.45198749441715,926,48.3585313174946,2025-09-14,2025-09-14 03:26:56
_ShOEeFD54A,Found a little gum drop!! 🍬🤭 #flyanaboss #candyman #nickcannon,Found a little gum drop!! 🍬🤭 #flyanaboss #candyman #nickcannon,Flyana Boss,Music Content,,False,2024-01-31 17:53:12,43959,3563,69,109.89750000000001,8.105279919925385,0.1569644441411315,8.262244364066516,591,74.38071065989848,2025-09-14,2025-09-14 03:26:36
F5Wr_WeN82g,UNIDENTIFIED FLYAASSHOOEE 👽💜👽💚 #flyanaboss #evanblummadeit,UNIDENTIFIED FLYAASSHOOEE 👽💜👽💚 #flyanaboss #evanblummadeit,Flyana Boss,Music Content,,False,2024-01-15 20:04:45,43802,3398,41,109.505,7.757636637596457,0.09360303182503082,7.851239669421488,607,72.16144975288303,2025-09-14,2025-09-14 03:26:36
ZCCvaMtDL5c,Flyana Boss-Buddha (Official Audio),Buddha,Flyana Boss,Official Audio,,False,2022-10-14 04:04:46,43025,1292,49,107.5625,3.002905287623475,0.11388727484020918,3.1167925624636843,1065,40.39906103286385,2025-09-14,2025-09-14 03:27:05
VOzSs9T_Eeg,Yeaaaaaaaaas just like that #lyrics #flyanaboss,Yeaaaaaaaaas just like that #lyrics #flyanaboss,Flyana Boss,Music Content,,False,2024-03-04 18:01:50,42851,3055,50,107.1275,7.129355207579753,0.11668339128608435,7.246038598865837,558,76.79390681003584,2025-09-14,2025-09-14 03:26:36
RUpqQ7Iwgi4,Turn that boy into a 😵,Turn that boy into a 😵,Flyana Boss,Music Content,,False,2024-04-05 18:08:08,42654,3041,42,106.635,7.129460308529094,0.09846673231115487,7.227927040840249,526,81.09125475285171,2025-09-14,2025-09-14 03:26:36
gUy4vIWnlck,Flyana Boss-Nepo Baby (Lyric Video),Nepo Baby (),Flyana Boss,Lyric Video,,False,2024-09-20 19:00:21,42082,1698,42,105.205,4.034979326077657,0.09980514234114349,4.1347844684188,358,117.54748603351955,2025-09-14,2025-09-14 03:26:22
iK1as9XJ8qw,The cutest besties you’ve ever seen #besties #hiphop #flyanaboss,The cutest besties you’ve ever seen #besties #hiphop #flyanaboss,Flyana Boss,Music Content,,False,2023-04-06 18:58:06,41710,3295,27,104.275,7.899784224406617,0.06473267801486454,7.964516902421482,891,46.81257014590348,2025-09-14,2025-09-14 03:26:56
db-evVPA_yE,If you’re watching this you have an internal glow you don’t even gotta brag #hiphop #boffum #besties,If you’re watching this you have an internal glow you don’t even gotta brag #hiphop #boffum #besties,Flyana Boss,Music Content,,False,2023-03-07 19:15:23,39279,3019,35,98.1975,7.686040886987958,0.089106138139973,7.775147025127931,921,42.648208469055376,2025-09-14,2025-09-14 03:26:56
lM8oYQCqOqk,C*NT OUT NOWWWWW 😈😈 #flyanaboss,C*NT OUT NOWWWWW 😈😈 #flyanaboss,Flyana Boss,Music Content,,False,2025-06-06 20:35:16,39197,5429,82,97.9925,13.850549786973493,0.20919968364925887,14.059749470622751,99,395.92929292929296,2025-09-14,2025-09-14 03:26:22
iUK9erMDW-0,Your favorite duo back with another one!! 👽🛸,Your favorite duo back with another one!! 👽🛸,Flyana Boss,Music Content,,False,2023-12-20 23:55:20,38890,3014,29,97.225,7.750064283877603,0.07456929802005657,7.82463358189766,633,61.43759873617694,2025-09-14,2025-09-14 03:26:36
wBqC_xmtfdk,"July 28, 2022","July 28, 2022",Flyana Boss,Music Content,,False,2022-07-28 22:57:28,38136,2723,33,95.34,7.140234948604992,0.08653241032095658,7.226767358925949,1143,33.36482939632546,2025-09-14,2025-09-14 03:27:05
Kto4u2rZ5o8,Be my little sweetheart 🖤🍬🍭#flyanaboss #candyman,Be my little sweetheart 🖤🍬🍭#flyanaboss #candyman,Flyana Boss,Music Content,,False,2024-01-30 21:35:31,37561,3158,42,93.9025,8.407656878144884,0.11181810920902001,8.519474987353904,592,63.44763513513514,2025-09-14,2025-09-14 03:26:36
wHJqblO0Nbs,WINNING #flyanaboss,WINNING #flyanaboss,Flyana Boss,Music Content,,False,2023-03-30 21:34:45,36860,1689,14,92.15,4.582202930005426,0.03798155181768855,4.620184481823115,898,41.046770601336306,2025-09-14,2025-09-14 03:26:56
2fawj2f8qSc,Flyana Boss-Spend It (Lyric Video),Spend It (),Flyana Boss,Lyric Video,,False,2024-06-14 04:00:03,36521,1291,45,91.30250000000001,3.5349524930861693,0.12321677938720188,3.658169272473371,456,80.08991228070175,2025-09-14,2025-09-14 03:26:30
jx3UlMJ6j6k,Period… 4/28,Period… 4/28,Flyana Boss,Music Content,,False,2023-04-21 17:50:57,36192,1315,5,90.48,3.633399646330681,0.013815207780725022,3.647214854111406,876,41.31506849315068,2025-09-14,2025-09-14 03:26:56
tat2ZExudKA,If I spend it 👏 I need it 👏 “Spend It” - OUT NOW 💰 #flyanaboss #newmusic,If I spend it 👏 I need it 👏 “Spend It” - OUT NOW 💰 #flyanaboss #newmusic,Flyana Boss,Music Content,,False,2024-06-17 22:45:41,36076,2557,27,90.19,7.087814613593525,0.07484200022175408,7.16265661381528,453,79.63796909492274,2025-09-14,2025-09-14 03:26:30
adepfLsWLfE,Are you sick🤧🤧🤧,Are you sick🤧🤧🤧,Flyana Boss,Music Content,,False,2024-03-21 05:24:48,35884,3546,32,89.71000000000001,9.881841489243117,0.08917623453349682,9.971017723776614,541,66.32902033271719,2025-09-14,2025-09-14 03:26:36
G8UlTTVEvfY,JENNY FROM THE BLOCK,JENNY FROM THE BLOCK,Flyana Boss,Music Content,,False,2020-10-21 00:45:01,33191,1480,0,82.9775,4.459040101232262,0.0,4.459040101232262,1788,18.563199105145415,2025-09-14,2025-09-14 03:27:05
FX8dRtx-V3U,Candyman is out!!! 🍫🍭🍬 #flyanaboss #candyman,Candyman is out!!! 🍫🍭🍬 #flyanaboss #candyman,Flyana Boss,Music Content,,False,2024-01-30 00:59:41,32914,2958,34,82.285,8.987057179315793,0.10329950780822751,9.09035668712402,592,55.597972972972975,2025-09-14,2025-09-14 03:26:36
bjRvs2Dfsng,FLASH WARNING!! Also bad beach warning 🤭 hi we’re two besties that do music together! #besties,FLASH WARNING!! Also bad beach warning 🤭 hi we’re two besties that do music together! #besties,Flyana Boss,Music Content,,False,2023-04-20 20:05:44,32207,1502,12,80.5175,4.663582451019964,0.03725898096687055,4.700841431986835,877,36.72405929304447,2025-09-14,2025-09-14 03:26:56
WBM6PYAeK3g,Money At Out Now!!🐀🧀! #flyanaboss #evanblummadeit #lyrics,Money At Out Now!!🐀🧀! #flyanaboss #evanblummadeit #lyrics,Flyana Boss,Music Content,,False,2024-03-25 16:40:08,32030,2468,31,80.075,7.705276303465501,0.09678426475179519,7.802060568217296,537,59.646182495344505,2025-09-14,2025-09-14 03:26:36
mX3WYECNanU,Raise your hand if you feel personally victimized by prestreched hair #besties,Raise your hand if you feel personally victimized by prestreched hair #besties,Flyana Boss,Music Content,,False,2023-03-27 20:39:51,31653,1649,26,79.1325,5.209616781979591,0.08214071336050295,5.291757495340094,901,35.13096559378469,2025-09-14,2025-09-14 03:26:56
Vjj-hamtX10,DKB’s Harry June on the Candyman dance  #flyanaboss #badalee #kirstendodgen  Credit: @DKBOFFICIAL,DKB’s Harry June on the Candyman dance #flyanaboss #badalee #kirstendodgen Credit: @DKBOFFICIAL,Flyana Boss,Music Content,,False,2024-06-07 00:16:31,31649,2803,46,79.1225,8.856519953237068,0.14534424468387627,9.001864197920945,463,68.35637149028078,2025-09-14,2025-09-14 03:26:36
hVeKGAb_K4g,Vday anthem loading... #flyanaboss,Vday anthem loading... #flyanaboss,Flyana Boss,Music Content,,False,2024-01-18 23:28:44,31253,3330,74,78.1325,10.654977122196268,0.23677726938213933,10.891754391578408,604,51.74337748344371,2025-09-14,2025-09-14 03:26:36
2mhrce6cSAo,Who knew @NickCannon had his own candy store! 🍭🤷🏾‍♀️🤷🏿‍♀️ #drclipsstyle #flyanaboss,Who knew @NickCannon had his own candy store! 🍭🤷🏾‍♀️🤷🏿‍♀️ #drclipsstyle #flyanaboss,Flyana Boss,Music Content,,False,2024-04-04 19:54:46,30592,1894,57,76.47999999999999,6.191161087866108,0.1863232217573222,6.377484309623431,527,58.04933586337761,2025-09-14,2025-09-14 03:26:36
dmeslCn6E30,Nepo Babyyyy,Nepo Babyyyy,Flyana Boss,Music Content,,False,2024-09-24 18:34:20,30034,2770,57,75.085,9.222880735166811,0.18978491043484053,9.41266564560165,354,84.84180790960453,2025-09-14,2025-09-14 03:26:22
ptRuwi2BaUs,C*NT Drops next week!! Friday 6/6! 🫦✨ #newmusic,C*NT Drops next week!! Friday 6/6! 🫦✨ #newmusic,Flyana Boss,Music Content,,False,2025-05-30 17:45:35,29543,3042,56,73.8575,10.29685543106658,0.18955420911891144,10.486409640185492,106,278.70754716981133,2025-09-14,2025-09-14 03:26:22
HNn7m9HXFSA,hello christ #flyanaboss,hello christ #flyanaboss,Flyana Boss,Music Content,,False,2024-08-14 23:32:03,29525,1543,17,73.8125,5.226079593564776,0.05757832345469941,5.283657917019476,395,74.74683544303798,2025-09-14,2025-09-14 03:26:22
_2XdanNU62w,Ice Spice on the brain! #icespice #femalerapper,Ice Spice on the brain! #icespice #femalerapper,Flyana Boss,Music Content,,False,2023-03-24 18:10:49,29442,1804,20,73.605,6.127301134433802,0.06793016778751444,6.195231302221316,904,32.56858407079646,2025-09-14,2025-09-14 03:26:56
Ac6Pio1CZ78,Two besties trying to help the world love themselves! #hiphop #femalerapper,Two besties trying to help the world love themselves! #hiphop #femalerapper,Flyana Boss,Music Content,,False,2023-04-11 17:50:31,29412,2365,23,73.53,8.04093567251462,0.07819937440500477,8.119135046919624,886,33.19638826185101,2025-09-14,2025-09-14 03:26:56
OxfMR_f0tSM,I’m bout to sin again #flyanaboss #youwish #transition Credit: @kallmekris,I’m bout to sin again #flyanaboss #youwish #transition Credit: @kallmekris,Flyana Boss,Music Content,,False,2024-06-17 22:36:08,29376,1963,47,73.44,6.6823257080610015,0.15999455337690632,6.842320261437908,453,64.8476821192053,2025-09-14,2025-09-14 03:26:30
nwvjY0juBIE,Heyyyyy big cheddddaaaaa 🐀🧀🦋 #flyanaboss #evanblummadeit,Heyyyyy big cheddddaaaaa 🐀🧀🦋 #flyanaboss #evanblummadeit,Flyana Boss,Music Content,,False,2024-03-19 20:08:40,29241,2776,31,73.10249999999999,9.493519373482439,0.10601552614479669,9.599534899627235,543,53.850828729281766,2025-09-14,2025-09-14 03:26:36
JIV6BzElq2Q,Move Back! By Flyana Boss prod. by Marky Style (Vertical Video),Move Back! By Flyana Boss prod. by Marky Style (Vertical Video),Flyana Boss,Music Content,,False,2020-12-01 20:27:54,28428,1049,43,71.07000000000001,3.690023920078796,0.151259321795413,3.841283241874209,1747,16.27246708643389,2025-09-14,2025-09-14 03:27:05
OPtM7DSuyrY,The coordination!! #flyanaboss #youwish #running Credit: @merrickhanna,The coordination!! #flyanaboss #youwish #running Credit: @merrickhanna,Flyana Boss,Music Content,,False,2024-06-14 22:37:21,28290,644,6,70.725,2.2764227642276422,0.021208907741251323,2.2976316719688934,456,62.03947368421053,2025-09-14,2025-09-14 03:26:30
mOcQ6AS5_D4,Flyana Boss x DJ Smallz-You Wish-Jersey Club Remix (Lyric Video),x DJ Smallz-You Wish-Jersey Club (),Flyana Boss,Lyric Video,,False,2023-08-18 04:00:27,26804,1056,39,67.00999999999999,3.9397104909714966,0.14550067154156096,4.085211162513057,757,35.408190224570674,2025-09-14,2025-09-14 03:26:45
we7MIUoQAV8,C*NT WALK,C*NT WALK,Flyana Boss,Music Content,,False,2025-06-18 23:08:35,26800,2913,43,67.0,10.869402985074625,0.16044776119402984,11.029850746268655,87,308.04597701149424,2025-09-14,2025-09-14 03:26:22
odUfJRRygpM,JBLiens crash landed on your planet!🛸👽 Thank you!! @jbl #JBLMakesEarbuds #ad 🎥Evan Blum,JBLiens crash landed on your planet!🛸👽 Thank you!! @jbl #JBLMakesEarbuds #ad 🎥Evan Blum,Flyana Boss,Music Content,,False,2023-12-15 20:49:28,26750,2073,36,66.875,7.749532710280374,0.13457943925233645,7.884112149532711,638,41.92789968652038,2025-09-14,2025-09-14 03:26:36
U9gDZ7mRTME,Flyana Boss-Stupendous (Lyric Video),Stupendous (),Flyana Boss,Lyric Video,,False,2024-03-29 06:22:39,26652,1053,50,66.63,3.9509230076542097,0.1876031817499625,4.138526189404172,533,50.00375234521576,2025-09-14,2025-09-14 03:26:36
fIhGfBF4ano,⁉️TEA TIME!!!!! #hiphop #flyanaboss,⁉️TEA TIME!!!!! #hiphop #flyanaboss,Flyana Boss,Music Content,,False,2023-04-17 21:16:59,25922,1207,5,64.805,4.656276521873312,0.019288635136177765,4.67556515700949,880,29.456818181818182,2025-09-14,2025-09-14 03:26:56
qO4_sN_34S0,Grrrl Rap,Grrrl Rap,Flyana Boss,Music Content,,False,2023-02-28 20:10:36,25732,1538,28,64.33,5.976993626612778,0.1088139281828074,6.085807554795585,928,27.728448275862068,2025-09-14,2025-09-14 03:27:05
6Vtcpl1Tga8,Giggles in bestie 😭😂 #hiphop #besties,Giggles in bestie 😭😂 #hiphop #besties,Flyana Boss,Music Content,,False,2023-04-16 19:18:48,25429,1265,9,63.5725,4.97463525895631,0.03539266192142829,5.0100279208777385,881,28.863791146424518,2025-09-14,2025-09-14 03:26:56
LkkZqh7S7co,I’m not feeling him #youwish #flyanaboss Credit: @nebulagirlvibes,I’m not feeling him #youwish #flyanaboss Credit: @nebulagirlvibes,Flyana Boss,Music Content,,False,2024-06-17 22:41:15,25049,1269,57,62.6225,5.06607050181644,0.227553994171424,5.2936244959878636,453,55.29580573951435,2025-09-14,2025-09-14 03:26:30
ykX8E5JE_Bg,It’s all true. #flyanaboss,It’s all true. #flyanaboss,Flyana Boss,Music Content,,False,2025-07-15 18:25:15,24503,1079,27,61.2575,4.403542423376729,0.11019058890748071,4.513733012284209,60,408.3833333333333,2025-09-14,2025-09-14 03:26:22
CbvClh1LsQM,nah you wish #youwish #flyanaboss Credit: @zekecieslak,nah you wish #youwish #flyanaboss Credit: @zekecieslak,Flyana Boss,Music Content,,False,2024-06-12 01:26:24,23792,666,32,59.480000000000004,2.7992602555480834,0.13449899125756556,2.933759246805649,458,51.94759825327511,2025-09-14,2025-09-14 03:26:30
VI4suaeMByk,Ring Around (Audio) Flyana Boss,Ring Around (Audio) Flyana Boss,Flyana Boss,Music Content,,False,2020-04-28 17:38:01,23679,769,23,59.1975,3.247603361628447,0.0971324802567676,3.3447358418852144,1964,12.056517311608962,2025-09-14,2025-09-14 03:27:05
X5d20dE3dXs,Flyana boss-Candyman,Candyman,Flyana Boss,Music Content,,False,2024-07-10 17:33:40,23279,2275,28,58.1975,9.772756561707977,0.1202800807594828,9.89303664246746,430,54.13720930232558,2025-09-14,2025-09-14 03:26:30
laWsUUhXK4w,Is this the self love anthem of 2023!?!,Is this the self love anthem of 2023!?!,Flyana Boss,Music Content,,False,2023-02-07 21:30:07,22969,4067,21,57.4225,17.706473943140754,0.09142757629848927,17.797901519439243,949,24.203371970495258,2025-09-14,2025-09-14 03:27:05
4PzK_qweJlk,Flyana Boss-Airplane Mode (Official Visualizer￼),Airplane Mode (Official ￼),Flyana Boss,Visualizer,,False,2025-02-11 20:00:06,22177,1494,100,55.442499999999995,6.73670920322857,0.4509176173513099,7.18762682057988,214,103.63084112149532,2025-09-14,2025-09-14 03:26:22
TIU5VZ8XDmM,lil GUMDROP-CANDYMAN by FlyanaBoss,lil GUMDROP-CANDYMAN by FlyanaBoss,Flyana Boss,Music Content,,False,2024-07-11 19:17:33,21293,2080,24,53.2325,9.76846851077819,0.1127130982012868,9.881181608979476,429,49.634032634032636,2025-09-14,2025-09-14 03:26:30
0hYaXKRpAwY,Flyana Boss-Trashboi (Acoustic Performance Video),Trashboi (Acoustic Performance Video),Flyana Boss,Live Performance,,False,2024-08-02 18:00:00,20863,1750,112,52.1575,8.388055409097445,0.5368355461822365,8.924890955279682,407,51.26044226044226,2025-09-14,2025-09-14 03:26:30
xkv_2nCSEYM,still my lil nutterbutter 💗 #candyman #flyanaboss,still my lil nutterbutter 💗 #candyman #flyanaboss,Flyana Boss,Music Content,,False,2024-06-08 00:28:06,20507,1617,16,51.267500000000005,7.885112400643683,0.07802213878187936,7.963134539425562,462,44.387445887445885,2025-09-14,2025-09-14 03:26:30
v2-ISjJshdU,LIKEEEEEEEEEE #flyanaboss,LIKEEEEEEEEEE #flyanaboss,Flyana Boss,Music Content,,False,2023-03-19 18:48:37,20408,1078,12,51.02,5.282242257938064,0.058800470403763225,5.341042728341827,909,22.451045104510452,2025-09-14,2025-09-14 03:26:56
XyHv5tOl3U0,You Wish 🕺#flyanaboss #youwish #dance Credit: @_purple_lee,You Wish 🕺#flyanaboss #youwish #dance Credit: @_purple_lee,Flyana Boss,Music Content,,False,2024-06-14 22:42:03,19807,898,18,49.5175,4.53375069419902,0.0908769626899581,4.624627656888978,456,43.43640350877193,2025-09-14,2025-09-14 03:26:30
8LfE06MDxog,flyana boss-CANDYMAN dance,CANDYMAN dance,Flyana Boss,Music Content,,False,2024-07-16 22:01:41,19154,1636,7,47.885,8.541296857053357,0.036545891197661065,8.577842748251019,424,45.174528301886795,2025-09-14,2025-09-14 03:26:30
OID8SHnv8Rs,Is This The Silliest Christmas Song In History?? #rapxmas #cuterap,Is This The Silliest Christmas Song In History?? #rapxmas #cuterap,Flyana Boss,Music Content,,False,2022-12-07 20:03:25,18904,1157,20,47.26,6.120397799407533,0.10579771476936098,6.226195514176894,1011,18.698318496538082,2025-09-14,2025-09-14 03:27:05
RdlVWrSV4OY,Made some new besties at #AcademyProud 💜 @sonos #SonosPartner #GRAMMYHouse,Made some new besties at #AcademyProud 💜 @sonos #SonosPartner #GRAMMYHouse,Flyana Boss,Music Content,,False,2024-02-06 19:54:24,18459,1245,7,46.1475,6.744677393141557,0.037921880925293895,6.78259927406685,585,31.553846153846155,2025-09-14,2025-09-14 03:26:36
MiC7b-Solvw,Flyana Boss-Skateboard (Lyric Video),Skateboard (),Flyana Boss,Lyric Video,,False,2024-03-29 06:22:34,18298,627,24,45.745,3.4266040004372065,0.1311618756148213,3.5577658760520277,533,34.330206378986865,2025-09-14,2025-09-14 03:26:36
4g0ByUFprDE,married to the game 💍 catch us on twitch :),married to the game 💍 catch us on twitch :),Flyana Boss,Music Content,,False,2025-05-30 17:42:21,18119,0,12,45.2975,0.0,0.06622882057508693,0.06622882057508693,106,170.93396226415095,2025-09-14,2025-09-14 03:26:22
-Pr88v9zlxI,Wait is this one for the C*NTs,Wait is this one for the C*NTs,Flyana Boss,Music Content,,False,2025-06-14 18:47:18,18107,1301,25,45.2675,7.185066548848512,0.1380681504390567,7.323134699287569,91,198.97802197802199,2025-09-14,2025-09-14 03:26:22
FjzVtPozZrs,Flyana Boss-Hot Butter Summertime (Lyric Video),Hot Butter Summertime (),Flyana Boss,Lyric Video,,False,2024-07-19 04:08:04,17524,715,33,43.81,4.080118694362018,0.18831317050901622,4.268431864871035,421,41.62470308788598,2025-09-14,2025-09-14 03:26:30
lV3oFPdqx90,Trying to make a Nepo Baby!,Trying to make a Nepo Baby!,Flyana Boss,Music Content,,False,2024-09-20 23:08:45,17308,1378,24,43.269999999999996,7.9616362375779985,0.13866420152530623,8.100300439103306,358,48.3463687150838,2025-09-14,2025-09-14 03:26:22
UL5WaDQSXrY,Flyana Boss are C*NTs,are C*NTs,Flyana Boss,Music Content,,False,2025-06-09 20:45:29,17279,1869,21,43.1975,10.816598182765206,0.1215348110423057,10.938132993807512,96,179.98958333333334,2025-09-14,2025-09-14 03:26:22
UtuZhXQVeTY,"Flyana Boss, Marky Style-Jingle Dem Bells (Lyric Video)",", Marky Style-Jingle Dem Bells ()",Flyana Boss,Lyric Video,,False,2023-11-22 17:46:42,16980,1045,44,42.45,6.154299175500589,0.2591283863368669,6.413427561837456,661,25.688350983358546,2025-09-14,2025-09-14 03:26:36
imMMzRFJWfg,Which friend are youuu??,Which friend are youuu??,Flyana Boss,Music Content,,False,2023-01-02 20:43:38,16828,863,0,42.07,5.128357499405753,0.0,5.128357499405753,985,17.084263959390864,2025-09-14,2025-09-14 03:27:05
0-HwC9SGFdg,(:,(:,Flyana Boss,Music Content,,False,2024-08-08 20:33:09,16661,1264,14,41.6525,7.586579437008583,0.08402856971370265,7.6706080067222855,401,41.54862842892768,2025-09-14,2025-09-14 03:26:22
0yQqjBINB0Y,Candyman Choreo-Bada Pop Up Class #badalee #kirstendodgen DC: @Bada_bebe @KirstenDodgenn,Candyman Choreo-Bada Pop Up Class #badalee #kirstendodgen DC: @Bada_bebe @KirstenDodgenn,Flyana Boss,Music Content,,False,2024-06-05 19:23:14,16465,1032,11,41.1625,6.267840874582448,0.06680838141512299,6.3346492559975704,465,35.40860215053763,2025-09-14,2025-09-14 03:26:36
zuw4fXFYiWk,SPEND IT 🤑 OUT NOWWW! #flyanaboss #spendit #besties,SPEND IT 🤑 OUT NOWWW! #flyanaboss #spendit #besties,Flyana Boss,Music Content,,False,2024-06-14 20:33:48,16361,1366,17,40.9025,8.349122914247294,0.10390562924026649,8.45302854348756,456,35.87938596491228,2025-09-14,2025-09-14 03:26:30
EZ1LD0B0ynw,Is this the cutest dog you’ve ever seen?!?! #flyanaboss #airplanemode,Is this the cutest dog you’ve ever seen?!?! #flyanaboss #airplanemode,Flyana Boss,Music Content,,False,2025-02-07 21:19:39,16072,2597,28,40.18,16.158536585365855,0.17421602787456447,16.33275261324042,218,73.72477064220183,2025-09-14,2025-09-14 03:26:22
vH3ACi6j2t0,Why won’t this sample get cleared!?!,Why won’t this sample get cleared!?!,Flyana Boss,Music Content,,False,2022-12-16 21:41:04,15958,1004,17,39.895,6.291515227472114,0.10652964030580274,6.398044867777917,1002,15.926147704590818,2025-09-14,2025-09-14 03:27:05
-Ia1XnE3ykI,C*NTY GANG,C*NTY GANG,Flyana Boss,Music Content,,False,2025-07-12 22:00:53,14871,1403,23,37.1775,9.43446977338444,0.15466343890794162,9.589133212292381,63,236.04761904761904,2025-09-14,2025-09-14 03:26:22
HgoxTymA-_Y,where is she? #flyanaboss #newmusic,where is she? #flyanaboss #newmusic,Flyana Boss,Music Content,,False,2024-08-14 23:05:17,14846,1143,13,37.115,7.699043513404284,0.08756567425569177,7.786609187659976,395,37.584810126582276,2025-09-14,2025-09-14 03:26:22
II3tY5MXwRo,CANDYMAN DANCE CHALLENGE -Flyanaboss VC: badalinglee #dancechallenge,CANDYMAN DANCE CHALLENGE -Flyanaboss VC: badalinglee #dancechallenge,Flyana Boss,Music Content,,False,2024-08-08 20:35:22,14691,1126,7,36.7275,7.664556531209583,0.04764821999863862,7.712204751208222,401,36.6359102244389,2025-09-14,2025-09-14 03:26:22
4uMfNChaO8Y,See you next Tuesday,See you next Tuesday,Flyana Boss,Music Content,,False,2025-07-07 17:42:08,14104,1240,21,35.26,8.791832104367556,0.14889393079977312,8.940726035167328,68,207.41176470588235,2025-09-14,2025-09-14 03:26:22
TUlOtBhgnTc,👀👀 #hiphop #music #flyanaboss,👀👀 #hiphop #music #flyanaboss,Flyana Boss,Music Content,,False,2025-01-18 05:32:18,13991,1636,30,34.9775,11.693231363019084,0.21442355800157242,11.907654921020656,238,58.785714285714285,2025-09-14,2025-09-14 03:26:22
bnrXyeCZeIU,Candyman class by @Bada_bebe @KirstenDodgenn #badalee #kirstendodgen Credit: @kade__hnxg,Candyman class by @Bada_bebe @KirstenDodgenn #badalee #kirstendodgen Credit: @kade__hnxg,Flyana Boss,Music Content,,False,2024-06-17 22:39:52,13863,682,10,34.6575,4.91957007862656,0.07213445863088798,4.991704537257448,453,30.602649006622517,2025-09-14,2025-09-14 03:26:30
3zWHWJUS-zk,Rose knew she had room on that door!!,Rose knew she had room on that door!!,Flyana Boss,Music Content,,False,2023-03-05 19:20:36,13803,676,18,34.5075,4.89748605375643,0.13040643338404695,5.027892487140477,923,14.954496208017336,2025-09-14,2025-09-14 03:26:56
t5kongS2wJU,Name a better duo?!? #hiphop #besties,Name a better duo?!? #hiphop #besties,Flyana Boss,Music Content,,False,2023-03-06 21:00:25,13535,1038,16,33.8375,7.669006280014777,0.11821204285186553,7.787218322866643,922,14.68004338394794,2025-09-14,2025-09-14 03:26:56
8aGYWymNU3Y,0: #flyanaboss,0: #flyanaboss,Flyana Boss,Music Content,,False,2024-08-07 18:35:57,12781,1366,30,31.9525,10.687739613488773,0.23472341757295986,10.922463031061733,402,31.79353233830846,2025-09-14,2025-09-14 03:26:22
QOlkswtbUjg,How did we film this??,How did we film this??,Flyana Boss,Music Content,,False,2023-02-26 03:28:25,12500,629,6,31.25,5.032,0.048,5.08,930,13.440860215053764,2025-09-14,2025-09-14 03:27:05
0-j4k32WqG4,FLYANA BOSS TV | Episode 1,TV | Episode 1,Flyana Boss,Music Content,,False,2023-09-04 18:09:31,12476,1378,112,31.19,11.045206797050337,0.8977236293683873,11.942930426418725,740,16.85945945945946,2025-09-14,2025-09-14 03:26:45
nwjYWEGGFCI,Learn the Candyman dance🕺🍬 #badalee #kirstendogden #dancetutorial Credit: @Nguyenthao16121,Learn the Candyman dance🕺🍬 #badalee #kirstendogden #dancetutorial Credit: @Nguyenthao16121,Flyana Boss,Music Content,,False,2024-06-14 22:34:39,12397,747,3,30.9925,6.025651367266274,0.02419940308139066,6.049850770347665,456,27.18640350877193,2025-09-14,2025-09-14 03:26:30
zZ6Nxyn9QzA,All is we see is green 💸 #flyanaboss #spendit #newmusic,All is we see is green 💸 #flyanaboss #spendit #newmusic,Flyana Boss,Music Content,,False,2024-06-16 05:19:01,12360,1167,13,30.9,9.441747572815535,0.1051779935275081,9.546925566343043,454,27.22466960352423,2025-09-14,2025-09-14 03:26:30
6IinNE5i0qc,This song just makes me wanna - 🍭#candyman #flyanaboss,This song just makes me wanna - 🍭#candyman #flyanaboss,Flyana Boss,Music Content,,False,2024-06-08 00:24:18,12349,999,10,30.872500000000002,8.089723864280508,0.08097821685966475,8.170702081140172,462,26.72943722943723,2025-09-14,2025-09-14 03:26:36
RWh8ScuXgG8,BOSSI CLIP COMPILATION FULL SONG,BOSSI CLIP COMPILATION FULL SONG,Flyana Boss,Music Content,,False,2019-10-29 20:59:57,12153,423,16,30.3825,3.4806220686250304,0.13165473545626594,3.6122768040812963,2146,5.66309412861137,2025-09-14,2025-09-14 03:27:05
4q9E5NvtggA,HIIIII GUYS #Flyanaboss #pregnancy #dance #hiphop,HIIIII GUYS #Flyanaboss #pregnancy #dance #hiphop,Flyana Boss,Music Content,,False,2024-08-07 02:06:07,12097,1015,16,30.2425,8.390510043812515,0.1322641977349756,8.522774241547491,402,30.092039800995025,2025-09-14,2025-09-14 03:26:22
YwxSOMtpqH4,How many licks does it take to get to the…..,How many licks does it take to get to the…..,Flyana Boss,Music Content,,False,2025-08-07 19:14:11,11839,1446,24,29.5975,12.213869414646506,0.2027198243094856,12.416589238955991,37,319.97297297297297,2025-09-14,2025-09-14 03:26:22
ur0Gruggt_U,3 more kids then I wanna get my body done!!! #fashion,3 more kids then I wanna get my body done!!! #fashion,Flyana Boss,Music Content,,False,2025-06-25 21:39:47,11836,878,8,29.59,7.4180466373774925,0.06759040216289286,7.485637039540386,80,147.95,2025-09-14,2025-09-14 03:26:22
GfKKbtp078U,Hello Christ? #flyanaboss #anime,Hello Christ? #flyanaboss #anime,Flyana Boss,Music Content,,False,2024-08-14 23:08:48,11828,748,15,29.57,6.323977003719987,0.12681772066283395,6.450794724382821,395,29.944303797468354,2025-09-14,2025-09-14 03:26:22
iaB9Qn70gXs,CANDYMAN DANCE (: - FLYANA BOSS,CANDYMAN DANCE (: - FLYANA BOSS,Flyana Boss,Music Content,,False,2024-07-11 19:05:32,11805,1048,11,29.5125,8.877594239728928,0.09318085556967386,8.970775095298603,429,27.517482517482517,2025-09-14,2025-09-14 03:26:30
nwMT0Tnkjwg,Candyman Dance #flyanaboss #candyman Credit: @notnolendubuc,Candyman Dance #flyanaboss #candyman Credit: @notnolendubuc,Flyana Boss,Music Content,,False,2024-06-07 00:07:53,11704,492,7,29.26,4.203691045796309,0.05980861244019139,4.2634996582365,463,25.278617710583152,2025-09-14,2025-09-14 03:26:36
K4T3-pmiCwQ,Do you Phuck with yourself!?,Do you Phuck with yourself!?,Flyana Boss,Music Content,,False,2023-02-25 00:36:40,11593,737,7,28.9825,6.357284568273959,0.0603812645561977,6.417665832830157,931,12.452201933404941,2025-09-14,2025-09-14 03:27:05
SXb81qdkvVg,@KirstenDodgenn and @Bada_bebe dancing to Candyman 🔥#flyanaboss #badalee #kirstendodgen,@KirstenDodgenn and @Bada_bebe dancing to Candyman 🔥#flyanaboss #badalee #kirstendodgen,Flyana Boss,Music Content,,False,2024-06-12 01:53:01,11035,740,14,27.5875,6.705935659265972,0.12686905301314,6.832804712279112,458,24.093886462882097,2025-09-14,2025-09-14 03:26:30
kw0RorzgU-M,CANDYMAN DANCE CHALLENGE-flyanaboss #dance,CANDYMAN DANCE CHALLENGE-flyanaboss #dance,Flyana Boss,Music Content,,False,2024-08-08 20:36:53,11034,641,4,27.585,5.80931665760377,0.036251586006887805,5.845568243610657,401,27.51620947630923,2025-09-14,2025-09-14 03:26:22
awbouHSY3AA,When that “Airplane Mode” beat drops 💃🏽,When that “Airplane Mode” beat drops 💃🏽,Flyana Boss,Music Content,,False,2025-02-13 16:00:04,10981,0,8,27.4525,0.0,0.0728531099171296,0.0728531099171296,212,51.79716981132076,2025-09-14,2025-09-14 03:26:22
ZL3l8-E39uI,Candyman Dance #flyanaboss #badalee #kirstendodgen #candymandance Credit: @lizzyforeal,Candyman Dance #flyanaboss #badalee #kirstendodgen #candymandance Credit: @lizzyforeal,Flyana Boss,Music Content,,False,2024-06-17 22:34:05,10951,961,18,27.3775,8.775454296411286,0.16436855081727697,8.939822847228564,453,24.17439293598234,2025-09-14,2025-09-14 03:26:30
ogD5i7x0c0U,CAR RAPS W\ BLOOPERS,CAR RAPS W\ BLOOPERS,Flyana Boss,Music Content,,False,2022-08-29 19:20:57,10915,464,16,27.287499999999998,4.2510306917086575,0.14658726523133303,4.397617956939991,1111,9.824482448244824,2025-09-14,2025-09-14 03:27:05
VJw1-CSVJb0,Double trouble! CANDYMAN-Flyanaboss,Double trouble! CANDYMAN-Flyanaboss,Flyana Boss,Music Content,,False,2024-07-10 17:38:00,10345,709,15,25.8625,6.8535524407926545,0.14499758337361043,6.998550024166265,430,24.058139534883722,2025-09-14,2025-09-14 03:26:30
lrDGFL2WGTk,have you been tuned in to our twitch livestreams? :),have you been tuned in to our twitch livestreams? :),Flyana Boss,Music Content,,False,2025-03-03 21:12:32,10342,710,17,25.855,6.865209824018565,0.16437826339199382,7.029588087410558,194,53.30927835051546,2025-09-14,2025-09-14 03:26:22
h-m4CKnXmVM,How old are they? #flyanaboss,How old are they? #flyanaboss,Flyana Boss,Music Content,,False,2025-07-11 18:52:51,10146,901,17,25.365000000000002,8.88034693475261,0.1675537157500493,9.04790065050266,64,158.53125,2025-09-14,2025-09-14 03:26:22
x1AOial0SMk,candyman-Flyanaboss #dance,candyman-Flyanaboss #dance,Flyana Boss,Music Content,,False,2024-08-01 02:03:45,10104,505,6,25.259999999999998,4.998020585906572,0.05938242280285036,5.057403008709422,408,24.764705882352942,2025-09-14,2025-09-14 03:26:30
rLCqCaiIwNM,HOT BUTTER SUMMERTIME 7/19 🥵🧈 #flyanaboss,HOT BUTTER SUMMERTIME 7/19 🥵🧈 #flyanaboss,Flyana Boss,Music Content,,False,2024-07-04 18:27:00,10067,1147,54,25.1675,11.393662461507898,0.5364060792688984,11.930068540776796,436,23.089449541284402,2025-09-14,2025-09-14 03:26:30
1m6SY_Yo7F4,IM BOUT TO SIN AGAIN #Flyanaboss VC: d_hatake8Daniel,IM BOUT TO SIN AGAIN #Flyanaboss VC: d_hatake8Daniel,Flyana Boss,Music Content,,False,2024-08-14 23:10:38,10027,685,12,25.0675,6.831554802034506,0.11967687244440013,6.951231674478906,395,25.384810126582277,2025-09-14,2025-09-14 03:26:22
9vgmnV1c2rw,MAKE WAY FOR THE NEXT GEN 🫶🏿🏃🏾‍♀️💚 @sonos #GRAMMYsNextGen #SonosPartner #GRAMMYHouse,MAKE WAY FOR THE NEXT GEN 🫶🏿🏃🏾‍♀️💚 @sonos #GRAMMYsNextGen #SonosPartner #GRAMMYHouse,Flyana Boss,Music Content,,False,2024-02-06 19:53:27,9946,995,9,24.865,10.004021717273275,0.09048863864870299,10.094510355921978,585,17.0017094017094,2025-09-14,2025-09-14 03:26:36
YqjGNV9LfUc,yous my lil sweetheart #flyanaboss,yous my lil sweetheart #flyanaboss,Flyana Boss,Music Content,,False,2024-08-05 21:35:47,9748,815,15,24.369999999999997,8.360689372178909,0.15387771850636028,8.514567090685269,404,24.128712871287128,2025-09-14,2025-09-14 03:26:30
txPwruM6NK0,😲 #newmusic,😲 #newmusic,Flyana Boss,Music Content,,False,2025-06-04 19:22:33,9335,706,18,23.337500000000002,7.562935190144617,0.192822710230316,7.755757900374933,101,92.42574257425743,2025-09-14,2025-09-14 03:26:22
ItpdPsh4gZg,Flyana Boss-Airplane Mode (Official Audio),Airplane Mode,Flyana Boss,Official Audio,,False,2025-02-07 05:08:53,9268,694,41,23.17,7.488131204143289,0.4423823910228744,7.930513595166164,218,42.51376146788991,2025-09-14,2025-09-14 03:26:22
kiDY2zb13ng,Candyman Dance #flyanaboss #badalee #kirstendodgen Credit: @lauraonce9,Candyman Dance #flyanaboss #badalee #kirstendodgen Credit: @lauraonce9,Flyana Boss,Music Content,,False,2024-06-11 00:01:35,9028,604,4,22.57,6.6902968542312795,0.044306601683650866,6.734603455914931,459,19.66884531590414,2025-09-14,2025-09-14 03:26:30
r6hQGjauhIE,thank you to everyone who is supporting our twitch journey 🥰 we love yall sm #flyanaboss,thank you to everyone who is supporting our twitch journey 🥰 we love yall sm #flyanaboss,Flyana Boss,Music Content,,False,2025-03-04 18:00:44,8822,0,27,22.055,0.0,0.3060530491951938,0.3060530491951938,193,45.70984455958549,2025-09-14,2025-09-14 03:26:22
E0qyT8cgO7Y,FLYANA BOSS TV Episode 3 (tour vlog),TV Episode 3 (tour vlog),Flyana Boss,Music Content,,False,2023-09-30 17:00:06,8673,517,49,21.6825,5.961028479188286,0.5649717514124294,6.526000230600715,714,12.147058823529411,2025-09-14,2025-09-14 03:26:36
kjH_lplSRg8,Flyana Boss on Trillerfest!!,on Trillerfest!!,Flyana Boss,Music Content,,False,2020-06-12 23:45:01,8510,214,5,21.275,2.514688601645123,0.05875440658049354,2.573443008225617,1919,4.4346013548723295,2025-09-14,2025-09-14 03:27:05
4nOfxhls8Fc,FLYANA BOSS VEGETARIAN MEXICAN FAST FOOD MUKBANG!!,VEGETARIAN MEXICAN FAST FOOD MUKBANG!!,Flyana Boss,Music Content,,False,2020-05-22 19:00:02,8369,390,25,20.9225,4.6600549647508664,0.2987214720994145,4.958776436850281,1940,4.313917525773196,2025-09-14,2025-09-14 03:27:05
43ekX9jqOE8,Candyman dance #flyanaboss,Candyman dance #flyanaboss,Flyana Boss,Music Content,,False,2024-08-01 02:09:58,8077,770,13,20.1925,9.533242540547233,0.16095084808716106,9.694193388634394,408,19.79656862745098,2025-09-14,2025-09-14 03:26:30
C20JEjCG_hQ,"Flyana Boss ""Bakes Cookies""","""Bakes Cookies""",Flyana Boss,Music Content,,False,2020-05-29 19:00:06,7916,254,9,19.79,3.208691258211218,0.11369378473976757,3.3223850429509856,1933,4.095188825659596,2025-09-14,2025-09-14 03:27:05
RPBxFhegvvw,Hiii Airplane Mode Video Drops Today!! Right here on YouTube!! Go watch!! ✈️✈️ #flyanaboss #drclips,Hiii Airplane Mode Video Drops Today!! Right here on YouTube!! Go watch!! ✈️✈️ #flyanaboss #drclips,Flyana Boss,Music Content,,False,2025-02-11 20:03:36,7788,980,11,19.47,12.583461736004109,0.14124293785310735,12.724704673857216,214,36.39252336448598,2025-09-14,2025-09-14 03:26:22
MTZxmjPl5Y0,"In the clurb, we all c*nt 😍 #flyanaboss","In the clurb, we all c*nt 😍 #flyanaboss",Flyana Boss,Music Content,,False,2025-06-30 21:28:27,7764,504,9,19.41,6.491499227202473,0.11591962905718702,6.60741885625966,75,103.52,2025-09-14,2025-09-14 03:26:22
1MQhScwfy-w,new new (:,new new (:,Flyana Boss,Music Content,,False,2024-08-07 02:01:53,7628,586,17,19.07,7.682223387519664,0.22286313581541686,7.905086523335081,402,18.975124378109452,2025-09-14,2025-09-14 03:26:22
lGAjqVO_UcY,nicky c is our lil gum drop #flyanaboss,nicky c is our lil gum drop #flyanaboss,Flyana Boss,Music Content,,False,2024-08-07 18:31:52,7545,440,19,18.8625,5.831676607024519,0.25182239893969516,6.083499005964215,402,18.76865671641791,2025-09-14,2025-09-14 03:26:22
GQ8-raZZ3J4,Yall remember Tootsie pops,Yall remember Tootsie pops,Flyana Boss,Music Content,,False,2025-07-18 18:54:21,7247,652,25,18.1175,8.996826272940526,0.3449703325514006,9.341796605491925,57,127.14035087719299,2025-09-14,2025-09-14 03:26:22
NuH0ZuzbKRg,And yes we will sign your….,And yes we will sign your….,Flyana Boss,Music Content,,False,2025-06-28 19:58:58,7221,518,7,18.052500000000002,7.173521672898491,0.09693948206619582,7.2704611549646865,77,93.77922077922078,2025-09-14,2025-09-14 03:26:22
5GKomPr0ZVE,buttaaaa #Flyanaboss,buttaaaa #Flyanaboss,Flyana Boss,Music Content,,False,2024-08-07 02:03:52,7152,541,7,17.88,7.564317673378077,0.09787472035794184,7.662192393736019,402,17.791044776119403,2025-09-14,2025-09-14 03:26:22
JBB8mmicZN4,2 bosses walk in a bar,2 bosses walk in a bar,Flyana Boss,Music Content,,False,2025-09-11 18:17:34,7152,698,18,17.88,9.759507829977629,0.25167785234899326,10.011185682326623,2,3576.0,2025-09-14,2025-09-14 03:26:22
ldF6mp0rwBI,Let’s get C*nty,Let’s get C*nty,Flyana Boss,Music Content,,False,2025-06-05 20:45:53,7060,523,10,17.65,7.407932011331445,0.141643059490085,7.54957507082153,100,70.6,2025-09-14,2025-09-14 03:26:22
k-Z5hZmmskc,FLYANA BOSS TV | Episode 2 (tour vlog),TV | Episode 2 (tour vlog),Flyana Boss,Music Content,,False,2023-09-12 15:00:38,7049,581,60,17.622500000000002,8.24230387288977,0.8511845651865514,9.093488438076323,732,9.629781420765028,2025-09-14,2025-09-14 03:26:45
JOYRsso6bDo,This is your sign to go on #AirplaneMode,This is your sign to go on #AirplaneMode,Flyana Boss,Music Content,,False,2025-02-12 23:00:17,6996,0,2,17.490000000000002,0.0,0.02858776443682104,0.02858776443682104,213,32.84507042253521,2025-09-14,2025-09-14 03:26:22
OaQZ5oL_v3g,@playgroundlastudios x @FlyanaBoss for Candyman 🍬🍭 #candymandance Credit: @beaulexx,@playgroundlastudios x @FlyanaBoss for Candyman 🍬🍭 #candymandance Credit: @beaulexx,Flyana Boss,Music Content,,False,2024-06-07 20:38:00,6995,571,4,17.4875,8.162973552537526,0.057183702644746245,8.220157255182272,463,15.107991360691145,2025-09-14,2025-09-14 03:26:36
ZGpsYmNfkd8,Jenny By Flyana Boss JLO and HAYDEN lyric video!,Jenny By Flyana Boss JLO and HAYDEN !,Flyana Boss,Lyric Video,,False,2020-10-22 16:39:32,6896,267,3,17.24,3.8718097447795823,0.04350348027842227,3.9153132250580045,1787,3.858981533296027,2025-09-14,2025-09-14 03:27:05
YWAmqLNcRLo,Have you been called a C*NT?!? you may be entitled to compensation!,Have you been called a C*NT?!? you may be entitled to compensation!,Flyana Boss,Music Content,,False,2025-06-23 19:03:38,6663,477,10,16.6575,7.158937415578569,0.15008254539996999,7.309019960978539,82,81.2560975609756,2025-09-14,2025-09-14 03:26:22
5CsAX9nqitA,CANDYMAN DANCE CHALLENGE-flyanaboss,CANDYMAN DANCE CHALLENGE-flyanaboss,Flyana Boss,Music Content,,False,2024-08-07 18:25:12,6391,414,5,15.9775,6.477859489907682,0.07823501799405415,6.5560945079017365,402,15.898009950248756,2025-09-14,2025-09-14 03:26:22
wynMCoXva2k,Candyman Dance #flyanaboss #badalee #kirstendodgen #candymandance Credit: @Nguyenthao16121,Candyman Dance #flyanaboss #badalee #kirstendodgen #candymandance Credit: @Nguyenthao16121,Flyana Boss,Music Content,,False,2024-06-14 22:27:22,6105,356,5,15.262500000000001,5.831285831285831,0.08190008190008191,5.913185913185913,456,13.388157894736842,2025-09-14,2025-09-14 03:26:30
Aoifp8a5HdE,you my lil sweetheart-CANDY MAN,you my lil sweetheart-CANDY MAN,Flyana Boss,Music Content,,False,2024-07-10 17:35:49,6103,519,9,15.2575,8.504014419138128,0.1474684581353433,8.651482877273471,430,14.193023255813953,2025-09-14,2025-09-14 03:26:30
ejy1T4IJQAI,POV: You just put your phone on Airplane Mode ✈️🔥 #newmusic,POV: You just put your phone on Airplane Mode ✈️🔥 #newmusic,Flyana Boss,Music Content,,False,2025-02-12 20:13:25,5992,0,7,14.98,0.0,0.11682242990654204,0.11682242990654204,213,28.131455399061032,2025-09-14,2025-09-14 03:26:22
48V2471qxSY,CANDYMAN DANCE-Flyana boss,CANDYMAN DANCE-Flyana boss,Flyana Boss,Music Content,,False,2024-07-16 18:53:52,5781,387,5,14.452499999999999,6.694343539180073,0.0864902266043937,6.780833765784466,424,13.63443396226415,2025-09-14,2025-09-14 03:26:30
JclHtV9fmZc,baby bumpin' to hot butter summertime-flyanaboss #dance #flyanaboss,baby bumpin' to hot butter summertime-flyanaboss #dance #flyanaboss,Flyana Boss,Music Content,,False,2024-08-01 02:02:04,5709,527,24,14.272499999999999,9.231038710807498,0.42038885969521805,9.651427570502715,408,13.992647058823529,2025-09-14,2025-09-14 03:26:30
NZl2XUz1LOs,Candyman Dance-Flyanaboss VC: @notnolendubuc,Candyman Dance-Flyanaboss VC: @notnolendubuc,Flyana Boss,Music Content,,False,2024-08-01 02:08:22,5639,296,4,14.0975,5.2491576520659695,0.07093456286575633,5.320092214931726,408,13.821078431372548,2025-09-14,2025-09-14 03:26:30
6e-X70IVBTM,@beaulexx on Candyman 🍬 #candymandance #badalee #kirstendodgen #flyanaboss,@beaulexx on Candyman 🍬 #candymandance #badalee #kirstendodgen #flyanaboss,Flyana Boss,Music Content,,False,2024-06-07 20:31:40,5487,387,2,13.717500000000001,7.05303444505194,0.03644979041370512,7.089484235465646,463,11.85097192224622,2025-09-14,2025-09-14 03:26:36
J0oK_emT25A,#Sponsored #PressPlay Wash day to wash day! Get into this NEW Kalahari Melon & Aloe!,#Sponsored #PressPlay Wash day to wash day! Get into this NEW Kalahari Melon & Aloe!,Flyana Boss,Music Content,,False,2025-01-31 17:14:02,5406,460,15,13.514999999999999,8.509064002959676,0.27746947835738067,8.786533481317056,225,24.026666666666667,2025-09-14,2025-09-14 03:26:22
6DgumnZsPho,candyman besties #flyanaboss #candyman,candyman besties #flyanaboss #candyman,Flyana Boss,Music Content,,False,2024-06-08 00:35:56,5335,541,23,13.3375,10.14058106841612,0.4311152764761012,10.57169634489222,462,11.547619047619047,2025-09-14,2025-09-14 03:26:30
XJOkYzG3IuU,my sugar plum-CANDYMAN DANCE #candyman,my sugar plum-CANDYMAN DANCE #candyman,Flyana Boss,Music Content,,False,2024-08-05 21:55:47,5325,276,1,13.3125,5.183098591549296,0.018779342723004695,5.201877934272301,404,13.180693069306932,2025-09-14,2025-09-14 03:26:30
XAYLco1DIM8,Candyman Dance #flyanaboss #badalee #kirstendodgen #candyman Credit: @pjosephp,Candyman Dance #flyanaboss #badalee #kirstendodgen #candyman Credit: @pjosephp,Flyana Boss,Music Content,,False,2024-06-12 01:35:01,5316,420,4,13.29,7.900677200902935,0.07524454477050413,7.975921745673439,458,11.606986899563319,2025-09-14,2025-09-14 03:26:30
HWZL6fLEQM8,🍬🍭🍫 #candymandance #flyanaboss,🍬🍭🍫 #candymandance #flyanaboss,Flyana Boss,Music Content,,False,2024-06-06 23:56:28,5181,496,10,12.9525,9.573441420575177,0.19301293186643506,9.766454352441611,464,11.16594827586207,2025-09-14,2025-09-14 03:26:36
E67TUYEVH3g,CANDYMAN DANCE CHALLENGE-Flyanaboss VC: @ twincity,CANDYMAN DANCE CHALLENGE-Flyanaboss VC: @ twincity,Flyana Boss,Music Content,,False,2024-08-08 20:31:44,5153,358,4,12.882499999999999,6.947409276149815,0.07762468464971861,7.025033960799534,401,12.850374064837906,2025-09-14,2025-09-14 03:26:22
QUVqquo2Ki0,Get in ma belly #flyanaboss #youwish #dance Credit: @paigetaylors,Get in ma belly #flyanaboss #youwish #dance Credit: @paigetaylors,Flyana Boss,Music Content,,False,2024-06-12 01:19:26,4942,280,6,12.355,5.6657223796034,0.12140833670578711,5.787130716309187,458,10.790393013100436,2025-09-14,2025-09-14 03:26:30
rFKiQltlrRw,He my little sweetheart 🍬 #badalee #kirstendodgen #candymandance Credit: @akanenmiyoshi,He my little sweetheart 🍬 #badalee #kirstendodgen #candymandance Credit: @akanenmiyoshi,Flyana Boss,Music Content,,False,2024-06-05 20:28:02,4879,368,8,12.197499999999998,7.542529206804673,0.1639680262348842,7.706497233039557,465,10.49247311827957,2025-09-14,2025-09-14 03:26:36
6TQ3QeeVcWs,KILLING IT! - CANDYMAN FLYANABOSS,KILLING IT! - CANDYMAN FLYANABOSS,Flyana Boss,Music Content,,False,2024-07-16 18:54:45,4740,149,10,11.850000000000001,3.143459915611815,0.21097046413502107,3.354430379746836,424,11.179245283018869,2025-09-14,2025-09-14 03:26:30
t5j2qhmgJOs,I KEEP IT GUSHY GUSHY,I KEEP IT GUSHY GUSHY,Flyana Boss,Music Content,,False,2024-07-16 18:55:43,4730,373,2,11.825000000000001,7.885835095137421,0.042283298097251586,7.928118393234672,424,11.15566037735849,2025-09-14,2025-09-14 03:26:30
Az-x4hMKiwA,yous my lil sweetheart #candyman #flyanaboss,yous my lil sweetheart #candyman #flyanaboss,Flyana Boss,Music Content,,False,2024-07-11 19:09:22,4651,324,3,11.6275,6.966243818533649,0.06450225757901526,7.030746076112664,429,10.841491841491841,2025-09-14,2025-09-14 03:26:30
6azlQMS4g2c,Ring Around Dance TikTok compilation Pt2,Ring Around Dance TikTok compilation Pt2,Flyana Boss,Music Content,,False,2020-05-02 18:04:47,4644,63,0,11.61,1.3565891472868217,0.0,1.3565891472868217,1960,2.369387755102041,2025-09-14,2025-09-14 03:27:05
ECBCWUM8a6I,Laffy taffy 🍬 #candymandance #badalee #kirstendodgen #flyanaboss Credit: @jadebug98,Laffy taffy 🍬 #candymandance #badalee #kirstendodgen #flyanaboss Credit: @jadebug98,Flyana Boss,Music Content,,False,2024-06-10 23:41:00,4555,240,9,11.3875,5.26893523600439,0.19758507135016465,5.466520307354555,460,9.902173913043478,2025-09-14,2025-09-14 03:26:30
9H1Zzo1WPZw,Ring Around Dance TikTok Compilation,Ring Around Dance TikTok Compilation,Flyana Boss,Music Content,,False,2020-04-29 15:59:11,4425,90,8,11.0625,2.0338983050847457,0.1807909604519774,2.214689265536723,1963,2.254202750891493,2025-09-14,2025-09-14 03:27:05
jpK361VATog,CANDYMAN DANCE-Flyanaboss,CANDYMAN DANCE-Flyanaboss,Flyana Boss,Music Content,,False,2024-08-07 01:59:53,4132,219,1,10.329999999999998,5.300096805421103,0.02420135527589545,5.324298160696999,402,10.278606965174129,2025-09-14,2025-09-14 03:26:30
yDiNhgN16-k,DANCE CANDYMAN-FLYANABOSS,DANCE CANDYMAN-FLYANABOSS,Flyana Boss,Music Content,,False,2024-08-05 21:58:42,4009,237,4,10.0225,5.911698677974557,0.09977550511349464,6.011474183088051,404,9.923267326732674,2025-09-14,2025-09-14 03:26:30
R44f5uDmGKI,Mid work vibes  song: Candyman-Flyanaboss,Mid work vibes song: Candyman-Flyanaboss,Flyana Boss,Music Content,,False,2024-08-05 21:37:09,3961,251,2,9.9025,6.336783640494826,0.050492299924261554,6.387275940419087,404,9.804455445544555,2025-09-14,2025-09-14 03:26:30
b_C0wBdLTrE,my lil gumdrop #candymandance #flyanaboss Credit: @nakashima_yunon,my lil gumdrop #candymandance #flyanaboss Credit: @nakashima_yunon,Flyana Boss,Music Content,,False,2024-06-11 00:14:17,3904,201,4,9.76,5.148565573770492,0.10245901639344263,5.251024590163935,459,8.505446623093682,2025-09-14,2025-09-14 03:26:30
LiiZPhTVRcY,Candyman dance-Flyanaboss VC: @jaedengomezz,Candyman dance-Flyanaboss VC: @jaedengomezz,Flyana Boss,Music Content,,False,2024-08-01 02:06:45,3846,250,2,9.615,6.500260010400416,0.05200208008320333,6.552262090483619,408,9.426470588235293,2025-09-14,2025-09-14 03:26:30
jsf75gRULiU,CANDYMAN DANCE CHALLENGE-flyanaboss,CANDYMAN DANCE CHALLENGE-flyanaboss,Flyana Boss,Music Content,,False,2024-08-07 18:27:21,3641,241,1,9.1025,6.619060697610546,0.027464982147761604,6.646525679758308,402,9.057213930348258,2025-09-14,2025-09-14 03:26:22
ikXA4e7JIaE,Candyman Dance 💗 #flyanaboss #candyman #dance Credit: @PiperRockelle,Candyman Dance 💗 #flyanaboss #candyman #dance Credit: @PiperRockelle,Flyana Boss,Music Content,,False,2024-06-07 00:09:39,3622,165,4,9.055,4.555494202098289,0.11043622308117064,4.665930425179459,463,7.822894168466522,2025-09-14,2025-09-14 03:26:36
6mDl2zR9KWY,LIL SWEETHEART-CANDYMAN DANCE,LIL SWEETHEART-CANDYMAN DANCE,Flyana Boss,Music Content,,False,2024-08-05 21:39:22,3027,203,2,7.567500000000001,6.706309877766765,0.06607201850016517,6.77238189626693,404,7.492574257425742,2025-09-14,2025-09-14 03:26:30
aPPtNngy3A8,keep it GUSHY🍬 #candymandance #flyanaboss DC: @jaedenrae @karaleighcannella,keep it GUSHY🍬 #candymandance #flyanaboss DC: @jaedenrae @karaleighcannella,Flyana Boss,Music Content,,False,2024-06-07 00:02:16,2857,239,8,7.1425,8.365418270913546,0.280014000700035,8.645432271613581,463,6.170626349892008,2025-09-14,2025-09-14 03:26:36
s0c3uQ2ni6g,U my Lil Sweetheart,U my Lil Sweetheart,Flyana Boss,Music Content,,False,2024-07-16 18:57:51,2728,229,5,6.82,8.394428152492669,0.18328445747800587,8.577712609970675,424,6.433962264150943,2025-09-14,2025-09-14 03:26:30
pqd7qpdDYzY,Candyman dance by Flyanaboss VC: Jade W,Candyman dance by Flyanaboss VC: Jade W,Flyana Boss,Music Content,,False,2024-08-01 02:05:16,2604,151,3,6.51,5.798771121351766,0.1152073732718894,5.913978494623656,408,6.382352941176471,2025-09-14,2025-09-14 03:26:30
ZjWYjpxR9Qo,Candyman dance,Candyman dance,Flyana Boss,Music Content,,False,2024-07-10 17:30:42,1447,180,0,3.6175,12.43953006219765,0.0,12.43953006219765,430,3.3651162790697673,2025-09-14,2025-09-14 03:26:30
ORMLd-EEU0U,Raiche-Complicated [Official Music Video],Complicated,Raiche,Official Music Video,,False,2019-01-09 16:05:42,951376,8886,375,2378.44,0.9340155732328752,0.03941659238828812,0.9734321656211633,2440,389.90819672131147,2025-09-15,2025-09-15 06:33:13
kU_3fs2Cva4,Raiche-Pick A Side [Official Music Video],Pick A Side,Raiche,Official Music Video,,False,2020-09-03 16:00:09,940326,14353,758,2350.815,1.5263855301246587,0.08061034151985588,1.6069958716445145,1837,511.8813282525857,2025-09-15,2025-09-15 06:33:13
jDQ0FfXmx2M,Raiche-Pick A Side [Official Audio],Pick A Side,Raiche,Official Audio,,False,2020-08-28 04:00:18,738192,9370,372,1845.48,1.2693174675423196,0.05039339358865986,1.3197108611309794,1843,400.53825284861637,2025-09-15,2025-09-15 06:33:13
b6g2MDcVyag,Raiche-Drive [Official Video],Drive,Raiche,Official Music Video,,False,2019-05-07 15:57:46,526362,4112,176,1315.905,0.7812114096382338,0.03343706422576098,0.8146484738639947,2322,226.6847545219638,2025-09-15,2025-09-15 06:33:13
ZEbhhfn7zew,Raiche-Pick A Side [In Studio Performance],Pick A Side [In Studio Performance],Raiche,Music Content,,False,2021-02-16 17:52:42,499245,3725,371,1248.1125,0.7461266512433775,0.0743122114392733,0.8204388626826509,1671,298.770197486535,2025-09-15,2025-09-15 06:33:13
e9RZ8LD2Ack,Raiche-Fool [Official Music Video],Fool,Raiche,Official Music Video,,False,2022-07-15 14:00:02,446440,2145,113,1116.1,0.48046770002687933,0.025311352029388046,0.5057790520562674,1157,385.8599827139153,2025-09-15,2025-09-15 06:33:13
f4fv6exT7i8,Raiche-Burn Your Clothes [Official Music Video],Burn Your Clothes,Raiche,Official Music Video,,False,2021-10-15 14:00:19,356780,1769,108,891.9499999999999,0.49582375693704805,0.030270755087168567,0.5260945120242166,1430,249.4965034965035,2025-09-15,2025-09-15 06:33:13
UKNm0U-Yy9A,Raiche-Money Pies [Official Music Video],Money Pies,Raiche,Official Music Video,,False,2018-08-23 16:00:02,302512,3854,266,756.28,1.2739990479716508,0.08793039614957424,1.361929444121225,2579,117.29817758821248,2025-09-15,2025-09-15 06:33:13
LLqY6JlHUs8,Raiche-Yebba's Heartbreak (Cover),Yebba's Heartbreak (Cover),Raiche,Music Content,,False,2022-01-20 20:00:11,284498,1585,53,711.245,0.5571216669361472,0.01862930495117716,0.5757509718873244,1333,213.42685671417854,2025-09-15,2025-09-15 06:33:13
PsVZec9rGyA,Raiche-Up Late (Cover),Up Late (Cover),Raiche,Music Content,,False,2022-01-18 20:00:08,252172,330,44,630.43,0.13086306171977855,0.017448408229303807,0.14831146994908234,1335,188.8928838951311,2025-09-15,2025-09-15 06:33:13
2gGD4sIONoo,Raiche-Drive [Official Audio],Drive,Raiche,Official Audio,,False,2019-03-01 05:00:01,247625,3807,143,619.0625,1.5374053508329126,0.05774861181221605,1.5951539626451288,2389,103.65215571368773,2025-09-15,2025-09-15 06:33:13
ctS1ANgc7J8,Raiche-Stand (Cover),Stand (Cover),Raiche,Music Content,,False,2022-02-03 20:00:11,220847,133,16,552.1175000000001,0.06022268810533989,0.00724483465928901,0.0674675227646289,1319,167.43517816527674,2025-09-15,2025-09-15 06:33:13
e0sdg0X8E8c,Raiche-You Around (Cover),You Around (Cover),Raiche,Music Content,,False,2022-02-08 20:11:12,218159,158,16,545.3975,0.07242424103520827,0.007334100357995774,0.07975834139320404,1314,166.02663622526637,2025-09-15,2025-09-15 06:33:13
DRciIfokxPc,Raiche-Shine [Official Audio],Shine,Raiche,Official Audio,,False,2019-02-08 05:46:09,142463,1724,153,356.15749999999997,1.2101387728743604,0.10739630640938348,1.317535079283744,2410,59.11327800829876,2025-09-15,2025-09-15 06:33:13
s3B54b6J_iE,Raiche-Complicated (Remastered) [In-Studio Performance],Complicated (Remastered) [In-Studio Performance],Raiche,Music Content,,False,2022-02-18 20:00:12,113577,630,29,283.9425,0.5546897699358144,0.02553333861609305,0.5802231085519075,1304,87.0989263803681,2025-09-15,2025-09-15 06:33:13
JWxbff0yGvM,Raiche-Funeral [Official Audio],Funeral,Raiche,Official Audio,,False,2020-09-25 04:00:07,112805,1966,181,282.01250000000005,1.7428305482912991,0.16045388059039936,1.9032844288816986,1815,62.15151515151515,2025-09-15,2025-09-15 06:33:13
6bA0eiekB5A,Raiche & Ty Dolla $ign-Pick A Side (Remix) [Official Audio],& Ty Dolla $ign-Pick A Side (),Raiche,Official Audio,,False,2021-03-26 04:00:01,112440,2073,96,281.1,1.843649946638207,0.08537886872998933,1.9290288153681963,1633,68.85486834047765,2025-09-15,2025-09-15 06:33:13
RwGxj-3VvBE,Raiche-You Made Me [Official Live Performance],You Made Me [Official ],Raiche,Live Performance,,False,2024-11-13 05:00:16,109611,911,56,274.02750000000003,0.8311209641368111,0.051089762888761166,0.8822107270255723,305,359.3803278688525,2025-09-15,2025-09-15 06:33:04
KLrYESHM5S8,Raiche-Burn Your Clothes [Acoustic Performance],Burn Your Clothes [Acoustic Performance],Raiche,Live Performance,,False,2021-11-29 19:00:06,81704,291,25,204.26,0.35616371291491233,0.03059825712327426,0.3867619700381866,1385,58.99205776173285,2025-09-15,2025-09-15 06:33:13
UW_P4q2lFnw,Raiche-I Got You [Official Audio],I Got You,Raiche,Official Audio,,False,2019-03-01 05:00:01,63122,1092,53,157.805,1.7299832071227146,0.0839643864262856,1.8139475935490001,2389,26.42193386354123,2025-09-15,2025-09-15 06:33:13
3o2BY_Ezatw,Raiche -  OMG (feat. Social House) [Official Visualizer],OMG (feat. Social House) [Official ],Raiche,Visualizer,,False,2025-05-09 04:00:07,57471,286,25,143.67749999999998,0.4976422891545301,0.04350020010092046,0.5411424892554506,128,448.9921875,2025-09-15,2025-09-15 06:33:04
xnd9jw_Nhoo,Raiche-Big Daddy [Official Music Video],Big Daddy,Raiche,Official Music Video,,False,2023-09-01 16:00:09,55793,1478,106,139.4825,2.649077841306257,0.18998799132507663,2.8390658326313334,744,74.99059139784946,2025-09-15,2025-09-15 06:33:04
hwfSuRLbetY,Raiche-047 [Official Audio],047,Raiche,Official Audio,,False,2019-03-01 05:00:06,52863,899,43,132.1575,1.7006223634678317,0.08134233774095302,1.7819647012087847,2389,22.12766848053579,2025-09-15,2025-09-15 06:33:13
GpH9lLeYIR4,Raiche-Busy [Official Audio],Busy,Raiche,Official Audio,,False,2019-03-01 05:00:02,45646,726,30,114.11500000000001,1.5905008105858127,0.06572317399114928,1.656223984576962,2389,19.10673922143156,2025-09-15,2025-09-15 06:33:13
1kZFVrE9pGg,Raiche-Money Pies [Official Lyric Video],Money Pies,Raiche,Lyric Video,,False,2018-07-26 03:59:50,42103,841,67,105.25750000000001,1.9974823646771014,0.15913355342849678,2.156615918105598,2607,16.149980820866897,2025-09-15,2025-09-15 06:33:22
vUo6dKGVFoo,Raiche-Drive (Official Lyric Video),Drive,Raiche,Lyric Video,,False,2019-03-14 16:00:10,40565,860,46,101.4125,2.1200542339455195,0.11339824972266732,2.233452483668187,2376,17.072811447811446,2025-09-15,2025-09-15 06:33:13
Ed0b9Zg5qYg,Raiche-Feelings [Official Music Video],Feelings,Raiche,Official Music Video,,False,2022-08-26 16:00:11,40000,1354,95,100.0,3.385,0.2375,3.6224999999999996,1115,35.874439461883405,2025-09-15,2025-09-15 06:33:13
6QEoFth6YMY,Raiche-Pick A Side [Kelly Clarkson Show Performance],Pick A Side [Kelly Clarkson Show Performance],Raiche,Music Content,,False,2021-05-22 04:00:13,32823,1098,105,82.0575,3.345215245407184,0.3198976327575176,3.6651128781647015,1576,20.826776649746193,2025-09-15,2025-09-15 06:33:13
tGHlEkQcSfk,Raiche-Lights Out [Official Audio],Lights Out,Raiche,Official Audio,,False,2019-03-01 05:00:07,26141,483,32,65.35249999999999,1.8476722390115146,0.12241306759496577,1.9700853066064803,2389,10.942235244872332,2025-09-15,2025-09-15 06:33:13
hvu7_-ZuEWk,Raiche -  Hello Darlin [Official Visualizer],Hello Darlin [Official ],Raiche,Visualizer,,False,2025-04-25 04:00:52,24380,185,31,60.949999999999996,0.7588187038556193,0.12715340442986053,0.8859721082854799,142,171.69014084507043,2025-09-15,2025-09-15 06:33:04
d6Ph9ZBwYwA,Raiche -  OMG (Live In Studio),OMG (Live In Studio),Raiche,Live Performance,,False,2025-05-30 14:00:59,22681,125,18,56.7025,0.5511220845641727,0.07936158017724086,0.6304836647414135,107,211.97196261682242,2025-09-15,2025-09-15 06:33:04
9UniH7H81xs,Raiche-Half & Half [Official Video],Half & Half,Raiche,Official Music Video,,False,2023-10-27 04:00:08,22503,791,54,56.2575,3.5150868773052486,0.23996800426609785,3.7550548815713465,688,32.707848837209305,2025-09-15,2025-09-15 06:33:04
t4SmrC7dDBU,Get to Know Raiche | Q&A 2019,Get to Know Raiche | Q&A 2019,Raiche,Music Content,,False,2019-06-19 19:00:05,18745,497,52,46.862500000000004,2.6513736996532407,0.27740730861563084,2.9287810082688717,2279,8.225098727512067,2025-09-15,2025-09-15 06:33:13
VaLpKd9_U3o,Raiche-Hello Darlin (Live In Studio),Hello Darlin (Live In Studio),Raiche,Live Performance,,False,2025-05-19 14:51:17,16817,118,20,42.042500000000004,0.701670928227389,0.1189272759707439,0.8205982041981329,118,142.51694915254237,2025-09-15,2025-09-15 06:33:04
jKoXb8Av5cY,Raiche-Standards (Live In Studio),Standards (Live In Studio),Raiche,Live Performance,,False,2025-06-06 14:01:11,15016,120,15,37.54,0.7991475759190196,0.09989344698987745,0.8990410229088971,100,150.16,2025-09-15,2025-09-15 06:33:04
Zp-QlJ5Lezg,Raiche-Loveland [Official Audio],Loveland,Raiche,Official Audio,,False,2023-12-01 05:00:32,14589,384,38,36.472500000000004,2.6321200904791278,0.26047021728699704,2.892590307766125,653,22.341500765696782,2025-09-15,2025-09-15 06:33:04
28J4Ye4y3n0,Raiche-Big Daddy [Official Audio],Big Daddy,Raiche,Official Audio,,False,2023-09-01 04:00:03,14105,348,27,35.2625,2.467210209145693,0.1914214817440624,2.6586316908897554,744,18.958333333333332,2025-09-15,2025-09-15 06:33:04
YQcFMtmZN0g,I’ve been wanting to get my Monroe pierced for a solid year & I finally did it😍 also new music otw!,I’ve been wanting to get my Monroe pierced for a solid year & I finally did it😍 also new music otw!,Raiche,Music Content,,False,2024-06-13 19:00:18,13845,468,11,34.612500000000004,3.3802816901408446,0.07945106536655833,3.459732755507403,458,30.229257641921397,2025-09-15,2025-09-15 06:33:04
oGIIfLp6BCc,Raiche-Feelings [Official Audio],Feelings,Raiche,Official Audio,,False,2022-08-26 04:00:31,13381,462,33,33.4525,3.4526567521112024,0.24661833943651446,3.699275091547717,1115,12.000896860986547,2025-09-15,2025-09-15 06:33:13
5puH_P63UO0,Raiche-Making Room [Official Audio],Making Room,Raiche,Official Audio,,False,2024-07-26 04:00:06,12850,471,31,32.125,3.6653696498054473,0.2412451361867704,3.906614785992218,415,30.96385542168675,2025-09-15,2025-09-15 06:33:04
Qe0sGagiGNI,Raiche-Big Daddy [Official Music Video],Big Daddy,Raiche,Official Music Video,,False,2023-09-25 19:00:11,12773,647,20,31.932499999999997,5.065372269631253,0.15658028654192438,5.221952556173178,720,17.740277777777777,2025-09-15,2025-09-15 06:33:04
8F7bxKlY9QA,Raiche-Fool [Official Audio],Fool,Raiche,Official Audio,,False,2022-07-15 04:00:04,11481,297,15,28.7025,2.586882675725111,0.1306506401881369,2.717533315913248,1157,9.923076923076923,2025-09-15,2025-09-15 06:33:13
Mk-VAeXVI_M,Raiche-Simple [Official Audio],Simple,Raiche,Official Audio,,False,2023-12-01 05:00:27,10932,434,19,27.330000000000002,3.9699963410171972,0.17380168313208927,4.143798024149286,653,16.741194486983154,2025-09-15,2025-09-15 06:33:04
UAVxznh9uQ8,Raiche-Fool [In-Studio Performance],Fool [In-Studio Performance],Raiche,Music Content,,False,2022-08-03 19:00:12,10605,474,45,26.512500000000003,4.469589816124469,0.4243281471004243,4.893917963224894,1138,9.318980667838312,2025-09-15,2025-09-15 06:33:13
GotQGCUQ4kY,#feelings man feelings,#feelings man feelings,Raiche,Music Content,,False,2022-10-13 08:00:08,10048,575,28,25.12,5.722531847133758,0.2786624203821656,6.001194267515923,1067,9.41705716963449,2025-09-15,2025-09-15 06:33:04
ERJp8cuOfFc,Raiche-Burn Your Clothes [Official Audio],Burn Your Clothes,Raiche,Official Audio,,False,2021-10-15 04:00:04,10011,370,31,25.027499999999996,3.6959344720807112,0.3096593746878434,4.005593846768555,1430,7.000699300699301,2025-09-15,2025-09-15 06:33:13
XmXG4sa4oMk,Raiche-Late Show [Official Music Video],Late Show,Raiche,Official Music Video,,False,2023-10-10 19:00:24,9924,423,36,24.81,4.262394195888755,0.36275695284159615,4.6251511487303505,705,14.076595744680851,2025-09-15,2025-09-15 06:33:04
4f1XnvyeCrw,Raiche-Complicated (Remastered) [Official Audio],Complicated (Remastered),Raiche,Official Audio,,False,2022-02-18 05:00:03,9824,336,14,24.56,3.420195439739414,0.14250814332247558,3.5627035830618894,1304,7.533742331288344,2025-09-15,2025-09-15 06:33:13
oD3oIjLNavo,Raiche-Lost You (Cover),Lost You (Cover),Raiche,Music Content,,False,2022-03-15 19:00:16,9711,336,33,24.2775,3.4599938214396047,0.3398208217485326,3.7998146431881374,1279,7.592650508209538,2025-09-15,2025-09-15 06:33:13
deBu2utOqvs,Raiche -  Be Careful (Live In Studio),Be Careful (Live In Studio),Raiche,Live Performance,,False,2025-06-20 14:01:07,9013,148,23,22.5325,1.6420725618550982,0.25518695218018417,1.8972595140352824,86,104.80232558139535,2025-09-15,2025-09-15 06:33:04
zqswMb3Va7o,Raiche-Complicated [In Studio Video],Complicated [In Studio Video],Raiche,Music Content,,False,2020-05-06 16:00:37,8941,325,23,22.352500000000003,3.6349401632926965,0.2572419192484062,3.892182082541103,1957,4.5687276443536025,2025-09-15,2025-09-15 06:33:13
WiRwy9sn1q0,"Raiche-New York, New York [Official Video]","New York, New York",Raiche,Official Music Video,,False,2022-12-23 20:00:08,8599,436,39,21.497500000000002,5.070357018257937,0.4535411094313292,5.523898127689266,996,8.633534136546185,2025-09-15,2025-09-15 06:33:04
-XVuwmu0usI,Raiche-Girls A Gun [Official Visualizer],Girls A Gun [Official ],Raiche,Visualizer,,False,2025-03-14 04:00:00,8548,391,36,21.37,4.574169396350023,0.42115114646700985,4.9953205428170335,184,46.45652173913044,2025-09-15,2025-09-15 06:33:04
CY3pxKCgRcY,Raiche-Money Pies [Songkick Live],Money Pies [Songkick Live],Raiche,Live Performance,,False,2019-08-20 16:11:27,8162,163,23,20.405,1.9970595442293557,0.28179367802009314,2.278853222249449,2217,3.681551646368967,2025-09-15,2025-09-15 06:33:13
ZbyqmBClDlE,Raiche-Thinking Of You [Official Audio],Thinking Of You,Raiche,Official Audio,,False,2024-08-23 04:00:31,8153,316,30,20.3825,3.8758739114436405,0.367962713111738,4.243836624555378,387,21.0671834625323,2025-09-15,2025-09-15 06:33:04
2YfeJ2GijNU,Raiche-I Hate Christmas [Official Video],I Hate Christmas,Raiche,Official Music Video,,False,2022-12-25 20:00:01,7792,295,24,19.48,3.785934291581109,0.3080082135523614,4.09394250513347,994,7.839034205231388,2025-09-15,2025-09-15 06:33:04
w0jlcm3Qu8Y,Raiche-Homemade [Official Audio],Homemade,Raiche,Official Audio,,False,2023-12-01 05:00:47,7477,252,16,18.692500000000003,3.3703356961348137,0.21398956800855956,3.584325264143373,653,11.450229709035222,2025-09-15,2025-09-15 06:33:04
qNK9Ek3IQ9U,Raiche-Good & Plenty (Cover),Good & Plenty (Cover),Raiche,Music Content,,False,2022-03-01 20:00:10,7386,356,29,18.465,4.819929596533983,0.3926347143243975,5.21256431085838,1293,5.7122969837587005,2025-09-15,2025-09-15 06:33:13
_vSn7I54ucs,Raiche-Drive [In Studio Video],Drive [In Studio Video],Raiche,Music Content,,False,2020-04-29 16:00:20,7368,310,25,18.42,4.2073832790445165,0.3393051031487514,4.546688382193268,1964,3.75152749490835,2025-09-15,2025-09-15 06:33:13
PT3Ldj0P3Pc,Raiche -  Girls A Gun (Live In Studio),Girls A Gun (Live In Studio),Raiche,Live Performance,,False,2025-06-13 14:00:43,7258,92,10,18.145,1.267566822816203,0.13777900248002206,1.405345825296225,93,78.04301075268818,2025-09-15,2025-09-15 06:33:04
sVQhAu3Ksrk,Raiche-Hearts At War [Official Audio],Hearts At War,Raiche,Official Audio,,False,2024-09-20 04:00:45,6655,281,26,16.6375,4.222389181066867,0.39068369646882045,4.6130728775356875,359,18.537604456824514,2025-09-15,2025-09-15 06:33:04
hk4em_kx7Fs,❤️,❤️,Raiche,Music Content,,False,2024-07-24 19:00:31,6356,441,37,15.89,6.938325991189427,0.5821271239773442,7.520453115166772,417,15.24220623501199,2025-09-15,2025-09-15 06:33:04
7lM7KdFuFE4,Raiche-Lucky [Official Audio],Lucky,Raiche,Official Audio,,False,2023-12-01 05:00:05,5893,214,16,14.7325,3.631427116918378,0.2715085694892245,3.9029356864076026,653,9.024502297090352,2025-09-15,2025-09-15 06:33:04
xNWN-mpwgP4,Raiche -  Holy (Justin Bieber Cover),Holy (Justin Bieber Cover),Raiche,Music Content,,False,2020-11-10 15:39:45,5642,287,27,14.105,5.086848635235732,0.47855370436015604,5.565402339595888,1769,3.1893725268513284,2025-09-15,2025-09-15 06:33:13
3RWOu1twB40,Raiche-Hrs & Hrs (Cover),Hrs & Hrs (Cover),Raiche,Music Content,,False,2022-03-04 20:00:03,5263,228,18,13.157499999999999,4.332129963898916,0.34201026030780923,4.674140224206726,1290,4.07984496124031,2025-09-15,2025-09-15 06:33:13
NF2sNZwSTgk,Raiche-Be Careful [Official Audio],Be Careful,Raiche,Official Audio,,False,2025-03-28 04:00:22,5055,258,26,12.6375,5.103857566765579,0.5143422354104847,5.618199802176064,170,29.735294117647058,2025-09-15,2025-09-15 06:33:04
Monlv4qWqJI,Raiche-Standards [Official Audio],Standards,Raiche,Official Audio,,False,2025-02-28 05:55:12,4509,256,20,11.2725,5.677533821246396,0.4435573297848747,6.121091151031271,198,22.772727272727273,2025-09-15,2025-09-15 06:33:04
vaFn4Hrhvq8,#VoiceEffects #KaashPaige #Sing #Singer #Harmony,#VoiceEffects #KaashPaige #Sing #Singer #Harmony,Raiche,Music Content,,False,2022-07-03 15:00:28,4484,321,15,11.21,7.15878679750223,0.3345227475468332,7.493309545049063,1169,3.8357570573139435,2025-09-15,2025-09-15 06:33:13
qGv_inwhUvY,How did I do? @teddyswims #KAYPartner,How did I do? @teddyswims #KAYPartner,Raiche,Music Content,,False,2025-06-05 19:21:24,4344,168,22,10.860000000000001,3.867403314917127,0.5064456721915286,4.373848987108656,101,43.00990099009901,2025-09-15,2025-09-15 06:33:04
S_Y5a7CNRI0,Raiche-Big Daddy (Acoustic) [In-Studio Performance],Big Daddy (Acoustic) [In-Studio Performance],Raiche,Live Performance,,False,2023-10-04 21:00:11,4207,226,23,10.5175,5.371999049203708,0.5467078678393155,5.918706917043024,711,5.9170182841068915,2025-09-15,2025-09-15 06:33:04
KUq0RNa0z4U,Raiche-Drive (Quarantine Edition Vlog),Drive (Quarantine Edition Vlog),Raiche,Music Content,,False,2020-04-22 16:06:21,4203,189,25,10.5075,4.496788008565311,0.5948132286462051,5.091601237211516,1971,2.132420091324201,2025-09-15,2025-09-15 06:33:13
3TYgGRc37GY,"Raiche (18 yrs old) ""Rumor Has It"" Adele cover","(18 yrs old) ""Rumor Has It"" Adele cover",Raiche,Music Content,,False,2017-02-10 09:20:22,4148,164,13,10.37,3.953712632594021,0.313404050144648,4.267116682738669,3138,1.3218610579987253,2025-09-15,2025-09-15 06:33:22
fG0aYURM2nI,🙆🏽‍♀️,🙆🏽‍♀️,Raiche,Music Content,,False,2022-07-22 12:00:25,4011,173,13,10.0275,4.31313886811269,0.3241087010720518,4.6372475691847415,1150,3.4878260869565216,2025-09-15,2025-09-15 06:33:13
ls0rmxBUvLU,hearts at war 🩶 this friday,hearts at war 🩶 this friday,Raiche,Music Content,,False,2024-09-18 21:52:06,3826,381,24,9.565,9.958180867746995,0.6272869837950863,10.58546785154208,361,10.598337950138504,2025-09-15,2025-09-15 06:33:04
2TWNimPbMyM,Sheryl Temple is my Spirit animal #capricorn #astrology,Sheryl Temple is my Spirit animal #capricorn #astrology,Raiche,Music Content,,False,2022-10-10 11:00:03,3655,181,3,9.1375,4.952120383036935,0.08207934336525308,5.034199726402188,1070,3.4158878504672896,2025-09-15,2025-09-15 06:33:04
lnlsJHhiGRQ,Love is a burning thing ❤️🔥,Love is a burning thing ❤️🔥,Raiche,Music Content,,False,2022-10-08 12:00:34,3511,321,16,8.7775,9.142694389062946,0.4557106237539163,9.598405012816862,1072,3.275186567164179,2025-09-15,2025-09-15 06:33:04
SJx_gSMCx8s,"I need your love when i need it, not just when it’s convenient 💔","I need your love when i need it, not just when it’s convenient 💔",Raiche,Music Content,,False,2022-08-09 13:00:24,3435,340,10,8.5875,9.8981077147016,0.2911208151382824,10.189228529839882,1132,3.034452296819788,2025-09-15,2025-09-15 06:33:13
iOL6tebfJjQ,I’m not thinking of you 💭,I’m not thinking of you 💭,Raiche,Music Content,,False,2024-08-21 01:20:55,3417,291,19,8.5425,8.516242317822652,0.5560433128475271,9.072285630670178,389,8.784061696658098,2025-09-15,2025-09-15 06:33:04
V80WwSkIX0I,The #ESSENCE Festival of Culture was a whole vibe! Pure #BlackJoy,The #ESSENCE Festival of Culture was a whole vibe! Pure #BlackJoy,Raiche,Music Content,,False,2022-07-15 13:00:30,3300,250,13,8.25,7.575757575757576,0.393939393939394,7.96969696969697,1157,2.8522039757994815,2025-09-15,2025-09-15 06:33:13
0sERfm7UIp4,Complicated (Live Performance) | Singing in the Shower 🚿 #RNBONLY #RNB #RNBSINGER #RAICHE,Complicated () | Singing in the Shower 🚿 #RNBONLY #RNB #RNBSINGER #RAICHE,Raiche,Live Performance,,False,2022-07-08 14:00:02,3252,341,11,8.129999999999999,10.485854858548585,0.33825338253382536,10.82410824108241,1164,2.7938144329896906,2025-09-15,2025-09-15 06:33:13
vU_O14jddGk,Raiche-Late Show [Official Audio],Late Show,Raiche,Official Audio,,False,2023-10-06 04:00:35,3105,128,14,7.7625,4.122383252818036,0.45088566827697263,4.573268921095009,709,4.379407616361072,2025-09-15,2025-09-15 06:33:04
Ia5AXLzhPmQ,Save a kiss a for later 💋🫧,Save a kiss a for later 💋🫧,Raiche,Music Content,,False,2024-06-12 19:00:14,2870,150,8,7.175000000000001,5.2264808362369335,0.2787456445993031,5.505226480836237,459,6.252723311546841,2025-09-15,2025-09-15 06:33:04
i2aiZbT5eeU,"""Be The One"" Cover","""Be The One"" Cover",Raiche,Music Content,,False,2017-10-13 01:34:37,2806,127,12,7.015000000000001,4.526015680684248,0.42765502494654317,4.953670705630791,2893,0.9699274109920498,2025-09-15,2025-09-15 06:33:22
hrvXsNJuIXQ,It’s a classic in my books 📚,It’s a classic in my books 📚,Raiche,Music Content,,False,2024-08-22 21:08:36,2655,201,10,6.637499999999999,7.5706214689265545,0.3766478342749529,7.947269303201508,388,6.842783505154639,2025-09-15,2025-09-15 06:33:04
JHE5lV_UUhs,"Raiche covers ""You Don't Own Me""","covers ""You Don't Own Me""",Raiche,Music Content,,False,2017-02-10 07:56:31,2548,95,7,6.37,3.7284144427001573,0.27472527472527475,4.003139717425432,3138,0.8119821542383684,2025-09-15,2025-09-15 06:33:22
zHWsZn3sGM0,Feeling extra soft 😅🤍 #cover #love #singwithme,Feeling extra soft 😅🤍 #cover #love #singwithme,Raiche,Music Content,,False,2022-10-03 17:00:36,2507,298,24,6.2675,11.886717191862784,0.9573195053849222,12.844036697247706,1077,2.3277623026926646,2025-09-15,2025-09-15 06:33:13
Et65N0boNWQ,“making room” coming soon 💋,“making room” coming soon 💋,Raiche,Music Content,,False,2024-07-01 19:08:06,2468,192,10,6.17,7.779578606158834,0.4051863857374392,8.184764991896273,440,5.609090909090909,2025-09-15,2025-09-15 06:33:04
JzkFtoG5qxU,Raiche -  Suga (Live In Studio),Suga (Live In Studio),Raiche,Live Performance,,False,2025-06-27 14:00:34,2386,160,18,5.965,6.705783738474434,0.7544006705783739,7.4601844090528076,79,30.20253164556962,2025-09-15,2025-09-15 06:33:04
JWFo_6yO3hM,Raiche-Festival Season Make-Up Tutorial,Festival Season Make-Up Tutorial,Raiche,Music Content,,False,2019-06-12 19:00:02,2349,82,25,5.8725000000000005,3.4908471690080884,1.064282673478076,4.555129842486164,2286,1.0275590551181102,2025-09-15,2025-09-15 06:33:13
mNANdFFarCQ,never let anyone dim your light & always make room for whats good & perfectly right for you 🌱❣️,never let anyone dim your light & always make room for whats good & perfectly right for you 🌱❣️,Raiche,Music Content,,False,2024-06-19 19:00:23,2274,142,7,5.6850000000000005,6.244503078276165,0.30782761653474056,6.552330694810905,452,5.030973451327434,2025-09-15,2025-09-15 06:33:04
tme9lFdwQDA,"Raiche cover ""Chasing Pirates""","cover ""Chasing Pirates""",Raiche,Music Content,,False,2017-02-10 08:29:11,1932,52,5,4.83,2.691511387163561,0.2587991718426501,2.950310559006211,3138,0.615678776290631,2025-09-15,2025-09-15 06:33:22
69Zsxsq6tSE,Raiche-Floating [Official Audio],Floating,Raiche,Official Audio,,False,2025-05-12 16:01:44,1649,82,14,4.1225000000000005,4.972710733778047,0.8489993935718617,5.821710127349909,125,13.192,2025-09-15,2025-09-15 06:33:04
eqnNwShPGWk,making room ❤️,making room ❤️,Raiche,Music Content,,False,2024-07-08 19:00:17,1565,123,5,3.9124999999999996,7.859424920127796,0.3194888178913738,8.178913738019169,433,3.6143187066974596,2025-09-15,2025-09-15 06:33:04
Zv8TOw1i-qs,Raiche -  Suga [Official Audio],Suga,Raiche,Official Audio,,False,2025-05-12 16:01:40,1548,95,9,3.87,6.136950904392765,0.5813953488372093,6.718346253229974,125,12.384,2025-09-15,2025-09-15 06:33:04
ET7geO5qhtI,Check out my full @uproxxmusicvideos session now,Check out my full @uproxxmusicvideos session now,Raiche,Music Content,,False,2022-10-06 08:00:04,1485,143,12,3.7125000000000004,9.62962962962963,0.8080808080808081,10.437710437710438,1074,1.3826815642458101,2025-09-15,2025-09-15 06:33:13
N6J21tgv6m8,Life get crazy thoughts get hazy have a little patience for me now ✨,Life get crazy thoughts get hazy have a little patience for me now ✨,Raiche,Music Content,,False,2022-07-10 15:00:09,1415,160,7,3.5375,11.307420494699647,0.49469964664310956,11.802120141342757,1162,1.2177280550774527,2025-09-15,2025-09-15 06:33:13
y-G0aI9e7vI,MAKING ROOM IS COMING OUT SOOONN! So I’ll be flooding you with these short videos till it drops xox,MAKING ROOM IS COMING OUT SOOONN! So I’ll be flooding you with these short videos till it drops xox,Raiche,Music Content,,False,2024-06-20 20:00:57,1375,66,4,3.4375,4.8,0.2909090909090909,5.090909090909091,451,3.048780487804878,2025-09-15,2025-09-15 06:33:04
wYf1iZS--Vc,NEW music loading. Ya ready?! Cause I freakin’ am🌻🤍✨,NEW music loading. Ya ready?! Cause I freakin’ am🌻🤍✨,Raiche,Music Content,,False,2024-06-14 19:00:36,1360,76,11,3.4000000000000004,5.588235294117648,0.8088235294117648,6.397058823529412,457,2.975929978118162,2025-09-15,2025-09-15 06:33:04
XaUs2rf18PM,Get rid of that man!! I have a single coming out soon called making room !,Get rid of that man!! I have a single coming out soon called making room !,Raiche,Music Content,,False,2024-06-17 19:00:18,1359,70,4,3.3975,5.15084621044886,0.29433406916850624,5.445180279617366,454,2.9933920704845813,2025-09-15,2025-09-15 06:33:04
JZwyd27rPgA,"AraabMuzik ft  Raiche   ""Chasing Pirates"" Official Video","AraabMuzik ft Raiche ""Chasing Pirates""",Raiche,Official Music Video,,False,2017-02-10 08:04:35,1337,67,3,3.3425,5.011219147344802,0.22438294689603588,5.2356020942408374,3138,0.42606755895474824,2025-09-15,2025-09-15 06:33:22
UOARLm2Ctlw,Raiche-Big Girls Don't Cry (Cover),Big Girls Don't Cry (Cover),Raiche,Music Content,,False,2024-06-27 19:00:06,1313,81,6,3.2824999999999998,6.169078446306169,0.456968773800457,6.626047220106626,444,2.9572072072072073,2025-09-15,2025-09-15 06:33:04
4VxTQm_lVjM,Raiche-Big Daddy (Acoustic) [Official Audio],Big Daddy (Acoustic),Raiche,Official Audio,,False,2023-09-22 04:00:02,1310,90,14,3.2750000000000004,6.870229007633588,1.0687022900763359,7.9389312977099245,723,1.8118948824343015,2025-09-15,2025-09-15 06:33:04
HTTSsH3Zbwc,Raiche-Photoshoot BTS (Quarantine Vlog Edition),Photoshoot BTS (Quarantine Vlog Edition),Raiche,Behind The Scenes,,False,2020-05-21 16:00:06,1165,70,2,2.9125,6.008583690987124,0.17167381974248927,6.180257510729613,1942,0.5998970133882595,2025-09-15,2025-09-15 06:33:13
Ihas654loC4,🎯,🎯,Raiche,Music Content,,False,2024-06-15 19:00:07,1144,60,1,2.86,5.244755244755245,0.08741258741258741,5.3321678321678325,456,2.508771929824561,2025-09-15,2025-09-15 06:33:04
-9D2Sa43MZE,My single FOOL is out nowww! #rnb #newmusicfriday #newmusic,My single FOOL is out nowww! #rnb #newmusicfriday #newmusic,Raiche,Music Content,,False,2022-07-23 13:00:00,1120,101,3,2.8000000000000003,9.017857142857142,0.26785714285714285,9.285714285714285,1149,0.9747606614447345,2025-09-15,2025-09-15 06:33:13
LGaj-Uc77GM,"Raiche show rehearsal ""Crazy"" Gnarls Barkley cover","show rehearsal ""Crazy"" Gnarls Barkley cover",Raiche,Music Content,,False,2017-02-10 09:25:18,1030,21,3,2.575,2.0388349514563107,0.2912621359223301,2.3300970873786406,3138,0.3282345442957298,2025-09-15,2025-09-15 06:33:22
Y9dvapAWTMA,"Raiche ""Holiday Song""","""Holiday Song""",Raiche,Music Content,,False,2017-02-10 09:15:20,996,33,4,2.49,3.313253012048193,0.4016064257028112,3.7148594377510045,3138,0.3173996175908222,2025-09-15,2025-09-15 06:33:22
ZiwyARtPZYQ,It’s too hot for all that attitude,It’s too hot for all that attitude,Raiche,Music Content,,False,2024-06-11 01:09:51,988,79,4,2.4699999999999998,7.995951417004049,0.4048582995951417,8.400809716599191,460,2.1478260869565218,2025-09-15,2025-09-15 06:33:04
pprpYWpHo7w,"Raiche ""Chasing Pirates"" behind the scenes video shoot","""Chasing Pirates"" behind the scenes video shoot",Raiche,Behind The Scenes,,False,2017-02-10 09:28:51,464,10,0,1.1600000000000001,2.1551724137931036,0.0,2.1551724137931036,3138,0.1478648820905035,2025-09-15,2025-09-15 06:33:22
NWtmWPmISfQ,Raiche show rehearsal,show rehearsal,Raiche,Music Content,,False,2017-02-10 09:17:26,333,6,1,0.8325,1.8018018018018018,0.3003003003003003,2.1021021021021022,3138,0.10611854684512428,2025-09-15,2025-09-15 06:33:22
UodMXdT4VwQ,teeth (you) - re6ce (official music video),teeth (you) - re6ce,re6ce,Official Music Video,,False,2022-09-20 22:15:10,636702,14273,511,1591.755,2.2417080518044545,0.0802573260332149,2.3219653778376697,1089,584.6666666666666,2025-09-14,2025-09-14 03:38:54
yfAjMWx5Vy4,re6ce-brown eyes*,brown eyes*,re6ce,Music Content,,False,2024-03-26 00:12:53,471160,10245,270,1177.9,2.174420578996519,0.05730537397062569,2.2317259529671447,536,879.0298507462686,2025-09-14,2025-09-14 03:38:54
B4_I75xHB0c,brown eyes* by re6ce | official lyric video,brown eyes* by re6ce | official,re6ce,Lyric Video,,False,2024-04-08 17:12:18,338882,6196,159,847.205,1.8283650356171175,0.046918986549890525,1.875284022167008,523,647.9579349904398,2025-09-14,2025-09-14 03:38:54
PntQqVjfRLc,re6ce-brown eyes* (feat. riovaz),brown eyes* (feat. riovaz),re6ce,Music Content,,False,2024-12-06 17:00:06,303568,7985,277,758.92,2.6303826490275655,0.09124808939018605,2.7216307384177516,281,1080.3131672597865,2025-09-14,2025-09-14 03:38:54
8OQVCs1GBz8,re6ce-is suicide too much? (official video),is suicide too much?,re6ce,Official Music Video,,False,2024-05-31 04:01:34,192858,2740,139,482.145,1.4207344263655124,0.07207375374627964,1.492808180111792,470,410.336170212766,2025-09-14,2025-09-14 03:38:54
gf_w6VeSr3s,talk2me-re6ce (official visualiser),talk2me-re6ce (official visualiser),re6ce,Music Content,,False,2021-12-25 05:00:25,181289,3147,114,453.22249999999997,1.7359023437715468,0.06288302103271572,1.7987853648042627,1358,133.49705449189986,2025-09-14,2025-09-14 03:38:54
LZgI9hdqS9o,can we change the subject?* - re6ce official video,can we change the subject?* - re6ce,re6ce,Official Music Video,,False,2023-04-18 23:00:07,155158,3131,160,387.895,2.01794300003867,0.10312068987741528,2.1210636899160855,879,176.5164960182025,2025-09-14,2025-09-14 03:38:54
gj-KOLu4V-U,vampire-re6ce (official visualiser),vampire-re6ce (official visualiser),re6ce,Music Content,,False,2022-05-05 23:00:10,126855,2656,120,317.1375,2.0937290607386383,0.09459619250325174,2.18832525324189,1227,103.38630806845966,2025-09-14,2025-09-14 03:38:54
SVyGLjKOFKk,re6ce & ThxSoMch — LUVsick! (Official Audio),& ThxSoMch — LUVsick!,re6ce,Official Audio,,False,2024-01-14 01:06:43,126211,2533,106,315.5275,2.006956604416414,0.08398634033483611,2.09094294475125,608,207.58388157894737,2025-09-14,2025-09-14 03:38:54
9d7XfXEJfQ0,re6ce-ZOMBIE,ZOMBIE,re6ce,Music Content,,False,2024-09-06 04:00:12,114415,1816,103,286.0375,1.5872044749377268,0.09002316129878075,1.6772276362365075,372,307.56720430107526,2025-09-14,2025-09-14 03:38:54
nqTE-jwaQgY,re6ce-i dont even own prada shoes lol (official video),i dont even own prada shoes lol,re6ce,Official Music Video,,False,2024-04-19 04:50:10,111689,3045,191,279.22249999999997,2.726320407560279,0.17101057400460207,2.897330981564881,512,218.142578125,2025-09-14,2025-09-14 03:38:54
_LpFJX4wPl4,september-re6ce (official visualiser),september-re6ce (official visualiser),re6ce,Music Content,,False,2022-06-15 23:00:11,106246,1905,117,265.615,1.7930086779737593,0.11012179282043559,1.903130470794195,1186,89.58347386172007,2025-09-14,2025-09-14 03:38:54
M6SMz7lyV0o,re6ce-I DONT WANNA DO THIS ANYMORE,I DONT WANNA DO THIS ANYMORE,re6ce,Music Content,,False,2024-09-27 04:00:16,68153,1094,93,170.38250000000002,1.6052118028553404,0.13645767611110296,1.7416694789664433,351,194.16809116809117,2025-09-14,2025-09-14 03:38:54
bnEsJFiKwMI,fuzz-re6ce (official music video),fuzz-re6ce,re6ce,Official Music Video,,False,2023-03-02 17:00:06,67265,2032,110,168.1625,3.0208875343789487,0.1635322976287817,3.1844198320077304,926,72.64038876889849,2025-09-14,2025-09-14 03:38:54
e4i8r-bMu38,re6ce-SCREAMING ALONE,SCREAMING ALONE,re6ce,Music Content,,False,2024-10-18 04:00:38,56182,1192,67,140.455,2.1216759816311273,0.11925527749101136,2.2409312591221386,330,170.24848484848485,2025-09-14,2025-09-14 03:38:54
lyucNWtLwMM,re6ce-eyebags,eyebags,re6ce,Music Content,,False,2024-02-09 08:00:34,52247,973,45,130.6175,1.8623078837062415,0.08612934713954869,1.9484372308457902,582,89.77147766323024,2025-09-14,2025-09-14 03:38:54
KGCHS7XYyGM,cabin fever-re6ce (official visualiser),cabin fever-re6ce (official visualiser),re6ce,Music Content,,False,2022-03-29 23:00:12,51671,1584,84,129.1775,3.065549341023011,0.16256701050879604,3.228116351531807,1264,40.87895569620253,2025-09-14,2025-09-14 03:38:54
FvTSOI9X_vE,re6ce-tonguetied,tonguetied,re6ce,Music Content,,False,2024-05-31 04:00:11,46610,741,33,116.525,1.5897875992276336,0.07080025745548166,1.6605878566831151,470,99.17021276595744,2025-09-14,2025-09-14 03:38:54
Nr2aCiQs2Mk,"im not asking for much, just eternal love. a song by re6ce","im not asking for much, just eternal love. a song by re6ce",re6ce,Music Content,,False,2025-04-10 22:15:01,44924,1838,145,112.31,4.091354287240674,0.32276734039711513,4.414121627637789,156,287.97435897435895,2025-09-14,2025-09-14 03:38:54
2r4NNx0Vbbg,re6ce-psyilocibin mind,psyilocibin mind,re6ce,Music Content,,False,2025-04-04 16:00:04,38276,1206,112,95.69000000000001,3.1507994565785347,0.2926115581565472,3.443411014735082,162,236.2716049382716,2025-09-14,2025-09-14 03:38:54
O5Rpvx7WsNw,used2go-re6ce ft. @Overpade (official visualiser),used2go-re6ce ft. @Overpade (official visualiser),re6ce,Music Content,,False,2021-11-05 00:00:08,32005,695,49,80.0125,2.171535697547258,0.15310107795656927,2.3246367755038273,1408,22.730823863636363,2025-09-14,2025-09-14 03:38:54
7XhC3I1TlgQ,re6ce-me+u against the world,me+u against the world,re6ce,Music Content,,False,2024-05-31 04:00:05,23748,535,24,59.370000000000005,2.2528212902139124,0.1010611419909045,2.353882432204817,470,50.52765957446808,2025-09-14,2025-09-14 03:38:54
faQzZsa4ipI,wither away-re6ce and shy high,wither away-re6ce and shy high,re6ce,Music Content,,False,2023-09-23 17:05:06,22440,697,34,56.1,3.106060606060606,0.15151515151515152,3.2575757575757573,721,31.123439667128988,2025-09-14,2025-09-14 03:38:54
c4RKgsoRM-w,time2time-re6ce ft. @muchi (official visualiser),time2time-re6ce ft. @muchi (official visualiser),re6ce,Music Content,,False,2022-01-12 05:02:27,21568,491,35,53.92,2.2765207715133533,0.16227744807121663,2.43879821958457,1340,16.095522388059702,2025-09-14,2025-09-14 03:38:54
9ybN8ivubB8,re6ce-köln,köln,re6ce,Music Content,,False,2024-05-10 04:00:10,19775,665,62,49.4375,3.3628318584070795,0.3135271807838179,3.6763590391908973,491,40.27494908350305,2025-09-14,2025-09-14 03:38:54
Fki6RXXlyqY,collision course-re6ce (official visualiser),collision course-re6ce (official visualiser),re6ce,Music Content,,False,2022-03-02 05:00:10,15644,466,28,39.11,2.9787778061876757,0.17898235745333674,3.1577601636410124,1291,12.117738187451588,2025-09-14,2025-09-14 03:38:54
a-R4nzbSDRE,re6ce-skin&bone,skin&bone,re6ce,Music Content,,False,2024-05-31 04:00:00,15609,347,18,39.0225,2.223076430264591,0.11531808571977706,2.3383945159843678,470,33.21063829787234,2025-09-14,2025-09-14 03:38:54
qHg1ixNNaMs,re6ce-so wrong (so right!),so wrong (so right!),re6ce,Music Content,,False,2024-12-06 05:00:47,15355,419,30,38.3875,2.728752849234777,0.19537609899055683,2.9241289482253334,281,54.644128113879006,2025-09-14,2025-09-14 03:38:54
AHx_qLcRo1U,friendship-carwash cover,friendship-carwash cover,re6ce,Music Content,,False,2022-09-28 21:26:19,14539,507,31,36.3475,3.4871724327670406,0.21321961620469082,3.7003920489717315,1081,13.449583718778909,2025-09-14,2025-09-14 03:38:54
3zTRkiHoDPI,re6ce-ISTILLLUVU,ISTILLLUVU,re6ce,Music Content,,False,2024-12-06 05:00:02,14166,507,42,35.415,3.5789919525624736,0.29648454044896233,3.875476493011436,281,50.412811387900355,2025-09-14,2025-09-14 03:38:54
GiswkFnpkU0,re6ce-B0YSD0NT6RY,B0YSD0NT6RY,re6ce,Music Content,,False,2024-12-06 05:00:18,12117,282,22,30.292500000000004,2.327308739787076,0.18156309317487826,2.508871832961954,281,43.120996441281136,2025-09-14,2025-09-14 03:38:54
x8EXmWKyfUM,babydoll by dominic fike but by re6ce actually,babydoll by dominic fike but by re6ce actually,re6ce,Music Content,,False,2023-12-21 20:22:02,9561,456,46,23.9025,4.7693755883275815,0.4811212216295367,5.250496809957118,632,15.128164556962025,2025-09-14,2025-09-14 03:38:54
7IB7XCCy6qs,fwb-brakence cover,fwb-brakence cover,re6ce,Music Content,,False,2022-10-29 16:23:12,9282,338,27,23.205,3.6414565826330536,0.2908855850032321,3.9323421676362855,1050,8.84,2025-09-14,2025-09-14 03:38:54
1Agp-A3xrfQ,saviour-re6ce (unreleased),saviour-re6ce (unreleased),re6ce,Music Content,,False,2025-08-14 18:40:00,3833,384,27,9.5825,10.01826245760501,0.7044090790503522,10.722671536655362,30,127.76666666666667,2025-09-14,2025-09-14 03:38:54
5x13NxXmHUY,new snippet eat up ❤️,new snippet eat up ❤️,re6ce,Music Content,,False,2025-08-17 23:40:43,3345,293,31,8.3625,8.7593423019432,0.9267563527653214,9.686098654708521,27,123.88888888888889,2025-09-14,2025-09-14 03:38:54
9WLHb3Jt_aI,when should i release this somg?,when should i release this somg?,re6ce,Music Content,,False,2025-08-17 08:32:34,3098,234,28,7.744999999999999,7.553260167850226,0.9038089089735314,8.457069076823757,27,114.74074074074075,2025-09-14,2025-09-14 03:38:54
